pathway_rank,pathway,priority_group,n_cell_types_present,cell_types,n_same_direction_celltypes,n_both_FDR05_celltypes,n_convergent_FDR_celltypes,best_cell_type,best_NES_AD,best_NES_PD,best_FDR_AD,best_FDR_PD,best_joint_FDR,median_NES_AD,median_NES_PD,median_conservative_abs_NES,max_conservative_abs_NES,shared_leading_edge_n,shared_leading_edge_genes,union_leading_edge_n,union_leading_edge_genes,candidate_genes_n,candidate_genes,shared_candidate_genes_n,shared_candidate_genes,best_candidate_rank,n_pathways_represented
1,Glycogen storage diseases,R2_single_celltype_AD_PD_FDR,4,Astro;Micro;OPC;Oligo,4,1,1,Astro,-1.8596830182522075,-1.8428353995410056,0.0365821795096945,0.0088222671033835,0.0365821795096945,-1.524306599549616,-1.509634704353357,1.4224657719415224,1.8428353995410056,6,G6PC3;GAA;GYG1;PPP1R3C;SLC37A4;UBA52,12,EPM2A;G6PC3;GAA;GBE1;GYG1;GYS1;PPP1R3C;RPS27A;SLC37A4;UBA52;UBB;UBC,12,GAA;G6PC3;UBA52;RPS27A;SLC37A4;GYS1;EPM2A;UBC;GBE1;GYG1;UBB;PPP1R3C,6,GAA;G6PC3;UBA52;SLC37A4;GYG1;PPP1R3C,37,4
2,Metabolism of amino acids and derivatives,R2_single_celltype_AD_PD_FDR,4,Astro;Micro;OPC;Oligo,4,1,1,Astro,-2.0115476727304844,-1.921671726954135,0.0111080748638427,0.0039737146709781,0.0111080748638427,-1.9508405528733888,-1.0769277349768849,1.0769277349768849,1.921671726954135,114,AADAT;AASS;ADI1;AIMP1;AIMP2;ALDH18A1;ALDH9A1;APIP;ASL;ASRGL1;AZIN2;BCAT1;BCKDK;CARNS1;CBS;CDO1;CKB;CSAD;DDO;DMGDH;DUOX1;ECHS1;EEFSEC;FAH;FAU;FOLH1;GAMT;GCDH;GLUD1;GLUD2;GLUL;GOT1;GOT2;GSR;GSTZ1;HAAO;HSD17B10;HYKK;MCCC1;MCCC2;MTR;NMRAL1;OAT;ODC1;PHYKPL;PIPOX;PSMA4;PSMA5;PSMB2;PSMB3;PSMB4;PSMB7;PSMC1;PSMC3;PSMC4;PSMC5;PSMC6;PSMD11;PSMD12;PSMD13;PSMD14;PSMD2;PSMD7;PSMD8;PYCR3;RIMKLA;RIMKLB;RPL10;RPL10A;RPL13;RPL14;RPL15;RPL18;RPL19;RPL23;RPL27;RPL29;RPL3;RPL35;RPL36;RPL4;RPL6;RPL7A;RPL8;RPLP0;RPS11;RPS13;RPS14;RPS15;RPS15A;RPS16;RPS27A;RPS3;RPS3A;RPS4X;RPS4Y1;RPS5;RPS6;RPS9;RPSA;SAT1;SDS;SDSL;SECISBP2;SERINC3;SERINC5;SIRT5;SLC25A10;SLC25A12;SLC25A13;SLC25A15;SLC25A44;SUOX;UBA52,255,AADAT;AANAT;AASS;ACAD8;ACADSB;ACAT1;ADI1;ADO;ADRM1;AFMID;AGMAT;AHCY;AIMP1;AIMP2;ALDH18A1;ALDH7A1;ALDH9A1;AMD1;AMDHD1;APIP;ARG2;ASL;ASPA;ASRGL1;AZIN1;AZIN2;BCAT1;BCAT2;BCKDHB;BCKDK;BHMT2;CARNMT1;CARNS1;CBS;CDO1;CHDH;CKB;CKMT1A;CKMT2;CPS1;CRAT;CRYM;CSAD;CTH;DAO;DBT;DCT;DDO;DHTKD1;DIO1;DIO2;DLD;DLST;DMGDH;DUOX1;DUOXA1;ECHS1;EEFSEC;ENOPH1;ETHE1;FAH;FAU;FOLH1;GAMT;GATM;GCDH;GLDC;GLS;GLUD1;GLUD2;GLUL;GOT1;GOT2;GPT;GPT2;GRHPR;GSR;GSTZ1;HAAO;HIBADH;HNMT;HPD;HSD17B10;HYKK;IL4I1;IVD;KMO;KYAT1;KYAT3;MCCC1;MCCC2;MPST;MRI1;MTR;MTRR;NAT8L;NMRAL1;NNMT;OAT;OAZ2;ODC1;OGDH;PAH;PAOX;PAPSS1;PAPSS2;PCBD1;PHGDH;PHYKPL;PIPOX;PNMT;PPM1K;PRODH;PSMA1;PSMA3;PSMA4;PSMA5;PSMA7;PSMB1;PSMB2;PSMB3;PSMB4;PSMB5;PSMB6;PSMB7;PSMC1;PSMC2;PSMC3;PSMC4;PSMC5;PSMC6;PSMD1;PSMD11;PSMD12;PSMD13;PSMD14;PSMD2;PSMD3;PSMD6;PSMD7;PSMD8;PSTK;PYCR1;PYCR3;QDPR;RIDA;RIMKLA;RIMKLB;RPL10;RPL10A;RPL11;RPL12;RPL13;RPL13A;RPL14;RPL15;RPL18;RPL18A;RPL19;RPL21;RPL22;RPL23;RPL23A;RPL24;RPL26L1;RPL27;RPL27A;RPL28;RPL29;RPL3;RPL30;RPL31;RPL32;RPL34;RPL35;RPL35A;RPL36;RPL36AL;RPL37;RPL37A;RPL38;RPL39;RPL39L;RPL4;RPL41;RPL5;RPL6;RPL7;RPL7A;RPL8;RPL9;RPLP0;RPLP1;RPLP2;RPS11;RPS12;RPS13;RPS14;RPS15;RPS15A;RPS16;RPS18;RPS2;RPS21;RPS23;RPS24;RPS25;RPS26;RPS27;RPS27A;RPS28;RPS3;RPS3A;RPS4X;RPS4Y1;RPS5;RPS6;RPS7;RPS8;RPS9;RPSA;SAT1;SDS;SDSL;SECISBP2;SEPHS2;SEPSECS;SERINC1;SERINC2;SERINC3;SERINC5;SIRT5;SLC22A4;SLC25A10;SLC25A12;SLC25A13;SLC25A15;SLC25A21;SLC25A44;SLC44A1;SLC44A2;SLC45A2;SLC6A11;SLC7A5;SMOX;SMS;SQOR;SRM;SRR;SUOX;TP53;TST;TXN2;TXNRD1;UBA52,255,PSMC3;HSD17B10;CKB;ADRM1;GRHPR;IVD;GSTZ1;ECHS1;PSMD7;PSMB2;PSMB6;PSMA4;PSMA1;DLST;RPL5;RPS3;GATM;PSMB5;ACAD8;HIBADH;ACAT1;CTH;RPS3A;RPS14;OAT;CRAT;PAPSS1;GSR;GLUD1;HPD;GCDH;DAO;SEPSECS;AZIN2;PSMD2;RPL15;RPS6;PSMD8;PIPOX;GOT1;SAT1;RPS4Y1;DDO;NMRAL1;SECISBP2;PSMB3;PSMB7;CSAD;AADAT;PSMC4;SLC25A12;PSMD3;SERINC5;OAZ2;MTRR;SIRT5;EEFSEC;SDSL;RPL27;CHDH;RIMKLA;ASL;RPS12;UBA52;RPS15A;RPL23;PSMC1;PSMC5;BCKDK;RPS27A;RPS9;AHCY;RPL35A;RPS21;RPL41;BCKDHB;SERINC3;PSMD13;PSMB4;RPS25;SMOX;AASS;PAOX;RPLP0;CDO1;AIMP2;NAT8L;TXN2;RPL4;SUOX;MCCC2;MTR;QDPR;AMD1;RPL6;CARNMT1;PSMD14;AIMP1;ASRGL1;RPS5;GAMT;RPL7;ALDH9A1;PSTK;MCCC1;OGDH;PSMD1;DHTKD1;SLC25A44;ODC1;DCT;SLC25A10;RPL19;CBS;SLC45A2;ARG2;RPL10;RPS13;CARNS1;DUOXA1;CRYM;FAU;RPL29;DUOX1;PHGDH;RPS11;RPS4X;SLC25A15;BCAT1;RPS27;RPL39;DMGDH;SLC7A5;RPL37A;RPL8;DIO2;SEPHS2;HNMT;RPL36AL;RPL18;RPL31;FAH;GOT2;NNMT;APIP;PCBD1;RPS16;TXNRD1;PSMD12;RPSA;PSMA7;RPL14;RPS24;SLC25A21;PSMA5;PHYKPL;SMS;ADI1;PSMD6;ADO;ETHE1;DLD;SLC22A4;RIMKLB;RPL10A;RPS28;GLUL;SLC6A11;PSMC6;MRI1;SDS;CKMT1A;PAPSS2;ASPA;HYKK;RPL39L;FOLH1;PYCR1;RPS26;GLUD2;RPL23A;RPL7A;RPL36;CKMT2;RPS15;RPL38;RPL3;RPL13;IL4I1;HAAO;RPLP1;RPL35;GPT;RPL28;BHMT2;RPS7;RPL32;TP53;ALDH18A1;CPS1;PAH;SLC44A1;SRM;RPL27A;SLC44A2;ALDH7A1;RPL30;SRR;GLDC;RPL26L1;RPS2;RPL24;RPS18;SLC25A13;PSMD11;RPS23;RPL21;PPM1K;ENOPH1;AMDHD1;ACADSB;AZIN1;RPL12;PSMA3;PSMB1;RPL11;GPT2;RIDA;KYAT3;KYAT1;TST;RPS8;RPL34;RPLP2;RPL22;RPL9;GLS;RPL37;SERINC1;RPL13A;MPST;AFMID;BCAT2;DBT;PSMC2;PYCR3;SQOR;RPL18A;DIO1;AANAT;KMO;AGMAT;PNMT;PRODH;SERINC2,114,PSMC3;HSD17B10;CKB;GSTZ1;ECHS1;PSMD7;PSMB2;PSMA4;RPS3;RPS3A;RPS14;OAT;GSR;GLUD1;GCDH;AZIN2;PSMD2;RPL15;RPS6;PSMD8;PIPOX;GOT1;SAT1;RPS4Y1;DDO;NMRAL1;SECISBP2;PSMB3;PSMB7;CSAD;AADAT;PSMC4;SLC25A12;SERINC5;SIRT5;EEFSEC;SDSL;RPL27;RIMKLA;ASL;UBA52;RPS15A;RPL23;PSMC1;PSMC5;BCKDK;RPS27A;RPS9;SERINC3;PSMD13;PSMB4;AASS;RPLP0;CDO1;AIMP2;RPL4;SUOX;MCCC2;MTR;RPL6;PSMD14;AIMP1;ASRGL1;RPS5;GAMT;ALDH9A1;MCCC1;SLC25A44;ODC1;SLC25A10;RPL19;CBS;RPL10;RPS13;CARNS1;FAU;RPL29;DUOX1;RPS11;RPS4X;SLC25A15;BCAT1;DMGDH;RPL8;RPL18;FAH;GOT2;APIP;RPS16;PSMD12;RPSA;RPL14;PSMA5;PHYKPL;ADI1;RIMKLB;RPL10A;GLUL;PSMC6;SDS;HYKK;FOLH1;GLUD2;RPL7A;RPL36;RPS15;RPL3;RPL13;HAAO;RPL35;ALDH18A1;SLC25A13;PSMD11;PYCR3,17,16
3,Cholesterol biosynthesis,R2_single_celltype_AD_PD_FDR,4,Astro;Micro;OPC;Oligo,3,1,1,OPC,-2.582347452656486,-2.065467224822971,0.0,0.0112585982886833,0.0112585982886833,-1.4316372978509624,-1.81791841491383,1.2109673259209233,2.065467224822971,16,ACAT2;DHCR24;EBP;FDFT1;FDPS;HMGCS1;MSMO1;MVD;MVK;NSDHL;PLPP6;PMVK;SC5D;SREBF1;SREBF2;TM7SF2,24,ACAT2;ARV1;DHCR24;DHCR7;EBP;FDFT1;FDPS;HMGCR;HMGCS1;HSD17B7;IDI1;LBR;LSS;MSMO1;MVD;MVK;NSDHL;PLPP6;PMVK;SC5D;SQLE;SREBF1;SREBF2;TM7SF2,24,IDI1;MVK;EBP;DHCR7;TM7SF2;MVD;SREBF2;NSDHL;SC5D;ACAT2;DHCR24;HMGCS1;HMGCR;FDPS;HSD17B7;FDFT1;PMVK;LBR;ARV1;PLPP6;MSMO1;LSS;SQLE;SREBF1,16,MVK;EBP;TM7SF2;MVD;SREBF2;NSDHL;SC5D;ACAT2;DHCR24;HMGCS1;FDPS;FDFT1;PMVK;PLPP6;MSMO1;SREBF1,423,2
19,SARS-CoV-1 modulates host translation machinery,R2_single_celltype_AD_PD_FDR,4,Astro;Micro;OPC;Oligo,2,2,1,Astro,-1.86613692486794,-1.6212037798207064,0.0356203071052835,0.0475384242061508,0.0475384242061508,-1.5388463067351328,0.3684688108136884,1.416379734211516,1.934880377591112,25,EEF1A1;FAU;RPS11;RPS12;RPS13;RPS14;RPS15;RPS15A;RPS16;RPS18;RPS23;RPS24;RPS25;RPS27;RPS27A;RPS28;RPS3;RPS3A;RPS4X;RPS4Y1;RPS5;RPS6;RPS8;RPS9;RPSA,33,EEF1A1;FAU;RPS11;RPS12;RPS13;RPS14;RPS15;RPS15A;RPS16;RPS18;RPS19;RPS2;RPS20;RPS21;RPS23;RPS24;RPS25;RPS26;RPS27;RPS27A;RPS27L;RPS28;RPS29;RPS3;RPS3A;RPS4X;RPS4Y1;RPS5;RPS6;RPS7;RPS8;RPS9;RPSA,33,RPS3;RPS3A;RPS14;RPS19;RPS27L;RPS6;RPS4Y1;RPS12;RPS15A;RPS27A;RPS9;RPS21;RPS25;EEF1A1;RPS5;RPS20;RPS13;FAU;RPS11;RPS4X;RPS27;RPS29;RPS16;RPSA;RPS24;RPS28;RPS26;RPS15;RPS7;RPS2;RPS18;RPS23;RPS8,25,RPS3;RPS3A;RPS14;RPS6;RPS4Y1;RPS12;RPS15A;RPS27A;RPS9;RPS25;EEF1A1;RPS5;RPS13;FAU;RPS11;RPS4X;RPS27;RPS16;RPSA;RPS24;RPS28;RPS15;RPS18;RPS23;RPS8,228,9
25,Attenuation phase,R2_single_celltype_AD_PD_FDR,4,Astro;Micro;OPC;Oligo,2,1,1,Oligo,2.2801984256825505,1.9325658800209915,0.004310850107204,0.0319814001126217,0.0319814001126217,2.2551944206387438,-0.0826918264006825,1.111376502410614,1.9325658800209915,15,COL4A6;DEDD2;DNAJB1;DNAJB6;EP300;FKBP4;HSP90AA1;HSP90AB1;HSPA1L;HSPA8;HSPB1;HSPH1;MRPL18;PTGES3;UBB,23,COL4A6;CREBBP;DEDD2;DNAJB1;DNAJB6;EP300;FKBP4;HSBP1;HSF1;HSP90AA1;HSP90AB1;HSPA1A;HSPA1B;HSPA1L;HSPA2;HSPA8;HSPB1;HSPH1;MRPL18;PTGES3;SERPINH1;TNFRSF21;UBB,23,HSP90AA1;HSPA1A;SERPINH1;DEDD2;HSF1;TNFRSF21;HSPH1;PTGES3;DNAJB1;HSPB1;FKBP4;DNAJB6;MRPL18;HSPA1L;EP300;HSPA2;CREBBP;COL4A6;HSPA1B;UBB;HSBP1;HSPA8;HSP90AB1,15,HSP90AA1;DEDD2;HSPH1;PTGES3;DNAJB1;HSPB1;FKBP4;DNAJB6;MRPL18;HSPA1L;EP300;COL4A6;UBB;HSPA8;HSP90AB1,192,1
28,Major pathway of rRNA processing in the nucleolus and cytosol,R2_single_celltype_AD_PD_FDR,4,Astro;Micro;OPC;Oligo,1,1,1,Astro,-1.8906476429657235,-1.891443623997533,0.0303713797371269,0.0054043930409792,0.0303713797371269,-1.6775648233872875,0.1388019145403159,0.9101240183537364,1.8906476429657235,81,BOP1;BYSL;CSNK1D;CSNK1E;DHX37;EXOSC5;EXOSC6;EXOSC8;FAU;FCF1;GNL3;IMP4;LAS1L;MPHOSPH10;NOC4L;NOL9;PES1;RBM28;RPL10;RPL10A;RPL13;RPL14;RPL15;RPL18;RPL19;RPL21;RPL23A;RPL27;RPL28;RPL29;RPL3;RPL30;RPL31;RPL32;RPL34;RPL35;RPL35A;RPL36;RPL36AL;RPL37;RPL37A;RPL38;RPL4;RPL41;RPL5;RPL6;RPL7A;RPL8;RPL9;RPLP1;RPLP2;RPP25;RPS11;RPS12;RPS13;RPS14;RPS15;RPS15A;RPS16;RPS18;RPS23;RPS24;RPS25;RPS27A;RPS28;RPS29;RPS3;RPS3A;RPS4X;RPS4Y1;RPS6;RPS8;RPS9;RPSA;RRP9;UBA52;UTP11;UTP14C;UTP6;WDR12;XRN2,165,BMS1;BOP1;BUD23;BYSL;C1D;CSNK1D;CSNK1E;DCAF13;DDX21;DDX49;DDX52;DHX37;DIS3;EBNA1BP2;ERI1;EXOSC1;EXOSC10;EXOSC2;EXOSC4;EXOSC5;EXOSC6;EXOSC8;EXOSC9;FAU;FBL;FCF1;FTSJ3;GNL3;HEATR1;IMP3;IMP4;ISG20L2;KRR1;LAS1L;LTV1;MPHOSPH10;MPHOSPH6;MTREX;NCL;NOB1;NOC4L;NOL11;NOL6;NOL9;NOP14;NOP56;NOP58;PDCD11;PELP1;PES1;PNO1;RBM28;RCL1;RIOK1;RIOK2;RIOK3;RPL10;RPL10A;RPL11;RPL12;RPL13;RPL13A;RPL14;RPL15;RPL18;RPL18A;RPL19;RPL21;RPL22;RPL22L1;RPL23;RPL23A;RPL24;RPL26L1;RPL27;RPL27A;RPL28;RPL29;RPL3;RPL30;RPL31;RPL32;RPL34;RPL35;RPL35A;RPL36;RPL36AL;RPL37;RPL37A;RPL38;RPL39;RPL39L;RPL4;RPL41;RPL5;RPL6;RPL7;RPL7A;RPL8;RPL9;RPLP0;RPLP1;RPLP2;RPP14;RPP25;RPP30;RPP38;RPP40;RPS11;RPS12;RPS13;RPS14;RPS15;RPS15A;RPS16;RPS18;RPS19;RPS2;RPS20;RPS21;RPS23;RPS24;RPS25;RPS26;RPS27;RPS27A;RPS27L;RPS28;RPS29;RPS3;RPS3A;RPS4X;RPS4Y1;RPS5;RPS6;RPS7;RPS8;RPS9;RPSA;RRP1;RRP36;RRP7A;RRP9;SNU13;TBL3;TEX10;TSR1;UBA52;UTP11;UTP14A;UTP14C;UTP15;UTP18;UTP20;UTP25;UTP3;UTP4;UTP6;WDR12;WDR18;WDR36;WDR43;WDR46;WDR75;XRN2,165,FBL;RPL5;RPS3;RPS3A;RPS14;RPS19;UTP6;RPS27L;RPL15;NOC4L;RPS6;RPS4Y1;LAS1L;EXOSC1;WDR36;UTP20;RPL27;RPS12;UBA52;RPS15A;RPL23;RPS27A;RPS9;RPL35A;RPS21;RPL41;RPS25;RRP9;IMP4;RPLP0;EXOSC8;SNU13;RPL4;BMS1;RPL6;WDR46;PELP1;RPS5;RPL7;RPS20;DDX49;EXOSC10;TBL3;CSNK1D;RRP36;NOL9;TEX10;RIOK2;DIS3;PDCD11;RPP14;KRR1;WDR75;RPL19;RPL10;RPS13;FAU;RPL29;RPS11;RPS4X;RPS27;RPL39;RPL37A;CSNK1E;RPL8;UTP4;RPL36AL;NOB1;EXOSC6;RPL18;RPL31;RPS29;ISG20L2;RPS16;RPSA;RPL14;FTSJ3;PES1;RPS24;MPHOSPH6;RCL1;RPL22L1;NOL11;RRP1;UTP14A;NOP56;LTV1;RRP7A;EXOSC9;RPP30;RPL10A;RPS28;EBNA1BP2;DDX21;HEATR1;RIOK1;PNO1;DHX37;RIOK3;RPL39L;RPS26;RPL23A;RPL7A;RPL36;RPS15;RPL38;RPL3;RPL13;BYSL;RPLP1;EXOSC2;RPL35;GNL3;BOP1;RPL28;EXOSC5;RPS7;RPL32;UTP15;WDR12;EXOSC4;RPL27A;UTP14C;RPL30;ERI1;NOP58;RPP40;RPL26L1;RPS2;RPL24;RPS18;DCAF13;RPP38;RPS23;RPL21;NOP14;XRN2;RPL12;C1D;UTP18;TSR1;MPHOSPH10;DDX52;IMP3;RPL11;WDR43;NOL6;RBM28;FCF1;UTP25;BUD23;MTREX;RPS8;WDR18;RPL34;NCL;RPLP2;RPL22;RPL9;RPL37;UTP11;RPL13A;UTP3;RPP25;RPL18A,81,RPL5;RPS3;RPS3A;RPS14;UTP6;RPL15;NOC4L;RPS6;RPS4Y1;LAS1L;RPL27;RPS12;UBA52;RPS15A;RPS27A;RPS9;RPL35A;RPL41;RPS25;RRP9;IMP4;EXOSC8;RPL4;RPL6;CSNK1D;NOL9;RPL19;RPL10;RPS13;FAU;RPL29;RPS11;RPS4X;RPL37A;CSNK1E;RPL8;RPL36AL;EXOSC6;RPL18;RPL31;RPS29;RPS16;RPSA;RPL14;PES1;RPS24;RPL10A;RPS28;DHX37;RPL23A;RPL7A;RPL36;RPS15;RPL38;RPL3;RPL13;BYSL;RPLP1;RPL35;GNL3;BOP1;RPL28;EXOSC5;RPL32;WDR12;UTP14C;RPL30;RPS18;RPS23;RPL21;XRN2;MPHOSPH10;RBM28;FCF1;RPS8;RPL34;RPLP2;RPL9;RPL37;UTP11;RPP25,218,4
30,Heme signaling,R3_recurrent_directional,4,Astro;Micro;OPC;Oligo,4,0,0,OPC,1.942614100965625,1.722842552495333,0.055981751167904,0.1773718690050892,0.1773718690050892,1.810292544169295,1.6989952204010874,1.662252009115056,1.722842552495333,29,ATF2;CHD9;CLOCK;CREB1;CREBBP;CRTC3;EP300;HDAC3;LY96;MAFK;NCOA1;NCOA2;NCOR1;NFE2L2;NPAS2;NR1D1;NRIP1;PGRMC2;PPARA;RAI1;RORA;RXRA;SIRT1;SLC46A1;SMARCD3;TBL1X;TBL1XR1;TGS1;XPO1,40,ATF2;BACH1;CARM1;CHD9;CLOCK;CREB1;CREBBP;CRTC1;CRTC2;CRTC3;EP300;HDAC3;HELZ2;HMOX1;LY96;MAFK;MED1;MEF2C;MEF2D;NCOA1;NCOA2;NCOA6;NCOR1;NFE2L2;NPAS2;NR1D1;NRIP1;PGRMC2;PPARA;PPARGC1A;RAI1;RORA;RXRA;SIRT1;SLC46A1;SMARCD3;TBL1X;TBL1XR1;TGS1;XPO1,40,NFE2L2;NR1D1;MEF2C;ATF2;PGRMC2;RXRA;CREB1;CLOCK;NCOA1;NPAS2;SLC46A1;SIRT1;EP300;NRIP1;SMARCD3;NCOA2;HDAC3;CRTC3;XPO1;TBL1XR1;TBL1X;CHD9;LY96;PPARA;MAFK;TGS1;BACH1;RORA;RAI1;CRTC2;CREBBP;NCOA6;NCOR1;MED1;HELZ2;CARM1;PPARGC1A;CRTC1;MEF2D;HMOX1,29,NFE2L2;NR1D1;ATF2;PGRMC2;RXRA;CREB1;CLOCK;NCOA1;NPAS2;SLC46A1;SIRT1;EP300;NRIP1;SMARCD3;NCOA2;HDAC3;CRTC3;XPO1;TBL1XR1;TBL1X;CHD9;LY96;PPARA;MAFK;TGS1;RORA;RAI1;CREBBP;NCOR1,626,6
32,Interferon alpha/beta signaling,R3_recurrent_directional,4,Astro;Micro;OPC;Oligo,4,0,0,OPC,-1.9569473779395032,-1.9501398274739108,0.0500588773212166,0.0194364856028513,0.0500588773212166,-1.5523758097474758,-1.9967978086679516,1.5523758097474758,1.9501398274739108,23,EGR1;EIF2AK2;HLA-B;HLA-C;HLA-E;IFI6;IFIT1;IFIT3;IRF3;IRF7;KPNB1;MX1;MX2;OAS1;OAS3;PTPN1;PTPN11;RSAD2;SAMHD1;STAT1;STAT2;UBA52;USP18,53,ADAR;BST2;EGR1;EIF2AK2;GBP2;HLA-A;HLA-B;HLA-C;HLA-E;HLA-F;IFI27;IFI35;IFI6;IFIT1;IFIT2;IFIT3;IFITM2;IFITM3;IFNAR1;IP6K2;IRF1;IRF2;IRF3;IRF5;IRF7;IRF8;ISG15;ISG20;JAK1;KPNB1;MX1;MX2;OAS1;OAS2;OAS3;OASL;PSMB8;PTPN1;PTPN11;PTPN6;RNASEL;RPS27A;RSAD2;SAMHD1;SOCS3;STAT1;STAT2;TYK2;UBA52;UBB;UBC;USP18;XAF1,53,KPNB1;PTPN11;HLA-E;IFNAR1;OAS1;HLA-C;IFI6;STAT1;IRF7;EIF2AK2;RSAD2;MX1;IFIT1;UBA52;RPS27A;HLA-B;STAT2;IRF3;PTPN1;IFIT3;HLA-F;ISG15;IFIT2;XAF1;USP18;UBC;ISG20;IFI27;HLA-A;IRF1;IFI35;RNASEL;ADAR;EGR1;SOCS3;GBP2;MX2;OAS3;IFITM3;UBB;BST2;SAMHD1;TYK2;PTPN6;OAS2;IRF2;IP6K2;JAK1;PSMB8;IFITM2;OASL;IRF5;IRF8,23,KPNB1;PTPN11;HLA-E;OAS1;HLA-C;IFI6;STAT1;IRF7;EIF2AK2;RSAD2;MX1;IFIT1;UBA52;HLA-B;STAT2;IRF3;PTPN1;IFIT3;USP18;EGR1;MX2;OAS3;SAMHD1,42,1
34,Cohesin Loading onto Chromatin,R3_recurrent_directional,4,Astro;Micro;OPC;Oligo,4,0,0,Astro,1.4441839211717955,1.48117144519972,0.2389332249187152,0.4340436939246029,0.4340436939246029,1.4147846161277893,1.5337396940971422,1.4147846161277893,1.4528025316764055,9,NIPBL;PDS5A;PDS5B;RAD21;SMC1A;SMC3;STAG1;STAG2;WAPL,10,MAU2;NIPBL;PDS5A;PDS5B;RAD21;SMC1A;SMC3;STAG1;STAG2;WAPL,10,PDS5B;PDS5A;NIPBL;RAD21;STAG1;STAG2;SMC3;SMC1A;MAU2;WAPL,9,PDS5B;PDS5A;NIPBL;RAD21;STAG1;STAG2;SMC3;SMC1A;WAPL,1810,2
38,Gluconeogenesis,R3_recurrent_directional,4,Astro;Micro;OPC;Oligo,4,0,0,OPC,-1.644939474989911,-1.7578686409159152,0.1353709667450112,0.0886183463099818,0.1353709667450112,-1.416262093007456,-1.733933387301879,1.343540514121215,1.644939474989911,7,ENO2;G6PC3;GAPDH;GPI;PGAM1;SLC37A4;TPI1,14,ENO1;ENO2;ENO4;FBP1;G6PC3;GAPDH;GAPDHS;GPI;PC;PGAM1;PGK1;SLC37A1;SLC37A4;TPI1,14,GAPDH;PGAM1;ENO1;PC;GAPDHS;G6PC3;SLC37A1;SLC37A4;ENO4;TPI1;ENO2;GPI;FBP1;PGK1,7,GAPDH;PGAM1;G6PC3;SLC37A4;TPI1;ENO2;GPI,9,2
39,Glycosphingolipid catabolism,R3_recurrent_directional,4,Astro;Micro;OPC;Oligo,4,0,0,OPC,-1.6982940232642367,-1.9333519635730607,0.1065377911526637,0.0221811190165104,0.1065377911526637,-1.726477229776629,-1.3201935094899837,1.3201935094899837,1.6982940232642367,16,ARSD;ARSG;ARSI;CTSA;GBA2;GLA;GLB1;GLB1L;GLB1L2;GM2A;M6PR;NEU3;NEU4;SMPD1;STS;SUMF2,25,ARSA;ARSD;ARSF;ARSG;ARSI;ASAH1;CTSA;GALC;GBA2;GLA;GLB1;GLB1L;GLB1L2;GM2A;HEXB;M6PR;NEU1;NEU3;NEU4;SMPD1;SMPD2;SMPD3;STS;SUMF1;SUMF2,25,SUMF2;ASAH1;HEXB;ARSG;ARSD;SUMF1;GLA;SMPD2;STS;CTSA;GBA2;GLB1;SMPD1;ARSI;GLB1L;SMPD3;NEU4;ARSA;NEU3;M6PR;GLB1L2;GM2A;NEU1;GALC;ARSF,16,SUMF2;ARSG;ARSD;GLA;STS;CTSA;GBA2;GLB1;SMPD1;ARSI;GLB1L;NEU4;NEU3;M6PR;GLB1L2;GM2A,77,3
40,RAC3 GTPase cycle,R3_recurrent_directional,4,Astro;Micro;OPC;Oligo,4,0,0,Astro,1.728756307072649,1.438093988214024,0.0861149042384331,0.4832810067434934,0.4832810067434934,1.313671575424693,1.4866122154188806,1.313671575424693,1.438093988214024,30,ARAP2;ARHGAP15;ARHGAP17;ARHGAP21;ARHGAP32;ARHGAP35;ARHGAP39;ARHGAP5;CAV1;CYFIP1;EPHA2;ERBIN;JAG1;LEMD3;NCKAP1;NCKAP1L;NHS;NOXA1;PGRMC2;RACGAP1;RAPGEF1;SLITRK5;SNAP23;SWAP70;TAOK3;TMPO;TRIO;VAMP3;VANGL1;VRK2,76,ABI1;ABI2;ABL2;ABR;AMIGO2;ARAP2;ARHGAP1;ARHGAP15;ARHGAP17;ARHGAP21;ARHGAP26;ARHGAP32;ARHGAP35;ARHGAP39;ARHGAP42;ARHGAP5;BAIAP2;BAIAP2L1;BCR;CAV1;CDC42EP1;CYBA;CYFIP1;DEPDC1B;DIAPH3;EMD;EPHA2;ERBIN;ESYT1;FERMT2;GIT1;GIT2;ITGB1;JAG1;LAMTOR1;LBR;LEMD3;LMAN1;MCAM;MPP7;NCF1;NCF2;NCF4;NCKAP1;NCKAP1L;NHS;NOXA1;OCRL;OPHN1;PAK1;PAK2;PAK4;PGRMC2;PIK3R1;PREX1;RAB7A;RAC3;RACGAP1;RAPGEF1;SLITRK3;SLITRK5;SNAP23;SRGAP2;SWAP70;TAOK3;TFRC;TIAM1;TMPO;TRIO;VAMP3;VANGL1;VAV2;VRK2;WASF1;WASF2;YKT6,76,SNAP23;EPHA2;PIK3R1;RAPGEF1;VAMP3;RAB7A;RACGAP1;LMAN1;JAG1;MPP7;SLITRK5;TMPO;RAC3;YKT6;ARHGAP39;ARHGAP5;PGRMC2;WASF1;NHS;NCKAP1;ABI2;FERMT2;ABI1;PAK2;TFRC;ESYT1;ARAP2;EMD;ARHGAP17;LEMD3;ARHGAP32;CYFIP1;ARHGAP21;VAV2;ARHGAP26;GIT2;ITGB1;CAV1;ARHGAP15;NOXA1;NCKAP1L;VRK2;LAMTOR1;BAIAP2;GIT1;TRIO;TIAM1;ABR;LBR;SWAP70;PAK1;ARHGAP35;ABL2;OCRL;PREX1;PAK4;DEPDC1B;MCAM;NCF2;VANGL1;BAIAP2L1;WASF2;CDC42EP1;TAOK3;ARHGAP42;BCR;DIAPH3;SRGAP2;CYBA;OPHN1;ERBIN;ARHGAP1;AMIGO2;NCF4;NCF1;SLITRK3,30,SNAP23;EPHA2;RAPGEF1;VAMP3;RACGAP1;JAG1;SLITRK5;TMPO;ARHGAP39;ARHGAP5;PGRMC2;NHS;NCKAP1;ARAP2;ARHGAP17;LEMD3;ARHGAP32;CYFIP1;ARHGAP21;CAV1;ARHGAP15;NOXA1;NCKAP1L;VRK2;TRIO;SWAP70;ARHGAP35;VANGL1;TAOK3;ERBIN,71,3
41,Vif-mediated degradation of APOBEC3G,R3_recurrent_directional,4,Astro;Micro;OPC;Oligo,4,0,0,Astro,-1.2719048512762785,-2.3803694053061983,0.5083778957739632,0.0,0.5083778957739632,-1.368240812718203,-1.75975935993904,1.2886975462615686,1.4309913841895474,23,ADRM1;PSMA4;PSMA5;PSMA7;PSMB2;PSMB3;PSMB4;PSMB6;PSMB7;PSMC1;PSMC3;PSMC4;PSMC5;PSMC6;PSMD1;PSMD12;PSMD13;PSMD14;PSMD2;PSMD3;PSMD7;PSMD8;UBA52,38,ADRM1;APOBEC3G;CUL5;ELOB;ELOC;PSMA1;PSMA3;PSMA4;PSMA5;PSMA7;PSMB1;PSMB2;PSMB3;PSMB4;PSMB5;PSMB6;PSMB7;PSMC1;PSMC2;PSMC3;PSMC4;PSMC5;PSMC6;PSMD1;PSMD11;PSMD12;PSMD13;PSMD14;PSMD2;PSMD3;PSMD6;PSMD7;PSMD8;RBX1;RPS27A;UBA52;UBB;UBC,38,PSMC3;ADRM1;PSMD7;PSMB2;PSMB6;PSMA4;PSMA1;PSMB5;PSMD2;PSMD8;PSMB3;PSMB7;PSMC4;PSMD3;UBA52;PSMC1;PSMC5;RPS27A;PSMD13;PSMB4;RBX1;PSMD14;PSMD1;UBC;PSMD12;PSMA7;PSMA5;PSMD6;APOBEC3G;PSMC6;CUL5;UBB;PSMD11;PSMA3;PSMB1;ELOB;ELOC;PSMC2,23,PSMC3;ADRM1;PSMD7;PSMB2;PSMB6;PSMA4;PSMD2;PSMD8;PSMB3;PSMB7;PSMC4;PSMD3;UBA52;PSMC1;PSMC5;PSMD13;PSMB4;PSMD14;PSMD1;PSMD12;PSMA7;PSMA5;PSMC6,17,93
43,Interferon Signaling,R3_recurrent_directional,4,Astro;Micro;OPC;Oligo,4,0,0,OPC,-1.3178876897798577,-1.512359289237177,0.3702306458791644,0.2467843381487278,0.3702306458791644,-1.2495383202940105,-1.5605360762317912,1.2495383202940105,1.3178876897798577,99,ACTG1;BECN1;CAMK2A;CD44;DDX58;DHX9;DNAJC3;EGR1;EIF2AK2;EIF2S3;EIF3A;EIF3B;EIF3E;EIF3J;EIF3L;EIF4A2;FAAP100;FANCA;FANCB;FANCC;FANCM;FKBP5;GBP4;HERC5;HLA-B;HLA-C;HLA-DPB1;HLA-E;HLA-F;HSPA1A;IFI44;IFI44L;IFI6;IFIH1;IFIT1;IFIT3;IFIT5;IKBKB;IKBKG;ILF3;IRF3;IRF7;ISG20;JAK1;JAK2;KPNA2;KPNB1;MAPK3;MAPT;MT2A;MX1;MX2;NCK1;NDC1;NEDD4;NUP107;NUP133;NUP214;NUP43;NUP88;NUP93;NUP98;OAS1;OAS3;PIAS1;PIM1;PRKRA;PTPN11;PTPN2;RANBP2;RNASEL;RPS15A;RPS27A;RPS27L;RPS4Y1;RPS6;RPSA;RSAD2;SAMHD1;SEC13;SEH1L;SKP1;SMAD7;SOCS3;STAT1;STAT2;TPR;TRIM3;TRIM38;TRIM45;TRIM8;TUBA1B;TUBA1C;TUBB4A;TUBB4B;TUBB8;UBA52;UBA7;USP18,253,AAAS;ABCE1;ACTB;ACTG1;ADAR;ARIH1;ATF6;B2M;BECN1;BST2;CAMK2A;CAMK2B;CAMK2D;CAMK2G;CD44;CENPX;CHUK;CIITA;CUL1;DDX58;DHX9;DNAJC3;DUS2;EGR1;EIF1AX;EIF2AK2;EIF2AK3;EIF2S1;EIF2S2;EIF2S3;EIF3A;EIF3B;EIF3C;EIF3D;EIF3E;EIF3F;EIF3G;EIF3H;EIF3I;EIF3J;EIF3K;EIF3L;EIF3M;EIF4A2;EIF4A3;EIF4E;EIF4E2;EIF4G1;EIF4G2;EIF4G3;FAAP100;FANCA;FANCB;FANCC;FANCE;FANCG;FANCL;FANCM;FAU;FKBP5;FLNA;FNTB;FURIN;GBP1;GBP2;GBP3;GBP4;HERC5;HLA-A;HLA-B;HLA-C;HLA-DPA1;HLA-DPB1;HLA-DQA1;HLA-DRA;HLA-DRB1;HLA-E;HLA-F;HSPA1A;HSPA1L;HSPA5;HSPA8;ICAM1;IFI27;IFI35;IFI44;IFI44L;IFI6;IFIH1;IFIT1;IFIT2;IFIT3;IFIT5;IFITM2;IFITM3;IFNA2;IFNGR2;IKBKB;IKBKG;ILF2;ILF3;IP6K2;IRF1;IRF2;IRF3;IRF5;IRF7;IRF8;ISG15;ISG20;JAK1;JAK2;KPNA2;KPNA3;KPNA5;KPNB1;MAPK1;MAPK3;MAPT;MAVS;MID1;MT2A;MX1;MX2;NCAM1;NCK1;NDC1;NEDD4;NPM1;NUP107;NUP133;NUP153;NUP160;NUP188;NUP205;NUP210;NUP214;NUP35;NUP43;NUP50;NUP54;NUP58;NUP85;NUP88;NUP93;NUP98;OAS1;OAS2;OAS3;PDE12;PGGT1B;PIAS1;PIM1;PIN1;PLCG1;PML;POM121;POM121C;PPP2CB;PPP2R1A;PPP2R1B;PPP2R5A;PRKCD;PRKRA;PTAFR;PTPN1;PTPN11;PTPN2;PTPN6;RAF1;RANBP2;RNASEL;RPS11;RPS12;RPS13;RPS14;RPS15;RPS15A;RPS18;RPS2;RPS20;RPS21;RPS23;RPS24;RPS25;RPS26;RPS27;RPS27A;RPS27L;RPS28;RPS29;RPS3;RPS3A;RPS4X;RPS4Y1;RPS5;RPS6;RPS7;RPS8;RPS9;RPSA;RSAD2;SAMHD1;SEC13;SEH1L;SKP1;SMAD7;SNCA;SOCS3;SP100;SPHK1;STAT1;STAT2;STAT3;SUMO1;TARBP2;TP53;TPR;TRIM14;TRIM2;TRIM21;TRIM22;TRIM25;TRIM26;TRIM3;TRIM35;TRIM38;TRIM45;TRIM46;TRIM5;TRIM62;TRIM68;TRIM8;TUBA1A;TUBA1B;TUBA1C;TUBA4A;TUBB2A;TUBB2B;TUBB4A;TUBB4B;TUBB8;TYK2;UBA52;UBA7;UBB;UBC;UBE2I;UBE2L6;UBE2N;USP18;XAF1;YBX1,253,IKBKG;KPNB1;CAMK2A;PTPN11;NCK1;RPS3;EIF3J;PIN1;NUP35;HLA-E;SNCA;EIF2S2;EIF1AX;B2M;RPS3A;RPS14;EIF4A3;EIF4G2;STAT3;TARBP2;ATF6;TRIM3;IFIH1;HSPA1A;FANCL;HSPA5;HERC5;OAS1;NCAM1;HLA-C;IFI6;STAT1;FAAP100;FKBP5;RPS27L;NEDD4;RPS6;FANCM;TRIM8;BECN1;RPS4Y1;TUBA1C;IRF7;NUP93;EIF3G;EIF3E;NUP107;PPP2CB;NUP214;EIF2AK2;MAPK1;SEH1L;KPNA5;EIF3M;NUP54;RSAD2;PIM1;MX1;CD44;TUBB4A;UBA7;IFIT1;MAPT;FANCA;RPS12;UBA52;RPS15A;RPS27A;TUBB2A;RPS9;RPS21;TUBA1B;HLA-B;SMAD7;TRIM26;FANCG;RPS25;SEC13;FANCC;MAPK3;TRIM14;NUP50;KPNA2;NDC1;NUP43;PTPN2;HSPA1L;UBE2L6;NUP153;DDX58;STAT2;JAK2;HLA-DPB1;IFI44;EIF3L;ILF2;ILF3;CUL1;DNAJC3;IRF3;EIF3B;PIAS1;IKBKB;FNTB;RPS5;CAMK2D;PML;NUP133;RPS20;EIF3D;TRIM25;NUP88;PGGT1B;PTPN1;TRIM22;EIF3I;POM121;NUP160;UBE2I;CHUK;EIF4A2;KPNA3;NUP188;IFI44L;IFIT3;TUBB4B;HLA-F;ISG15;RPS13;IFIT2;XAF1;USP18;FAU;PTAFR;RPS11;RPS4X;TUBB2B;RPS27;FANCB;UBC;ISG20;IFI27;HLA-A;IRF1;AAAS;RANBP2;TRIM46;TRIM62;ACTG1;IFI35;DUS2;PPP2R1A;MT2A;RPS29;PDE12;RPSA;RPS24;ABCE1;TRIM68;RNASEL;SKP1;MID1;IFIT5;HLA-DRA;RPS28;EIF3K;PRKRA;CAMK2G;RAF1;EIF4G1;PPP2R5A;PPP2R1B;EIF3A;YBX1;ARIH1;EIF4G3;ADAR;EIF4E2;ACTB;NUP58;EIF2AK3;EGR1;SOCS3;ICAM1;HLA-DQA1;GBP2;GBP4;MX2;OAS3;TUBB8;RPS26;TRIM45;RPS15;GBP1;IFITM3;FANCE;UBB;TRIM5;TRIM35;BST2;SP100;RPS7;TRIM38;SAMHD1;TUBA1A;TP53;IFNGR2;TYK2;PTPN6;TRIM2;CAMK2B;NUP98;OAS2;RPS2;SPHK1;DHX9;TPR;RPS18;IRF2;TRIM21;SUMO1;FURIN;RPS23;NUP205;EIF3H;IP6K2;POM121C;EIF2S3;EIF3F;JAK1;EIF3C;CENPX;HSPA8;FLNA;RPS8;CIITA;NPM1;MAVS;EIF2S1;PLCG1;UBE2N;NUP85;NUP210;EIF4E;TUBA4A;IFITM2;PRKCD;GBP3;IFNA2;HLA-DRB1;IRF5;IRF8;HLA-DPA1,99,IKBKG;KPNB1;CAMK2A;PTPN11;NCK1;EIF3J;HLA-E;TRIM3;IFIH1;HSPA1A;HERC5;OAS1;HLA-C;IFI6;STAT1;FAAP100;FKBP5;RPS27L;NEDD4;RPS6;FANCM;TRIM8;BECN1;RPS4Y1;TUBA1C;IRF7;NUP93;EIF3E;NUP107;NUP214;EIF2AK2;SEH1L;RSAD2;PIM1;MX1;CD44;TUBB4A;UBA7;IFIT1;MAPT;FANCA;UBA52;RPS15A;RPS27A;TUBA1B;HLA-B;SMAD7;SEC13;FANCC;MAPK3;KPNA2;NDC1;NUP43;PTPN2;DDX58;STAT2;JAK2;HLA-DPB1;IFI44;EIF3L;ILF3;DNAJC3;IRF3;EIF3B;PIAS1;IKBKB;NUP133;NUP88;EIF4A2;IFI44L;IFIT3;TUBB4B;HLA-F;USP18;FANCB;ISG20;RANBP2;ACTG1;MT2A;RPSA;RNASEL;SKP1;IFIT5;PRKRA;EIF3A;EGR1;SOCS3;GBP4;MX2;OAS3;TUBB8;TRIM45;TRIM38;SAMHD1;NUP98;DHX9;TPR;EIF2S3;JAK1,22,3
45,"Gamma carboxylation, hypusinylation, hydroxylation, and arylsulfatase activation",R3_recurrent_directional,4,Astro;Micro;OPC;Oligo,4,0,0,OPC,-1.6175094480027208,-1.396241605643771,0.1551259020813148,0.3569798392840163,0.3569798392840163,-1.3730885814845768,-1.2419442302748418,1.2419442302748418,1.396241605643771,17,ARSA;ARSD;ARSG;ARSI;DPH2;DPH6;EEF2;EIF5A2;F8;FN3K;FN3KRP;RCCD1;RIOX2;RPS6;STS;SUMF1;SUMF2,44,ARSA;ARSB;ARSD;ARSF;ARSG;ARSI;ASPH;DNAJC24;DOHH;DPH1;DPH2;DPH3;DPH6;DPH7;DRG1;DRG2;EEF2;EIF5A;EIF5A2;ETF1;F8;FN3K;FN3KRP;FURIN;GAS6;GGCX;ICMT;JMJD4;JMJD6;KDM8;PROS1;RCCD1;RIOX2;RPL27A;RPL8;RPS23;RPS6;RWDD1;STS;SUMF1;SUMF2;TPST2;U2AF2;ZC3H15,44,SUMF2;EIF5A;ASPH;GAS6;TPST2;PROS1;ARSG;RPS6;ARSD;KDM8;DPH6;F8;SUMF1;DPH7;JMJD6;STS;EIF5A2;RCCD1;EEF2;DPH2;DPH1;JMJD4;FN3KRP;GGCX;DNAJC24;ARSI;RPL8;ARSA;DPH3;FN3K;ETF1;ICMT;RPL27A;DRG2;FURIN;RPS23;RWDD1;RIOX2;DOHH;ZC3H15;ARSB;U2AF2;DRG1;ARSF,17,SUMF2;ARSG;RPS6;ARSD;DPH6;F8;SUMF1;STS;EIF5A2;RCCD1;EEF2;DPH2;FN3KRP;ARSI;ARSA;FN3K;RIOX2,77,2
46,Sulfur amino acid metabolism,R3_recurrent_directional,4,Astro;Micro;OPC;Oligo,4,0,0,Astro,-1.232932542043352,-1.6014734904484624,0.5674611865822425,0.0533473699839543,0.5674611865822425,-1.2416950495309438,-1.5839837587611498,1.2416950495309438,1.5734991654254846,11,ADI1;APIP;CBS;CDO1;CSAD;GOT1;GOT2;MTR;SLC25A10;SUOX;TXN2,22,ADI1;ADO;AHCY;APIP;BHMT2;CBS;CDO1;CSAD;CTH;ENOPH1;ETHE1;GOT1;GOT2;MPST;MRI1;MTR;MTRR;SLC25A10;SQOR;SUOX;TST;TXN2,22,CTH;GOT1;CSAD;MTRR;AHCY;CDO1;TXN2;SUOX;MTR;SLC25A10;CBS;GOT2;APIP;ADI1;ADO;ETHE1;MRI1;BHMT2;ENOPH1;TST;MPST;SQOR,11,GOT1;CSAD;CDO1;TXN2;SUOX;MTR;SLC25A10;CBS;GOT2;APIP;ADI1,433,2
47,Citric acid cycle (TCA cycle),R3_recurrent_directional,4,Astro;Micro;OPC;Oligo,4,0,0,OPC,-1.591752330436949,-1.4471834585610588,0.1673705351255819,0.3116069134563751,0.3116069134563751,-1.2051683421196713,-1.864341552822396,1.2051683421196713,1.4471834585610588,18,ACO2;CS;FH;IDH2;IDH3A;IDH3B;IDH3G;ISCA2;ISCU;MDH2;NFS1;OGDH;SDHAF1;SDHAF3;SIRT3;SUCLA2;SUCLG1;SUCLG2,30,ACAT1;ACO2;CS;CSKMT;DLD;DLST;FH;IDH2;IDH3A;IDH3B;IDH3G;ISCA1;ISCA2;ISCU;LYRM4;MDH2;NFS1;NNT;OGDH;SDHA;SDHAF1;SDHAF3;SDHAF4;SDHB;SDHC;SIRT3;SUCLA2;SUCLG1;SUCLG2;TRAP1,30,DLST;SDHAF4;ACAT1;ISCU;IDH3G;NFS1;SIRT3;CS;SUCLG2;IDH3B;ACO2;SUCLG1;OGDH;LYRM4;TRAP1;SDHAF1;MDH2;FH;IDH3A;DLD;ISCA2;SDHB;SDHC;SDHAF3;SUCLA2;IDH2;NNT;CSKMT;SDHA;ISCA1,18,ISCU;IDH3G;NFS1;SIRT3;CS;SUCLG2;IDH3B;ACO2;SUCLG1;OGDH;SDHAF1;MDH2;FH;IDH3A;ISCA2;SDHAF3;SUCLA2;IDH2,180,2
48,Amino acid transport across the plasma membrane,R3_recurrent_directional,4,Astro;Micro;OPC;Oligo,4,0,0,Oligo,2.199773565788716,1.4007476625592648,0.0059274188974055,0.2550647467761873,0.2550647467761873,1.406209468538735,1.2816873580276185,1.204056380357542,1.4007476625592648,12,SLC16A10;SLC1A4;SLC36A1;SLC38A2;SLC6A12;SLC6A6;SLC7A1;SLC7A10;SLC7A11;SLC7A2;SLC7A6;SLC7A9,24,SLC16A10;SLC1A4;SLC1A5;SLC25A29;SLC36A1;SLC36A4;SLC38A1;SLC38A2;SLC38A3;SLC38A5;SLC3A2;SLC43A1;SLC43A2;SLC6A12;SLC6A15;SLC6A6;SLC7A1;SLC7A10;SLC7A11;SLC7A2;SLC7A5;SLC7A6;SLC7A8;SLC7A9,24,SLC3A2;SLC38A2;SLC43A1;SLC7A11;SLC6A6;SLC36A4;SLC6A15;SLC6A12;SLC7A9;SLC16A10;SLC7A1;SLC36A1;SLC7A5;SLC7A2;SLC43A2;SLC7A6;SLC25A29;SLC7A10;SLC1A5;SLC1A4;SLC7A8;SLC38A3;SLC38A1;SLC38A5,12,SLC38A2;SLC7A11;SLC6A6;SLC6A12;SLC7A9;SLC16A10;SLC7A1;SLC36A1;SLC7A2;SLC7A6;SLC7A10;SLC1A4,377,2
49,Signaling by TGF-beta Receptor Complex,R3_recurrent_directional,4,Astro;Micro;OPC;Oligo,4,0,0,Micro,1.495990955152257,1.3750882715490114,0.4925600237982038,0.2614817669295896,0.4925600237982038,1.3593486156087833,1.2708890802870352,1.184075211854291,1.5273763444904644,27,CCNK;CCNT2;E2F4;E2F5;EP300;ITGAV;ITGB8;LTBP2;MAPK1;NEDD4L;PARD3;PPP1CB;PPP1CC;SKI;SMAD2;SMAD3;SMAD7;TFDP2;TGFB2;TGFBR2;TGFBR3;TGIF1;UBE2D1;USP15;WWTR1;XPO1;ZFYVE9,69,BAMBI;CBL;CCNC;CCNK;CCNT1;CCNT2;CDK8;CDK9;CDKN2B;CGN;E2F4;E2F5;EP300;F11R;FBN1;FURIN;ITGA8;ITGAV;ITGB1;ITGB5;ITGB8;LTBP1;LTBP2;LTBP3;MAPK1;MEN1;NCOR1;NCOR2;NEDD4L;PARD3;PMEPA1;PPM1A;PPP1CA;PPP1CB;PPP1CC;PPP1R15A;PRKCZ;RBL1;RNF111;SERPINE1;SKI;SKIL;SMAD2;SMAD3;SMAD4;SMAD7;SMURF1;SMURF2;SP1;STRAP;TFDP1;TFDP2;TGFB1;TGFB2;TGFB3;TGFBR1;TGFBR2;TGFBR3;TGIF1;UBE2D1;UBE2D3;UBE2M;UCHL5;USP15;USP9X;WWTR1;XPO1;YBX1;ZFYVE9,69,UBE2M;SMURF1;TGFBR3;PRKCZ;ITGAV;ITGB5;WWTR1;PARD3;TGIF1;TGFB2;NEDD4L;SMAD2;MAPK1;SMAD3;ITGB8;E2F5;UBE2D1;SMAD7;TFDP1;E2F4;PPP1CB;EP300;LTBP1;TFDP2;TGFBR1;UCHL5;CCNK;TGFBR2;CCNT1;XPO1;SKI;PPP1CC;USP15;ZFYVE9;CCNT2;USP9X;UBE2D3;ITGB1;LTBP2;MEN1;ITGA8;TGFB3;LTBP3;RBL1;RNF111;NCOR1;FBN1;SMURF2;YBX1;CDK8;F11R;TGFB1;CDK9;PPP1CA;CDKN2B;SMAD4;SKIL;CGN;CCNC;FURIN;PMEPA1;CBL;STRAP;NCOR2;SP1;PPM1A;PPP1R15A;BAMBI;SERPINE1,27,TGFBR3;ITGAV;WWTR1;PARD3;TGIF1;TGFB2;NEDD4L;SMAD2;MAPK1;SMAD3;ITGB8;E2F5;UBE2D1;SMAD7;E2F4;PPP1CB;EP300;TFDP2;CCNK;TGFBR2;XPO1;SKI;PPP1CC;USP15;ZFYVE9;CCNT2;LTBP2,72,5
50,Translation,R3_recurrent_directional,4,Astro;Micro;OPC;Oligo,4,0,0,Astro,-1.7715914121009853,-2.369371713015308,0.0751377488555354,6.407949063805223e-05,0.0751377488555354,-1.5655800200803267,-1.4988499812412517,1.1801578650109117,1.7715914121009853,126,AARS2;AIMP1;AIMP2;APEH;ASCC2;AURKAIP1;CARS2;EEF1A1;EEF1A2;EEF1B2;EEF2;EIF2B2;EIF2B4;EIF2S3;EIF3A;EIF3B;EIF3E;EIF3J;EIF3K;EIF3L;EIF4A2;EIF4H;EIF5B;ELOB;FARSA;FARSB;GFM1;KLHDC10;LARS2;LTN1;MRPL10;MRPL16;MRPL2;MRPL20;MRPL21;MRPL23;MRPL24;MRPL27;MRPL32;MRPL33;MRPL34;MRPL35;MRPL37;MRPL4;MRPL40;MRPL41;MRPL42;MRPL43;MRPL45;MRPL49;MRPL54;MRPL55;MRPL9;MRPS14;MRPS15;MRPS18A;MRPS18B;MRPS21;MRPS25;MRPS26;MRPS34;MRPS7;MRRF;MTFMT;MTIF3;NDUFAB1;OXA1L;PABPC1;PPA1;PSMA4;PSMA5;PSMB2;PSMB3;PSMB4;PSMB7;PSMC1;PSMC3;PSMC4;PSMC5;PSMC6;PSMD12;PSMD13;PSMD14;PSMD2;PSMD3;PSMD7;PSMD8;RBX1;RPL10;RPL10A;RPL13;RPL14;RPL15;RPL18;RPL19;RPL23;RPL27;RPL27A;RPL3;RPL6;RPL7A;RPLP0;RPS11;RPS12;RPS27A;RPS3A;RPS4Y1;RPS6;RPS9;RPSA;SEC11A;SEC61A2;SPCS2;SRP14;SRP68;SRPRA;SRPRB;SSR2;SSR4;TARS2;TCF25;TUFM;UBA52;UBE2D2;VCP;WARS2,268,AARS2;ADRM1;AIMP1;AIMP2;ANKZF1;APEH;ASCC2;AURKAIP1;CARS2;CHCHD1;CUL2;DAP3;EEF1A1;EEF1A2;EEF1B2;EEF2;EIF1AX;EIF2B1;EIF2B2;EIF2B3;EIF2B4;EIF2B5;EIF2S1;EIF2S3;EIF3A;EIF3B;EIF3C;EIF3D;EIF3E;EIF3F;EIF3G;EIF3H;EIF3I;EIF3J;EIF3K;EIF3L;EIF3M;EIF4A2;EIF4B;EIF4E;EIF4EBP1;EIF4G1;EIF4H;EIF5;EIF5B;ELOB;ELOC;ERAL1;ETF1;FARS2;FARSA;FARSB;FAU;GADD45GIP1;GFM1;GSPT1;GSPT2;HARS2;KLHDC10;LARS2;LTN1;MIEF1;MRPL1;MRPL10;MRPL11;MRPL13;MRPL14;MRPL15;MRPL16;MRPL17;MRPL18;MRPL2;MRPL20;MRPL21;MRPL22;MRPL23;MRPL24;MRPL27;MRPL28;MRPL32;MRPL33;MRPL34;MRPL35;MRPL36;MRPL37;MRPL39;MRPL4;MRPL40;MRPL41;MRPL42;MRPL43;MRPL44;MRPL45;MRPL47;MRPL49;MRPL51;MRPL52;MRPL54;MRPL55;MRPL57;MRPL58;MRPL9;MRPS10;MRPS12;MRPS14;MRPS15;MRPS18A;MRPS18B;MRPS2;MRPS21;MRPS22;MRPS23;MRPS25;MRPS26;MRPS27;MRPS28;MRPS33;MRPS34;MRPS7;MRPS9;MRRF;MTFMT;MTIF3;MTRF1L;NDUFAB1;NPLOC4;OXA1L;PABPC1;PARS2;PPA1;PSMA1;PSMA3;PSMA4;PSMA5;PSMA7;PSMB1;PSMB2;PSMB3;PSMB4;PSMB5;PSMB6;PSMB7;PSMC1;PSMC2;PSMC3;PSMC4;PSMC5;PSMC6;PSMD1;PSMD11;PSMD12;PSMD13;PSMD14;PSMD2;PSMD3;PSMD6;PSMD7;PSMD8;PTCD3;RBX1;RCHY1;RPL10;RPL10A;RPL11;RPL12;RPL13;RPL13A;RPL14;RPL15;RPL18;RPL18A;RPL19;RPL21;RPL22;RPL23;RPL23A;RPL24;RPL26L1;RPL27;RPL27A;RPL28;RPL29;RPL3;RPL30;RPL31;RPL32;RPL34;RPL35;RPL35A;RPL36;RPL36AL;RPL37;RPL37A;RPL38;RPL39L;RPL4;RPL41;RPL5;RPL6;RPL7;RPL7A;RPL8;RPL9;RPLP0;RPLP1;RPLP2;RPS11;RPS12;RPS13;RPS14;RPS15;RPS15A;RPS16;RPS18;RPS2;RPS21;RPS23;RPS24;RPS25;RPS26;RPS27;RPS27A;RPS28;RPS29;RPS3;RPS3A;RPS4X;RPS4Y1;RPS5;RPS6;RPS8;RPS9;RPSA;SARS2;SEC11A;SEC11C;SEC61A1;SEC61A2;SEC61B;SERP1;SPCS1;SPCS2;SPCS3;SRP14;SRP54;SRP68;SRP72;SRP9;SRPRA;SRPRB;SSR2;SSR3;SSR4;TARS2;TCF25;TRIP4;TRMT112;TSFM;TUFM;UBA52;UBB;UBC;UBE2D2;UFD1;VARS2;VCP;WARS2;ZNF598,268,PSMC3;SRP14;VCP;ADRM1;PSMD7;MRPL28;PSMB2;PSMB6;PSMA4;SEC61B;PSMA1;MRRF;RPL5;RPS3;EIF3J;PSMB5;EIF1AX;RPS3A;RPS14;MRPS14;MRPL2;MTRF1L;GADD45GIP1;SARS2;APEH;MRPL55;MRPL23;PSMD2;MRPS7;RPL15;TUFM;MRPL41;EEF1B2;MRPS18A;MRPS25;RPS6;PSMD8;MRPS21;MRPS34;RPS4Y1;WARS2;EIF3G;MRPL15;PSMB3;MRPL9;PSMB7;EIF3E;PSMC4;MRPL37;PSMD3;ASCC2;MRPL54;MRPL24;SRP54;EIF3M;TCF25;PPA1;RPL27;MRPL20;MRPL40;EIF4EBP1;MRPS28;MRPL18;AURKAIP1;MRPL32;MRPL27;RPS12;SSR4;UBA52;RPS15A;RPL23;PSMC1;OXA1L;PSMC5;RPS27A;RPS9;RPL35A;RPS21;RPL41;PSMD13;PSMB4;RPS25;MRPS18B;GFM1;EEF2;RPLP0;AIMP2;MRPL43;TSFM;MRPL47;CHCHD1;RBX1;PABPC1;RPL4;TARS2;MRPS2;SEC11A;EIF5B;SPCS2;EIF3L;SERP1;RPL6;EEF1A1;EIF3B;GSPT1;MTFMT;PSMD14;AIMP1;RPS5;HARS2;LARS2;RPL7;MTIF3;MRPS33;EIF3D;SEC61A1;MRPS22;KLHDC10;TRMT112;MRPL45;SSR2;EIF3I;PSMD1;EIF4A2;TRIP4;RPL19;RPL10;RPS13;FAU;RPL29;MRPL36;EEF1A2;MRPS15;RPS11;RPS4X;RPS27;MRPL51;RPL37A;UBC;RPL8;RPL36AL;EIF2B4;RPL18;RPL31;MRPL16;SRPRA;FARSB;MRPS23;MRPL35;SRP9;MRPL57;MRPL33;MRPL49;RPS29;SRPRB;RPS16;PSMD12;RPSA;PSMA7;RPL14;MRPL21;MRPL10;MRPL52;RPS24;MIEF1;PSMA5;MRPL39;PSMD6;MRPL4;EIF4B;ANKZF1;EIF2B2;ZNF598;RPL10A;SEC61A2;RPS28;EIF3K;ERAL1;ETF1;EIF4G1;MRPS9;EIF2B3;SRP72;EIF4H;EIF3A;UBE2D2;FARS2;PTCD3;DAP3;PSMC6;SSR3;RPL39L;RPS26;MRPL34;RPL23A;RPL7A;RPL36;RPS15;RPL38;RPL3;RPL13;UBB;RPLP1;RPL35;MRPL17;NDUFAB1;GSPT2;RPL28;RPL32;MRPL22;MRPS12;SPCS3;RPL27A;EIF5;RPL30;RPL26L1;RPS2;PARS2;MRPS26;SRP68;RPL24;RPS18;RCHY1;MRPL1;FARSA;CARS2;PSMD11;LTN1;RPS23;RPL21;AARS2;EIF2B1;MRPL11;EIF3H;MRPS27;RPL12;EIF2B5;MRPL42;EIF2S3;PSMA3;EIF3F;NPLOC4;MRPS10;PSMB1;RPL11;CUL2;VARS2;EIF3C;ELOB;MRPL58;UFD1;SPCS1;MRPL14;RPS8;MRPL44;SEC11C;RPL34;RPLP2;RPL22;RPL9;MRPL13;RPL37;RPL13A;EIF2S1;ELOC;EIF4E;PSMC2;RPL18A,126,PSMC3;SRP14;VCP;PSMD7;PSMB2;PSMA4;MRRF;EIF3J;RPS3A;MRPS14;MRPL2;APEH;MRPL55;MRPL23;PSMD2;MRPS7;RPL15;TUFM;MRPL41;EEF1B2;MRPS18A;MRPS25;RPS6;PSMD8;MRPS21;MRPS34;RPS4Y1;WARS2;PSMB3;MRPL9;PSMB7;EIF3E;PSMC4;MRPL37;PSMD3;ASCC2;MRPL54;MRPL24;TCF25;PPA1;RPL27;MRPL20;MRPL40;AURKAIP1;MRPL32;MRPL27;RPS12;SSR4;UBA52;RPL23;PSMC1;OXA1L;PSMC5;RPS27A;RPS9;PSMD13;PSMB4;MRPS18B;GFM1;EEF2;RPLP0;AIMP2;MRPL43;RBX1;PABPC1;TARS2;SEC11A;EIF5B;SPCS2;EIF3L;RPL6;EEF1A1;EIF3B;MTFMT;PSMD14;AIMP1;LARS2;MTIF3;KLHDC10;MRPL45;SSR2;EIF4A2;RPL19;RPL10;EEF1A2;MRPS15;RPS11;EIF2B4;RPL18;MRPL16;SRPRA;FARSB;MRPL35;MRPL33;MRPL49;SRPRB;PSMD12;RPSA;RPL14;MRPL21;MRPL10;PSMA5;MRPL4;EIF2B2;RPL10A;SEC61A2;EIF3K;EIF4H;EIF3A;UBE2D2;PSMC6;MRPL34;RPL7A;RPL3;RPL13;NDUFAB1;RPL27A;MRPS26;SRP68;FARSA;CARS2;LTN1;AARS2;MRPL42;EIF2S3;ELOB,17,1
52,Diseases associated with the TLR signaling cascade,R3_recurrent_directional,4,Astro;Micro;OPC;Oligo,4,0,0,Astro,1.360800661775194,1.2199020247647967,0.2700010796813366,0.6055527845466545,0.6055527845466545,1.155865934451103,1.210067335965665,1.1757360367552063,1.2722567657485846,13,BTK;CD36;HMGB1;IKBKB;IKBKG;LY96;NFKB1;NFKBIA;RELA;TLR10;TLR2;TLR3;TLR5,19,BTK;CD36;HMGB1;IKBKB;IKBKG;IRAK4;LY96;MYD88;NFKB1;NFKB2;NFKBIA;RELA;TICAM1;TLR10;TLR2;TLR3;TLR5;TRAF3;UNC93B1,19,IKBKG;UNC93B1;TLR10;RELA;TLR5;HMGB1;NFKB2;IKBKB;TRAF3;LY96;CD36;NFKBIA;NFKB1;MYD88;TICAM1;IRAK4;BTK;TLR3;TLR2,13,IKBKG;TLR10;RELA;TLR5;HMGB1;IKBKB;LY96;CD36;NFKBIA;NFKB1;BTK;TLR3;TLR2,22,3
55,Defective pyroptosis,R3_recurrent_directional,4,Astro;Micro;OPC;Oligo,4,0,0,OPC,1.5157261013410144,1.2664943996940434,0.5845821662135438,0.4796223445263646,0.5845821662135438,1.2785721368284804,1.1948557583782664,1.1539562860049948,1.2947883919131165,8,DNMT1;DNMT3A;EED;GSDME;PRIM1;PRIM2;RBBP4;SUZ12,11,DNMT1;DNMT3A;EED;EZH2;GSDME;POLA1;PRIM1;PRIM2;RBBP4;RBBP7;SUZ12,11,PRIM1;EED;DNMT1;SUZ12;RBBP4;PRIM2;DNMT3A;POLA1;EZH2;RBBP7;GSDME,8,PRIM1;EED;DNMT1;SUZ12;RBBP4;PRIM2;DNMT3A;GSDME,1285,2
56,Constitutive Signaling by Aberrant PI3K in Cancer,R3_recurrent_directional,4,Astro;Micro;OPC;Oligo,4,0,0,Oligo,1.3319129942894048,1.3354869963569136,0.6269369789367975,0.2967609514997651,0.6269369789367975,1.256552737771257,1.228706983761872,1.15155972620997,1.3319129942894048,18,EGFR;ERBB3;ERBB4;FGF2;FGFR1;FYN;GAB1;HGF;IRS1;IRS2;KIT;NRG3;NTRK2;NTRK3;PIK3AP1;PIK3CA;STRN;TGFA,44,BDNF;CD80;EGF;EGFR;ERBB3;ERBB4;ESR1;ESR2;FGF1;FGF17;FGF2;FGF7;FGFR1;FGFR2;FGFR3;FLT3;FYN;GAB1;GRB2;HBEGF;HGF;IRS1;IRS2;KIT;KITLG;NRG1;NRG2;NRG3;NTRK2;NTRK3;PDGFA;PDGFB;PDGFRA;PDGFRB;PIK3AP1;PIK3CA;PIK3CB;PIK3CD;PIK3R1;PIK3R5;SRC;STRN;TGFA;VAV1,44,PIK3R1;FGF1;EGFR;KIT;NTRK2;FGFR1;HGF;FGFR3;ERBB3;EGF;IRS1;IRS2;PIK3CA;FGF2;GAB1;NRG3;STRN;PIK3CD;ERBB4;TGFA;FGFR2;VAV1;ESR2;NTRK3;PDGFRB;NRG2;SRC;ESR1;PIK3AP1;GRB2;PDGFA;PIK3CB;NRG1;FLT3;FYN;HBEGF;FGF7;FGF17;PIK3R5;KITLG;CD80;BDNF;PDGFB;PDGFRA,18,EGFR;KIT;NTRK2;FGFR1;HGF;ERBB3;IRS1;IRS2;PIK3CA;FGF2;GAB1;NRG3;STRN;ERBB4;TGFA;NTRK3;PIK3AP1;FYN,279,6
58,Spry regulation of FGF signaling,R3_recurrent_directional,4,Astro;Micro;OPC;Oligo,4,0,0,OPC,-1.2202095482638222,-1.3652704454081557,0.4506418009818313,0.3629305272846312,0.4506418009818313,-1.1410100387714983,-1.3567137466869856,1.1410100387714983,1.2202095482638222,9,BRAF;GRB2;MAPK1;MAPK3;MKNK1;PPP2R1A;PTPN11;UBA52;UBC,12,BRAF;GRB2;MAPK1;MAPK3;MKNK1;PPP2R1A;PTPN11;RPS27A;SRC;UBA52;UBB;UBC,12,PTPN11;MAPK1;UBA52;RPS27A;MAPK3;BRAF;UBC;SRC;PPP2R1A;GRB2;MKNK1;UBB,9,PTPN11;MAPK1;UBA52;MAPK3;BRAF;UBC;PPP2R1A;GRB2;MKNK1,115,5
59,ESR-mediated signaling,R3_recurrent_directional,4,Astro;Micro;OPC;Oligo,4,0,0,OPC,1.2782740180069907,1.220877009449965,0.6410666395078655,0.5363845031617148,0.6410666395078655,1.2540734144464816,1.1630932370419074,1.1400986937325666,1.220877009449965,44,AKT3;ATF2;CAV1;CAV2;CDKN1B;CHD1;CREB1;CREBBP;CXCL12;DDX5;EGF;EGFR;EP300;ERBB4;ESR1;FKBP4;FKBP5;FOS;GNAI3;GREB1;GTF2F2;HSP90AA1;HSPB1;IGF1R;KCTD6;NCOA1;NCOA2;NRIP1;PIK3CA;POLR2C;POLR2H;PPID;PTGES3;RAD21;RUNX1;S1PR3;SMC1A;SMC3;STAG1;STAG2;XPO1;YY1;ZDHHC21;ZNF217,109,AGO2;AGO3;AGO4;AKT1;AKT2;AKT3;ATF2;AXIN1;BCL2;CARM1;CAV1;CAV2;CBFB;CCND1;CCNT1;CDK9;CDKN1B;CHD1;CREB1;CREBBP;CXCL12;CXXC5;DDX5;EBAG9;EGF;EGFR;ELK1;EP300;ERBB4;ESR1;ESR2;FKBP4;FKBP5;FOS;GNAI1;GNAI2;GNAI3;GNB4;GNB5;GNG12;GNG2;GNG5;GNG7;GNGT1;GNGT2;GPAM;GREB1;GTF2A1;GTF2A2;GTF2F2;HBEGF;HDAC1;HSP90AA1;HSP90AB1;HSPB1;IGF1R;KANK1;KAT2B;KAT5;KCTD6;KDM1A;KDM4B;KRAS;MAPK1;MED1;MMP2;NCOA1;NCOA2;NRAS;NRIP1;PDPK1;PIK3CA;PIK3R1;POLR2C;POLR2D;POLR2E;POLR2F;POLR2G;POLR2H;POLR2I;POLR2J;POU2F1;PPID;PTGES3;PTK2;RAD21;RUNX1;S1PR3;SMC1A;SMC3;SP1;SPHK1;SRC;STAG1;STAG2;STRN;TGFA;TLE3;TNRC6A;TNRC6B;TNRC6C;UHMK1;USF1;USF2;XPO1;YY1;ZDHHC21;ZDHHC7;ZNF217,109,CDKN1B;POLR2C;HSP90AA1;PIK3R1;PTK2;POLR2F;EGFR;IGF1R;CXCL12;PDPK1;EGF;FKBP5;PPID;PIK3CA;POLR2H;ATF2;STRN;CREB1;ERBB4;RAD21;STAG1;NCOA1;MAPK1;PTGES3;HSPB1;CAV2;FKBP4;POLR2G;TGFA;USF1;STAG2;EP300;GNAI3;CXXC5;KCTD6;RUNX1;NRIP1;POLR2J;GNG2;GPAM;ESR2;ZDHHC21;SMC3;NCOA2;ZNF217;CCNT1;XPO1;YY1;ELK1;POLR2D;POU2F1;GNG7;AGO3;CAV1;FOS;TLE3;SRC;KAT5;AKT1;ESR1;DDX5;SMC1A;HDAC1;GTF2F2;EBAG9;KAT2B;BCL2;TNRC6B;CREBBP;GTF2A1;AGO2;TNRC6C;MED1;GTF2A2;NRAS;S1PR3;GREB1;GNG12;CCND1;POLR2E;GNB4;POLR2I;CDK9;HBEGF;SPHK1;AKT3;GNB5;KDM4B;KDM1A;GNAI1;CHD1;GNAI2;CBFB;ZDHHC7;CARM1;USF2;KANK1;TNRC6A;KRAS;AXIN1;AKT2;HSP90AB1;SP1;UHMK1;AGO4;MMP2;GNGT1;GNGT2;GNG5,44,CDKN1B;POLR2C;HSP90AA1;EGFR;IGF1R;CXCL12;EGF;FKBP5;PPID;PIK3CA;POLR2H;ATF2;CREB1;ERBB4;RAD21;STAG1;NCOA1;PTGES3;HSPB1;CAV2;FKBP4;STAG2;EP300;GNAI3;KCTD6;RUNX1;NRIP1;ZDHHC21;SMC3;NCOA2;ZNF217;XPO1;YY1;CAV1;FOS;ESR1;DDX5;SMC1A;GTF2F2;CREBBP;S1PR3;GREB1;AKT3;CHD1,70,3
60,SARS-CoV-2-host interactions,R3_recurrent_directional,4,Astro;Micro;OPC;Oligo,4,0,0,OPC,-1.1922736596752208,-1.2510378003338518,0.4721695643670904,0.4938259664447778,0.4938259664447778,-1.1386375340612105,-1.33899333507852,1.1386375340612105,1.2746001416595905,52,ATG14;BECN1;CREBBP;G3BP2;HLA-C;HLA-F;HSP90AA1;IFIH1;IKBKG;IRAK2;IRF3;IRF7;KPNA2;LARP1;NDC1;NLRP3;NOD1;NUP107;NUP133;NUP153;NUP214;NUP43;NUP88;NUP93;NUP98;PTPN11;RANBP2;RPS15A;RPS27A;RPS27L;RPS3A;RPS4Y1;RPS6;RPSA;SEC13;SEC24D;SEH1L;SNRPD2;SNRPD3;SNRPE;SNRPF;STAT1;STAT2;TKFC;TPR;TRAF6;TUFM;UBA52;VPS11;VPS39;YWHAB;YWHAH,159,AAAS;AKT1;AKT2;AKT3;ATG14;B2M;BECN1;CAV1;CHUK;CNBP;CREBBP;DDX20;FAU;G3BP1;G3BP2;GEMIN2;GEMIN4;GEMIN5;GEMIN6;GEMIN8;GJA1;HLA-A;HLA-B;HLA-C;HLA-E;HLA-F;HSP90AA1;HSP90AB1;IFIH1;IFNA2;IFNAR1;IKBKB;IKBKE;IKBKG;IL17RA;IL17RC;IRAK1;IRAK2;IRF3;IRF7;ISG15;JAK1;KPNA2;LARP1;MAP1LC3B;MAP3K7;MASP1;MAVS;NDC1;NLRP3;NOD1;NOD2;NUP107;NUP133;NUP153;NUP155;NUP160;NUP188;NUP205;NUP210;NUP214;NUP35;NUP37;NUP43;NUP50;NUP54;NUP58;NUP85;NUP88;NUP93;NUP98;PATJ;PDPK1;PIK3C3;POM121;POM121C;PTPN11;PTPN6;RANBP2;RIPK2;RNF135;RPS11;RPS12;RPS13;RPS14;RPS15;RPS15A;RPS16;RPS18;RPS2;RPS20;RPS21;RPS23;RPS24;RPS25;RPS26;RPS27;RPS27A;RPS27L;RPS28;RPS29;RPS3;RPS3A;RPS4X;RPS4Y1;RPS5;RPS6;RPS8;RPS9;RPSA;SEC13;SEC23A;SEC24A;SEC24B;SEC24C;SEC24D;SEH1L;SFTPD;SMN1;SNRPB;SNRPD1;SNRPD2;SNRPD3;SNRPE;SNRPF;SNRPG;STAT1;STAT2;TAB1;TAB2;TBK1;TJP1;TKFC;TLR1;TLR2;TLR8;TOMM70;TPR;TRAF3;TRAF6;TRIM25;TRIM4;TUFM;TYK2;UBA52;UBB;UBC;UBE2N;UVRAG;VPS11;VPS16;VPS18;VPS39;YWHAB;YWHAE;YWHAG;YWHAH;YWHAQ;YWHAZ,159,IKBKG;TJP1;PTPN11;SNRPD2;HSP90AA1;RPS3;NUP35;HLA-E;B2M;RPS3A;RPS14;SNRPD3;IFIH1;IFNAR1;IL17RA;TBK1;PDPK1;GJA1;HLA-C;STAT1;RPS27L;TUFM;TKFC;RPS6;TRAF6;BECN1;TAB2;RPS4Y1;IRF7;NUP93;G3BP2;SNRPF;TLR1;PIK3C3;LARP1;NUP107;NUP214;SEH1L;NUP54;RPS12;UBA52;RPS15A;RPS27A;RPS9;RPS21;HLA-B;RPS25;SEC13;NUP50;KPNA2;NDC1;NUP43;NUP153;STAT2;YWHAB;ATG14;CNBP;IRF3;IKBKB;GEMIN4;RPS5;SNRPB;TRAF3;NUP37;NUP133;RPS20;SEC24B;G3BP1;TRIM25;NUP88;MAP3K7;SNRPG;POM121;NUP160;TAB1;CHUK;SEC23A;GEMIN5;NUP188;CAV1;HLA-F;ISG15;RPS13;FAU;YWHAH;IRAK2;RPS11;RPS4X;RPS27;UBC;SNRPD1;GEMIN8;HLA-A;AAAS;RANBP2;RPS29;AKT1;RPS16;RPSA;RIPK2;RPS24;VPS16;SNRPE;VPS11;UVRAG;GEMIN6;IL17RC;RPS28;RNF135;NUP155;SEC24A;DDX20;CREBBP;VPS18;IRAK1;TRIM4;GEMIN2;SEC24C;VPS39;NUP58;RPS26;TLR2;NLRP3;RPS15;SFTPD;UBB;NOD1;SMN1;TYK2;SEC24D;PTPN6;NUP98;RPS2;AKT3;TPR;RPS18;MASP1;RPS23;NUP205;YWHAE;POM121C;JAK1;AKT2;PATJ;TOMM70;YWHAG;RPS8;YWHAZ;HSP90AB1;MAP1LC3B;MAVS;UBE2N;YWHAQ;NUP85;NUP210;IKBKE;IFNA2;TLR8;NOD2,52,IKBKG;PTPN11;SNRPD2;HSP90AA1;RPS3A;SNRPD3;IFIH1;HLA-C;STAT1;RPS27L;TUFM;TKFC;RPS6;TRAF6;BECN1;RPS4Y1;IRF7;NUP93;G3BP2;SNRPF;LARP1;NUP107;NUP214;SEH1L;UBA52;RPS15A;RPS27A;SEC13;KPNA2;NDC1;NUP43;NUP153;STAT2;YWHAB;ATG14;IRF3;NUP133;NUP88;HLA-F;YWHAH;IRAK2;RANBP2;RPSA;SNRPE;VPS11;CREBBP;VPS39;NLRP3;NOD1;SEC24D;NUP98;TPR,22,4
63,Aerobic respiration and respiratory electron transport,R3_recurrent_directional,4,Astro;Micro;OPC;Oligo,4,0,0,OPC,-1.319590908267818,-1.4490497047982258,0.3698281925956683,0.3101228465500941,0.3698281925956683,-1.1173747492790935,-1.96901330955159,1.1173747492790935,1.319590908267818,69,ATP5F1D;ATP5MC1;ATP5PB;BCS1L;COQ10A;COQ10B;COX11;COX18;COX20;COX4I1;COX5A;COX5B;COX6B1;COX7A2;COX7A2L;COX7B;CYCS;D2HGDH;DMAC2;ETFA;ETFB;FH;GLO1;GOT1;GOT2;GSTZ1;IDH2;IDH3A;IDH3G;L2HGDH;LDHA;LETM1;ME1;NDUFA10;NDUFA12;NDUFA3;NDUFAB1;NDUFB1;NDUFB10;NDUFB11;NDUFB9;NDUFS3;NDUFS4;NDUFS5;NDUFS6;NDUFV1;OXA1L;PDHB;PDK3;PDK4;PKM;PYURF;RMND5B;RPS27A;SCO1;SDHAF1;SFXN4;SIRT3;SLC25A11;SLC25A12;SLC25A13;SLC25A14;SLC25A22;SUCLG1;SUCLG2;UBA52;UQCR10;UQCRB;UQCRQ,168,ACAD9;ACAT1;ACO2;ATP5F1A;ATP5F1B;ATP5F1C;ATP5F1D;ATP5F1E;ATP5MC1;ATP5MC3;ATP5ME;ATP5PB;ATP5PD;BCS1L;CMC1;COA3;COA5;COQ10A;COQ10B;COX11;COX18;COX20;COX4I1;COX5A;COX5B;COX6B1;COX6C;COX7A2;COX7A2L;COX7B;COX7C;CS;CSKMT;CYC1;CYCS;D2HGDH;DLAT;DLD;DLST;DMAC1;DMAC2;ECSIT;ETFA;ETFB;ETFDH;FAHD1;FH;FOXRED1;GID4;GLO1;GOT1;GOT2;GPT;GSTZ1;HAGH;HCCS;IDH2;IDH3A;IDH3B;IDH3G;ISCA1;ISCU;L2HGDH;LDHA;LETM1;MAEA;MDH1;MDH2;ME1;ME2;MPC1;MPC2;NDUFA1;NDUFA10;NDUFA12;NDUFA2;NDUFA3;NDUFA5;NDUFA6;NDUFA8;NDUFAB1;NDUFAF1;NDUFAF3;NDUFAF5;NDUFAF6;NDUFAF7;NDUFAF8;NDUFB1;NDUFB10;NDUFB11;NDUFB2;NDUFB3;NDUFB4;NDUFB5;NDUFB6;NDUFB7;NDUFB9;NDUFS2;NDUFS3;NDUFS4;NDUFS5;NDUFS6;NDUFS7;NDUFS8;NDUFV1;NFS1;OGDH;OXA1L;PC;PDHA1;PDHB;PDHX;PDK1;PDK2;PDK3;PDK4;PGAM5;PKM;PNKD;PYURF;RAB5IF;RANBP9;RMND5B;RPS27A;SCO1;SDHA;SDHAF1;SDHAF3;SDHAF4;SDHB;SDHC;SFXN4;SIRT3;SLC25A11;SLC25A12;SLC25A13;SLC25A14;SLC25A18;SLC25A22;SLC25A4;SMIM20;SUCLA2;SUCLG1;SUCLG2;SURF1;TACO1;TIMMDC1;TMEM126A;TMEM126B;TMEM186;TMEM223;UBA52;UBB;UBC;UCP2;UCP3;UQCC1;UQCC2;UQCC3;UQCR10;UQCRB;UQCRC1;UQCRC2;UQCRFS1;UQCRH;UQCRHL;UQCRQ;VDAC1,168,NDUFB10;NDUFAF3;GSTZ1;NDUFA5;NDUFS4;DLST;NDUFB11;PKM;COX5B;UQCRB;SDHAF4;PDHX;ACAT1;ISCU;PC;NDUFAF1;PDK2;NDUFAF5;MAEA;ETFB;UQCRQ;COX4I1;NDUFS3;IDH3G;UQCR10;COX7C;L2HGDH;ETFA;NDUFS6;NFS1;RMND5B;NDUFB7;GOT1;NDUFAF6;SIRT3;COX20;COX7A2L;CS;NDUFA10;COX11;NDUFS7;SLC25A12;NDUFA1;SUCLG2;SFXN4;PDK4;BCS1L;COQ10A;NDUFB9;UBA52;OXA1L;RPS27A;CYC1;FOXRED1;NDUFV1;COX18;SLC25A18;IDH3B;PYURF;D2HGDH;GLO1;NDUFB1;NDUFS2;GID4;FAHD1;NDUFA6;ACO2;UQCC3;UQCC2;MDH1;LETM1;SURF1;ETFDH;SUCLG1;UQCRC1;DLAT;PDHA1;OGDH;TMEM223;ACAD9;CYCS;SLC25A22;NDUFS5;COA3;SDHAF1;COX6B1;MDH2;UBC;NDUFA8;FH;SLC25A14;TACO1;GOT2;COX5A;UQCRFS1;PNKD;TMEM186;PDK3;NDUFA12;PDK1;IDH3A;SLC25A11;DLD;UCP3;TMEM126B;RANBP9;COX7A2;NDUFS8;COQ10B;SDHB;UQCC1;NDUFAF7;SDHC;CMC1;LDHA;NDUFA3;NDUFA2;COX7B;SLC25A4;UBB;NDUFAB1;GPT;SMIM20;VDAC1;PGAM5;SDHAF3;NDUFB5;NDUFB4;UQCRH;COA5;PDHB;ME1;NDUFB3;TMEM126A;TIMMDC1;ECSIT;SLC25A13;HAGH;UQCRC2;MPC1;ME2;SCO1;SUCLA2;IDH2;NDUFB6;UCP2;ATP5F1B;DMAC2;ATP5MC1;ATP5F1D;DMAC1;ATP5PB;ATP5F1C;ATP5F1A;CSKMT;ATP5F1E;ATP5ME;ATP5PD;NDUFAF8;ATP5MC3;RAB5IF;UQCRHL;HCCS;COX6C;NDUFB2;SDHA;ISCA1;MPC2,69,NDUFB10;GSTZ1;NDUFS4;NDUFB11;PKM;COX5B;UQCRB;ETFB;UQCRQ;COX4I1;NDUFS3;IDH3G;UQCR10;L2HGDH;ETFA;NDUFS6;RMND5B;GOT1;SIRT3;COX20;COX7A2L;NDUFA10;COX11;SLC25A12;SUCLG2;SFXN4;PDK4;BCS1L;COQ10A;NDUFB9;UBA52;OXA1L;RPS27A;NDUFV1;COX18;PYURF;D2HGDH;GLO1;NDUFB1;LETM1;SUCLG1;CYCS;SLC25A22;NDUFS5;SDHAF1;COX6B1;FH;SLC25A14;GOT2;COX5A;PDK3;NDUFA12;IDH3A;SLC25A11;COX7A2;COQ10B;LDHA;NDUFA3;COX7B;NDUFAB1;PDHB;ME1;SLC25A13;SCO1;IDH2;DMAC2;ATP5MC1;ATP5F1D;ATP5PB,11,2
66,Mitochondrial protein degradation,R3_recurrent_directional,4,Astro;Micro;OPC;Oligo,4,0,0,OPC,-1.3616787974819655,-1.3359076734537871,0.34376256521091,0.3998928597459424,0.3998928597459424,-1.1122252125932544,-1.4770739774951114,1.1122252125932544,1.3359076734537871,27,AFG3L2;ALDH18A1;BDH1;CHCHD2;COX4I1;COX5A;FH;HSD17B10;IDH2;IDH3A;LDHD;MDH2;MRPL32;NDUFS3;NDUFV1;OXCT1;PCCB;PDHB;PMPCA;PRKACA;SLC25A5;SPG7;STARD7;SUCLG2;TIMM10;TRIAP1;UQCRQ,69,ACAD8;ACADSB;ACAT1;ACO2;ACOT2;AFG3L2;ALAS1;ALDH18A1;APP;ARG2;ATP5F1A;ATP5F1B;ATP5F1C;ATP5PD;ATP5PF;BDH1;CHCHD2;CLPX;COX4I1;COX5A;COX5B;CS;DBT;DLD;ECH1;FH;GLUD1;HADH;HSD17B10;HSPD1;HTRA2;IDH2;IDH3A;LDHD;LONP1;MDH2;ME2;MICU2;MRPL32;MRPS10;NDUFA2;NDUFB6;NDUFS3;NDUFV1;OGDH;OPA1;OXCT1;OXSM;PCCB;PDHA1;PDHB;PDK1;PMPCA;PRELID1;PRKACA;SHMT2;SLC25A5;SMDT1;SPG7;STARD7;SUCLG2;TIMM10;TIMM17A;TIMM22;TIMM9;TRIAP1;UQCRC2;UQCRQ;YME1L1,69,HSD17B10;COX5B;ECH1;ACAD8;ACAT1;APP;GLUD1;UQCRQ;COX4I1;TIMM10;LDHD;NDUFS3;BDH1;SPG7;PRKACA;AFG3L2;CS;SUCLG2;CLPX;PRELID1;MRPL32;SLC25A5;TIMM9;PMPCA;CHCHD2;NDUFV1;TIMM17A;ACO2;STARD7;HTRA2;PCCB;PDHA1;OGDH;YME1L1;SHMT2;ARG2;MDH2;ALAS1;OXSM;TIMM22;FH;COX5A;PDK1;IDH3A;OXCT1;DLD;OPA1;MICU2;HSPD1;NDUFA2;TRIAP1;LONP1;ALDH18A1;PDHB;HADH;UQCRC2;ACOT2;ME2;ACADSB;IDH2;MRPS10;NDUFB6;ATP5F1B;ATP5F1C;ATP5F1A;ATP5PD;ATP5PF;SMDT1;DBT,27,HSD17B10;UQCRQ;COX4I1;TIMM10;LDHD;NDUFS3;BDH1;SPG7;PRKACA;AFG3L2;SUCLG2;MRPL32;SLC25A5;PMPCA;CHCHD2;NDUFV1;STARD7;PCCB;MDH2;FH;COX5A;IDH3A;OXCT1;TRIAP1;ALDH18A1;PDHB;IDH2,28,1
67,Complex IV assembly,R3_recurrent_directional,4,Astro;Micro;OPC;Oligo,4,0,0,Astro,-1.686410378161992,-1.9596066213753192,0.1139502312177803,0.0026927418073231,0.1139502312177803,-1.3837368411396276,-1.5629858131482326,1.1119085008490115,1.686410378161992,15,COA3;COQ10A;COQ10B;COX11;COX18;COX20;COX4I1;COX5A;COX6B1;COX7A2;COX7A2L;COX7B;COX7C;SCO1;TACO1,24,CMC1;COA3;COA5;COQ10A;COQ10B;COX11;COX18;COX20;COX4I1;COX5A;COX5B;COX6B1;COX6C;COX7A2;COX7A2L;COX7B;COX7C;PNKD;RAB5IF;SCO1;SMIM20;SURF1;TACO1;TMEM223,24,COX5B;COX4I1;COX7C;COX20;COX7A2L;COX11;COQ10A;COX18;SURF1;TMEM223;COA3;COX6B1;TACO1;COX5A;PNKD;COX7A2;COQ10B;CMC1;COX7B;SMIM20;COA5;SCO1;RAB5IF;COX6C,15,COX4I1;COX7C;COX20;COX7A2L;COX11;COQ10A;COX18;COA3;COX6B1;TACO1;COX5A;COX7A2;COQ10B;COX7B;SCO1,207,1
69,Signaling by PDGF,R3_recurrent_directional,4,Astro;Micro;OPC;Oligo,4,0,0,Astro,1.7603554627094518,1.3512289221756395,0.0736430097766553,0.5462785833949785,0.5462785833949785,1.1109268852225989,1.3307900081976551,1.1109268852225989,1.3512289221756395,13,COL4A2;COL5A1;COL5A3;COL6A2;COL6A6;CRK;CRKL;PDGFC;PIK3CA;RAPGEF1;RASA1;SOS1;STAT6,40,BCAR1;COL4A1;COL4A2;COL4A3;COL4A4;COL4A5;COL5A1;COL5A2;COL5A3;COL6A1;COL6A2;COL6A6;COL9A1;COL9A2;COL9A3;CRK;CRKL;FURIN;KRAS;NCK1;NCK2;PDGFA;PDGFC;PDGFRA;PDGFRB;PIK3CA;PIK3R1;PLCG1;PTPN12;RAPGEF1;RASA1;SOS1;SPP1;SRC;STAT3;STAT5A;STAT5B;STAT6;THBS2;THBS4,40,NCK1;PIK3R1;RAPGEF1;COL9A1;STAT3;PDGFC;THBS4;PIK3CA;SOS1;COL6A6;CRKL;CRK;BCAR1;COL4A2;RASA1;SPP1;COL4A4;COL6A1;COL4A3;PDGFRB;STAT6;COL5A1;SRC;COL5A3;NCK2;PDGFA;STAT5B;COL6A2;COL9A3;COL4A5;COL5A2;COL9A2;PTPN12;COL4A1;STAT5A;FURIN;KRAS;THBS2;PLCG1;PDGFRA,13,RAPGEF1;PDGFC;PIK3CA;SOS1;COL6A6;CRKL;CRK;COL4A2;RASA1;STAT6;COL5A1;COL5A3;COL6A2,121,1
71,Defective B3GALT6 causes EDSP2 and SEMDJL1,R3_recurrent_directional,4,Astro;Micro;OPC;Oligo,4,0,0,Oligo,1.5034109571192356,1.6565425949855903,0.5521825932992169,0.1040943682686017,0.5521825932992169,1.06491371096312,1.369161504757118,1.1096578869514464,1.5034109571192356,4,BCAN;GPC5;SDC2;SDC3,19,AGRN;B3GALT6;BCAN;BGN;CSPG4;CSPG5;DCN;GPC1;GPC2;GPC4;GPC5;GPC6;HSPG2;NCAN;SDC1;SDC2;SDC3;SDC4;VCAN,19,GPC6;BGN;HSPG2;SDC3;CSPG5;GPC5;BCAN;SDC2;GPC2;VCAN;NCAN;SDC1;GPC1;GPC4;B3GALT6;AGRN;SDC4;DCN;CSPG4,4,SDC3;GPC5;BCAN;SDC2,253,18
72,Developmental Lineage of Pancreatic Endocrine Mid Progenitor Cells,R3_recurrent_directional,4,Astro;Micro;OPC;Oligo,4,0,0,Astro,1.804939476310249,1.244475815098341,0.0682198870217194,0.5933417895622124,0.5933417895622124,1.109307673089856,1.449739997347772,1.109307673089856,1.244475815098341,9,COL24A1;COL27A1;COL5A1;COL5A3;EGF;LAMA3;LAMB1;LAMB2;LAMC1,18,COL11A1;COL11A2;COL24A1;COL27A1;COL5A1;COL5A2;COL5A3;EGF;FN1;LAMA1;LAMA2;LAMA3;LAMA4;LAMA5;LAMB1;LAMB2;LAMC1;LAMC3,18,FN1;EGF;COL27A1;LAMB1;COL24A1;LAMA3;LAMA4;LAMA5;COL5A1;LAMC3;COL5A3;COL11A2;COL11A1;COL5A2;LAMB2;LAMA1;LAMC1;LAMA2,9,EGF;COL27A1;LAMB1;COL24A1;LAMA3;COL5A1;COL5A3;LAMB2;LAMC1,732,9
77,Nucleotide catabolism,R3_recurrent_directional,4,Astro;Micro;OPC;Oligo,4,0,0,OPC,-1.3127281259743924,-1.5102371032835509,0.3719505622217974,0.2460468210630752,0.3719505622217974,-1.1602760601999678,-1.4787410740868785,1.104054794297353,1.3127281259743924,13,DNPH1;DPYD;ENTPD1;ENTPD5;ENTPD6;ITPA;NT5C;NT5M;NUDT16;NUDT5;PNP;SAMHD1;UPP1,25,ADPRM;DNPH1;DPYD;DPYS;ENTPD1;ENTPD2;ENTPD3;ENTPD5;ENTPD6;ENTPD7;ITPA;NT5C;NT5C1A;NT5C2;NT5C3A;NT5E;NT5M;NUDT1;NUDT15;NUDT16;NUDT5;PNP;SAMHD1;TYMP;UPP1,25,NT5C;NUDT16;DNPH1;NUDT5;NUDT1;NT5M;ENTPD5;ENTPD6;ADPRM;UPP1;PNP;DPYD;ENTPD1;ITPA;ENTPD7;NT5C3A;ENTPD3;TYMP;NT5C1A;NUDT15;SAMHD1;NT5C2;DPYS;NT5E;ENTPD2,13,NT5C;NUDT16;DNPH1;NUDT5;NT5M;ENTPD5;ENTPD6;UPP1;PNP;DPYD;ENTPD1;ITPA;SAMHD1,12,3
80,Signaling by BMP,R3_recurrent_directional,4,Astro;Micro;OPC;Oligo,4,0,0,Astro,1.25758613388208,1.773475742278791,0.3890451214008842,0.1351618139259968,0.3890451214008842,1.09718091031767,1.7792084740596128,1.09718091031767,1.5211027707154494,10,ACVR2B;BMP2;BMPR1A;SKI;SMAD1;SMAD5;SMAD7;SMURF1;TGFBR3;UBE2D1,20,ACVR2B;BMP2;BMPR1A;BMPR1B;BMPR2;CHRDL1;FSTL1;INHBA;SKI;SMAD1;SMAD4;SMAD5;SMAD7;SMAD9;SMURF1;SMURF2;TGFBR3;UBE2D1;UBE2D3;ZFYVE16,20,SMURF1;TGFBR3;INHBA;CHRDL1;ACVR2B;BMPR1A;SMAD5;UBE2D1;SMAD7;ZFYVE16;SKI;BMPR2;UBE2D3;SMAD1;BMP2;SMURF2;SMAD9;SMAD4;FSTL1;BMPR1B,10,SMURF1;TGFBR3;ACVR2B;BMPR1A;SMAD5;UBE2D1;SMAD7;SKI;SMAD1;BMP2,546,1
81,DNA Damage Recognition in GG-NER,R3_recurrent_directional,4,Astro;Micro;OPC;Oligo,4,0,0,Astro,-1.2577917744815248,-1.6270711290038185,0.5212952943671636,0.0463952600083668,0.5212952943671636,-1.328411032902209,-1.1683957609768816,1.0926694208067729,1.399030291322893,12,ACTR5;ACTR8;COPS3;COPS7A;CUL4B;GPS1;INO80;MCRS1;PARP1;PARP2;RAD23A;UBA52,30,ACTB;ACTR5;ACTR8;CETN2;COPS3;COPS4;COPS6;COPS7A;COPS7B;COPS8;CUL4B;DDB1;DDB2;GPS1;INO80;INO80D;INO80E;MCRS1;NFRKB;PARP1;PARP2;RAD23A;RBX1;RPS27A;RUVBL1;TFPT;UBA52;UBB;UBC;XPC,30,CUL4B;COPS7B;COPS7A;GPS1;COPS3;UBA52;PARP2;RPS27A;INO80D;COPS8;RBX1;ACTR8;COPS6;RUVBL1;DDB2;UBC;ACTR5;RAD23A;COPS4;INO80E;MCRS1;NFRKB;ACTB;INO80;CETN2;UBB;PARP1;XPC;DDB1;TFPT,12,CUL4B;COPS7A;GPS1;COPS3;UBA52;PARP2;ACTR8;ACTR5;RAD23A;MCRS1;INO80;PARP1,238,2
88,Signaling by ALK,R3_recurrent_directional,4,Astro;Micro;OPC;Oligo,4,0,0,Oligo,1.5170911976602173,1.467589214976505,0.5466696792198117,0.1953069777606775,0.5466696792198117,1.192034043130262,1.1398962068487155,1.0846491461093577,1.467589214976505,8,CD274;EP300;HDAC3;HIF1A;IRS1;MYCN;PIK3CA;PTPRZ1,21,ALK;CD274;DNMT1;EP300;FRS2;HDAC1;HDAC2;HDAC3;HIF1A;IRS1;JAK3;MDK;MYCN;PIK3CA;PIK3R1;PLCG1;PTN;PTPN6;PTPRZ1;SRC;STAT3,21,PIK3R1;STAT3;CD274;IRS1;PIK3CA;PTPRZ1;EP300;DNMT1;FRS2;ALK;HDAC3;JAK3;MYCN;SRC;HDAC1;HIF1A;MDK;PTPN6;PTN;HDAC2;PLCG1,8,CD274;IRS1;PIK3CA;PTPRZ1;EP300;HDAC3;MYCN;HIF1A,279,1
89,Evasion by RSV of host interferon responses,R3_recurrent_directional,4,Astro;Micro;OPC;Oligo,4,0,0,Astro,-1.772030478238946,-1.56548922221077,0.0770666041818761,0.0670273351237974,0.0770666041818761,-1.2359118945855254,-0.8853674291950253,1.0785831906518328,1.56548922221077,11,EIF2AK2;ELOB;EP300;IFIH1;IRF3;RBX1;RPS27A;STAT2;TYK2;UBA52;UBC,19,CREBBP;CUL5;EIF2AK2;ELOB;ELOC;EP300;IFIH1;IFNAR1;IRF3;JAK1;MAVS;RBX1;RPS27A;STAT2;TRIM25;TYK2;UBA52;UBB;UBC,19,IFIH1;IFNAR1;EIF2AK2;UBA52;RPS27A;EP300;RBX1;STAT2;IRF3;TRIM25;UBC;CREBBP;CUL5;UBB;TYK2;JAK1;ELOB;MAVS;ELOC,11,IFIH1;EIF2AK2;UBA52;RPS27A;EP300;RBX1;STAT2;IRF3;UBC;TYK2;ELOB,728,2
90,Epigenetic regulation of adipogenesis genes by MLL3 and MLL4 complexes,R3_recurrent_directional,4,Astro;Micro;OPC;Oligo,4,0,0,Astro,1.1574845352996297,1.2132024814669813,0.5057270977578745,0.5963400278363595,0.5963400278363595,1.189660539762455,1.2950850062260872,1.0747626338719565,1.2218365442252794,26,ANGPTL4;CD36;CDK8;CREBBP;DPY30;EP300;HDAC3;KDM6A;LPIN1;LPL;MED13;MED30;MGLL;NCOA1;NCOA2;PDK4;PHLDA1;PLIN2;PLIN4;RB1;RBBP5;RXRA;SIRT1;TBL1X;TBL1XR1;WDR5,57,ABL1;ACSL1;ACSS3;AGPAT2;ANGPTL4;ASH2L;CCNC;CD36;CDK8;CREBBP;DPY30;ELOVL5;EP300;GPAM;GPS2;HDAC3;KDM6A;KMT2C;KMT2D;LPIN1;LPL;MED1;MED12;MED13;MED17;MED20;MED23;MED24;MED27;MED30;MED31;MED4;MGLL;NCOA1;NCOA2;NCOA6;NCOR1;NCOR2;PAXIP1;PDK4;PEX11A;PHLDA1;PLIN2;PLIN4;PNPLA2;PPARG;PPARGC1A;PPARGC1B;RB1;RBBP5;RXRA;SCD;SCD5;SIRT1;TBL1X;TBL1XR1;WDR5,57,WDR5;PNPLA2;ABL1;KMT2D;RBBP5;RXRA;NCOA1;MED13;ANGPTL4;LPL;PDK4;MED17;PHLDA1;MED30;SIRT1;EP300;ASH2L;GPAM;RB1;PPARG;NCOA2;HDAC3;KDM6A;KMT2C;TBL1XR1;PLIN2;PAXIP1;TBL1X;MED23;MED4;CD36;SCD;PLIN4;MGLL;PEX11A;MED27;SCD5;CREBBP;LPIN1;MED20;NCOA6;NCOR1;MED1;CDK8;DPY30;MED24;AGPAT2;ACSS3;ELOVL5;MED12;CCNC;GPS2;MED31;PPARGC1A;ACSL1;PPARGC1B;NCOR2,26,WDR5;RBBP5;RXRA;NCOA1;MED13;ANGPTL4;LPL;PDK4;PHLDA1;MED30;SIRT1;EP300;RB1;NCOA2;HDAC3;KDM6A;TBL1XR1;PLIN2;TBL1X;CD36;PLIN4;MGLL;CREBBP;LPIN1;CDK8;DPY30,326,7
93,Myogenesis,R3_recurrent_directional,4,Astro;Micro;OPC;Oligo,4,0,0,Astro,1.1099488789855676,1.146466342103428,0.566898859614926,0.6508064939891136,0.6508064939891136,1.0717436065889987,1.2480828079880482,1.0717436065889987,1.1132410605947871,8,BOC;CDH4;CTNNA1;CTNNA2;CTNNB1;MEF2A;TCF12;TCF4,20,BNIP2;BOC;CDH2;CDH4;CDON;CTNNA1;CTNNA2;CTNNB1;MAP2K6;MAPK11;MAPK12;MAPK14;MEF2A;MEF2C;MEF2D;NEO1;SPAG9;TCF12;TCF3;TCF4,20,MAP2K6;CTNNB1;MAPK12;MEF2C;NEO1;CDH4;BOC;TCF12;MEF2A;BNIP2;CTNNA1;CTNNA2;CDON;MAPK14;CDH2;SPAG9;TCF4;TCF3;MEF2D;MAPK11,8,CTNNB1;CDH4;BOC;TCF12;MEF2A;CTNNA1;CTNNA2;TCF4,216,1
97,Erythropoietin activates RAS,R3_recurrent_directional,4,Astro;Micro;OPC;Oligo,4,0,0,Oligo,1.5572254070536211,1.6790346521369648,0.5434365416394087,0.0951030683716954,0.5434365416394087,1.1361356182344498,1.0552614846493484,1.0552614846493484,1.5572254070536211,6,CRKL;IRS2;JAK2;LYN;RAPGEF1;SOS1,12,CRKL;EPOR;GRB2;HRAS;IRS2;JAK2;KRAS;LYN;NRAS;RAPGEF1;SOS1;VAV1,12,RAPGEF1;IRS2;SOS1;HRAS;CRKL;JAK2;VAV1;GRB2;NRAS;LYN;KRAS;EPOR,6,RAPGEF1;IRS2;SOS1;CRKL;JAK2;LYN,308,2
99,Glycerophospholipid biosynthesis,R3_recurrent_directional,4,Astro;Micro;OPC;Oligo,4,0,0,OPC,-1.3150225784526497,-1.344226972046158,0.3732890885435252,0.3951792004867906,0.3951792004867906,-1.226191103485078,-1.167946781989292,1.0506236690869415,1.3150225784526497,29,ACHE;AGK;AGPAT1;AGPAT3;AGPAT4;BCHE;CDIPT;DDHD2;ETNPPL;GPCPD1;GPD1;GPD1L;HADHA;LCLAT1;LPCAT3;MBOAT7;OSBPL5;PCTP;PCYT1A;PCYT1B;PEMT;PISD;PITPNM3;PLA2G15;PNPLA3;PTDSS1;SELENOI;STARD7;TMEM86B,77,ACHE;AGK;AGPAT1;AGPAT2;AGPAT3;AGPAT4;BCHE;CDIPT;CDS1;CDS2;CHKA;CHKB;CPNE1;CPNE6;CRLS1;CSNK2A2;DDHD1;DDHD2;DGAT1;ETNK1;ETNPPL;GNPAT;GPAM;GPAT3;GPAT4;GPCPD1;GPD1;GPD1L;GPD2;HADHA;HADHB;LCLAT1;LPCAT1;LPCAT2;LPCAT3;LPGAT1;LPIN2;LPIN3;MBOAT2;MBOAT7;MFSD2A;MGLL;MIGA2;OSBPL10;OSBPL5;PCTP;PCYT1A;PCYT1B;PCYT2;PEMT;PGP;PISD;PITPNM1;PITPNM3;PLA2G12A;PLA2G15;PLA2G4A;PLA2G4C;PLA2G6;PLA2R1;PLB1;PLBD1;PLD1;PLD2;PLD3;PLD4;PNPLA2;PNPLA3;PNPLA8;PTDSS1;SELENOI;SLC44A1;SLC44A2;SLC44A3;SLC44A5;STARD7;TMEM86B,77,PGP;LPCAT2;GPD1L;PLD3;CPNE6;BCHE;PNPLA2;DDHD2;SLC44A5;LCLAT1;AGPAT1;PEMT;LPCAT3;PISD;AGK;PLA2G15;OSBPL5;PTDSS1;PITPNM3;TMEM86B;AGPAT4;MFSD2A;CDIPT;PCYT1B;PNPLA8;DGAT1;PCYT1A;LPIN2;LPCAT1;GPAM;STARD7;HADHA;PCTP;PLA2G12A;HADHB;CHKA;CDS2;GPAT4;LPGAT1;ACHE;PNPLA3;MBOAT7;PLA2R1;GPCPD1;PLA2G4C;PLB1;CDS1;MGLL;PCYT2;PLA2G6;PLD2;MBOAT2;AGPAT3;DDHD1;GNPAT;GPD1;ETNPPL;OSBPL10;PLD1;AGPAT2;SLC44A3;CHKB;SLC44A1;SLC44A2;GPD2;PLA2G4A;CRLS1;CPNE1;CSNK2A2;PLD4;SELENOI;MIGA2;ETNK1;PITPNM1;GPAT3;PLBD1;LPIN3,29,GPD1L;BCHE;DDHD2;LCLAT1;AGPAT1;PEMT;LPCAT3;PISD;AGK;PLA2G15;OSBPL5;PTDSS1;PITPNM3;TMEM86B;AGPAT4;CDIPT;PCYT1B;PCYT1A;STARD7;HADHA;PCTP;ACHE;PNPLA3;MBOAT7;GPCPD1;AGPAT3;GPD1;ETNPPL;SELENOI,48,2
101,Metabolism of carbohydrates and carbohydrate derivatives,R3_recurrent_directional,4,Astro;Micro;OPC;Oligo,4,0,0,OPC,-1.462760981086842,-1.2884509425245476,0.2733711740236651,0.4678199647118561,0.4678199647118561,-1.0508310399337604,-1.350836569812638,1.0457439983141672,1.2884509425245476,68,ADPGK;AKR1A1;ALDH1A1;B3GNT2;B4GALT2;B4GALT4;B4GALT6;B4GALT7;CALM1;CHP1;CHST1;CHSY3;CRYL1;DCXR;ENO1;ENO2;EXTL2;FAM20B;FUT2;G6PC3;GALNS;GAPDH;GLB1;GLB1L;GLB1L2;GLYCTK;GUSB;HGSNAT;HK1;HKDC1;HS6ST2;HSPG2;MAN2B1;MAN2C1;NUP107;NUP133;NUP214;NUP43;NUP93;PFKFB1;PFKFB2;PFKFB3;PGAM1;PGLS;PHKB;PHKG1;PKM;PPP1R3C;PPP2R1A;PPP2R5D;PRKACA;PRPS1;PXYLP1;RBKS;RPE;RPS27A;SDC2;SEC13;SEH1L;SGSH;SLC35B3;SLC37A4;ST3GAL1;ST3GAL3;TKFC;TPI1;UBA52;XYLB,209,AAAS;ADPGK;AGL;AKR1A1;AKR1B1;AKR1E2;ALDH1A1;ARSB;B3GALT1;B3GALT2;B3GALT4;B3GALT5;B3GALT6;B3GAT1;B3GAT2;B3GAT3;B3GNT2;B3GNT7;B4GALT1;B4GALT2;B4GALT3;B4GALT4;B4GALT5;B4GALT6;B4GALT7;B4GAT1;BCAN;BGN;BPGM;CALM1;CEMIP;CHP1;CHPF;CHPF2;CHST1;CHST12;CHST14;CHST2;CHST6;CHST9;CHSY1;CHSY3;CRYL1;CSGALNACT1;CSPG4;CSPG5;CTSL;DCN;DCXR;DERA;DSE;DSEL;ENO1;ENO2;ENO3;ENO4;EPM2A;EXT1;EXT2;EXTL2;FAM20B;FBP1;FUT2;G6PC3;G6PD;GAA;GALE;GALK1;GALNS;GALT;GAPDH;GAPDHS;GBE1;GCKR;GLB1;GLB1L;GLB1L2;GLCE;GLYCTK;GNPDA1;GNS;GPC1;GPC2;GPC3;GPC4;GPC5;GPC6;GPI;GUSB;GYG1;GYS1;HEXB;HGSNAT;HK1;HK2;HK3;HKDC1;HMMR;HS3ST1;HS3ST5;HS6ST1;HS6ST2;HS6ST3;HSPG2;HYAL1;HYAL2;IDS;IDUA;KHK;LYVE1;MAN2B1;MAN2B2;MAN2C1;MANBA;NCAN;NDST1;NDST3;NUP107;NUP133;NUP153;NUP155;NUP160;NUP188;NUP205;NUP210;NUP214;NUP35;NUP37;NUP43;NUP50;NUP54;NUP58;NUP85;NUP93;NUP98;OGN;PAPSS2;PC;PCK2;PFKFB1;PFKFB2;PFKFB3;PFKFB4;PFKL;PFKM;PFKP;PGAM1;PGD;PGK1;PGLS;PGM1;PGM2;PGM2L1;PHKA1;PHKA2;PHKB;PHKG1;PHKG2;PKM;POM121;POM121C;PPP1R3C;PPP2R1A;PPP2R1B;PPP2R5D;PRKACA;PRPS1;PRPS2;PXYLP1;PYGB;PYGM;RANBP2;RBKS;RHD;RPE;RPIA;RPS27A;SDC1;SDC2;SEC13;SEH1L;SGSH;SLC26A2;SLC2A1;SLC35B2;SLC35B3;SLC35D2;SLC37A1;SLC37A4;SLC9A1;SORD;ST3GAL1;ST3GAL3;ST3GAL4;STAB2;TALDO1;TKFC;TKT;TPI1;TPR;UBA52;UBB;UBC;UGP2;UST;UXS1;XYLB;XYLT1;XYLT2,209,XYLB;GAPDH;GAA;HK2;CRYL1;RPE;PGM1;PGAM1;PKM;GLCE;GPC6;NUP35;PRPS2;PYGB;ENO1;BGN;PGD;PC;GAPDHS;MANBA;B4GALT3;HEXB;B3GAT1;HSPG2;CHST2;HS6ST1;B3GNT2;XYLT2;B4GALT2;UST;GALE;B4GALT1;CHST12;B3GALT1;SGSH;CSPG5;TKFC;G6PC3;B4GALT7;HGSNAT;CHSY3;EXTL2;PGLS;ADPGK;NUP93;PRKACA;EXT1;ST3GAL4;PXYLP1;CHP1;SLC37A1;MAN2B2;NUP107;NUP214;SEH1L;NUP54;GALNS;PRPS1;HS6ST2;ST3GAL1;PFKFB1;ST3GAL3;UBA52;RPS27A;CHST6;SEC13;SLC37A4;AKR1B1;NUP50;B3GAT3;NUP43;DCXR;PHKG2;NUP153;GLB1;TKT;TALDO1;G6PD;XYLT1;B4GALT4;PFKFB2;NUP37;GALK1;NUP133;GYS1;GUSB;EXT2;POM121;FAM20B;NUP160;PFKL;EPM2A;NUP188;FUT2;ALDH1A1;GPC5;CHST1;GLYCTK;BCAN;SDC2;ENO4;RBKS;TPI1;HS3ST1;GLB1L;ENO2;HYAL2;PPP2R5D;GALT;HYAL1;PCK2;GPC2;B4GALT6;UBC;PHKG1;CHST14;AKR1E2;B4GAT1;RPIA;BPGM;SLC26A2;AAAS;GPC3;RANBP2;GPI;PPP2R1A;MAN2C1;SLC35B3;B3GALT5;NCAN;CTSL;GNPDA1;KHK;AKR1A1;SORD;DERA;AGL;DSE;HK1;IDUA;UGP2;CALM1;PHKB;NUP155;NDST1;SLC35B2;PPP2R1B;UXS1;SLC9A1;NUP58;GBE1;DSEL;HKDC1;GLB1L2;PAPSS2;SDC1;RHD;HK3;NDST3;PFKFB3;SLC2A1;B3GAT2;GYG1;PFKP;GPC1;STAB2;B3GALT2;UBB;GPC4;CHPF;B3GALT6;FBP1;PYGM;PHKA1;PFKM;PFKFB4;CHST9;CHSY1;NUP98;MAN2B1;TPR;SLC35D2;IDS;B3GALT4;GNS;B4GALT5;CHPF2;NUP205;HS3ST5;CSGALNACT1;PPP1R3C;POM121C;PHKA2;PGM2L1;CEMIP;HS6ST3;PGM2;PGK1;ARSB;NUP85;NUP210;GCKR;LYVE1;ENO3;HMMR;DCN;B3GNT7;CSPG4;OGN,68,XYLB;GAPDH;CRYL1;RPE;PGAM1;PKM;ENO1;HSPG2;B3GNT2;B4GALT2;SGSH;TKFC;G6PC3;B4GALT7;HGSNAT;CHSY3;EXTL2;PGLS;ADPGK;NUP93;PRKACA;PXYLP1;CHP1;NUP107;NUP214;SEH1L;GALNS;PRPS1;HS6ST2;ST3GAL1;PFKFB1;ST3GAL3;UBA52;RPS27A;SEC13;SLC37A4;NUP43;DCXR;GLB1;B4GALT4;PFKFB2;NUP133;GUSB;FAM20B;FUT2;ALDH1A1;CHST1;GLYCTK;SDC2;RBKS;TPI1;GLB1L;ENO2;PPP2R5D;B4GALT6;PHKG1;PPP2R1A;MAN2C1;SLC35B3;AKR1A1;HK1;CALM1;PHKB;HKDC1;GLB1L2;PFKFB3;MAN2B1;PPP1R3C,2,3
103,Mitochondrial Fatty Acid Beta-Oxidation,R3_recurrent_directional,4,Astro;Micro;OPC;Oligo,4,0,0,Astro,-1.3389340448872564,-1.65697439375065,0.4845567695900217,0.0384144004126065,0.4845567695900217,-1.0412669137499406,-1.2443588071322798,1.0412669137499406,1.4028467419415889,5,ECHS1;HADHA;MCAT;MECR;NDUFAB1,29,ACAA2;ACAD10;ACADL;ACADM;ACADS;ACADVL;ACBD7;ACOT11;ACOT13;ACOT2;ACOT7;ACOT9;ACSF2;ACSM3;ACSM6;DECR1;ECHS1;HADH;HADHA;HADHB;MCAT;MCEE;MECR;MMAA;NDUFAB1;PCCA;PCCB;PCTP;THEM4,29,DECR1;ECHS1;ACOT13;ACADVL;MCAT;ACSM3;MECR;ACOT7;HADHA;PCTP;HADHB;PCCB;ACOT11;ACAA2;ACAD10;MMAA;ACADM;PCCA;NDUFAB1;HADH;ACOT2;ACSF2;MCEE;THEM4;ACADS;ACOT9;ACSM6;ACADL;ACBD7,5,ECHS1;MCAT;MECR;HADHA;NDUFAB1,56,1
104,Regulation of BACH1 activity,R3_recurrent_directional,4,Astro;Micro;OPC;Oligo,4,0,0,Astro,-1.2058393020675109,-1.4356810597272511,0.5964606341686939,0.1356658550022494,0.5964606341686939,-1.0410182969195962,-1.1943780474862615,1.0410182969195962,1.2058393020675109,3,SKP1;UBA52;UBC,11,BACH1;CUL1;FBXL17;MAFK;RBX1;RPS27A;SKP1;SKP2;UBA52;UBB;UBC,11,FBXL17;UBA52;RPS27A;RBX1;CUL1;UBC;SKP2;MAFK;BACH1;SKP1;UBB,3,UBA52;UBC;SKP1,2489,1
109,The NLRP3 inflammasome,R3_recurrent_directional,4,Astro;Micro;OPC;Oligo,4,0,0,Oligo,1.3839374226958971,1.6102129530105158,0.5602929452972373,0.1197963767458912,0.5602929452972373,1.421392873701249,1.2148911112117964,1.0327403435008928,1.3839374226958971,6,CASP1;NFKB1;NFKB2;PANX1;RELA;SUGT1,12,APP;CASP1;HMOX1;HSP90AB1;NFKB1;NFKB2;P2RX7;PANX1;PSTPIP1;RELA;SUGT1;TXNIP,12,APP;RELA;SUGT1;PANX1;NFKB2;PSTPIP1;NFKB1;P2RX7;CASP1;TXNIP;HSP90AB1;HMOX1,6,RELA;SUGT1;PANX1;NFKB2;NFKB1;CASP1,481,4
112,Meiosis,R3_recurrent_directional,4,Astro;Micro;OPC;Oligo,4,0,0,Oligo,1.565714801021629,1.3144777089945052,0.5549566353918043,0.3105064554166779,0.5549566353918043,1.1409427363482392,1.3522632175499385,1.029154344257174,1.4499471274000286,20,ATM;DMC1;HSPA2;LMNB1;MLH1;MND1;RAD51C;RBBP8;RPA1;SMC1A;SMC1B;SMC3;STAG2;SYCP2;SYCP3;SYNE1;SYNE2;TERF2IP;TEX15;TINF2,47,ACD;ATM;ATR;BLM;BRCA1;BRCA2;CDK2;CDK4;DIDO1;DMC1;FIGNL1;HSPA2;LMNA;LMNB1;MLH1;MLH3;MND1;MRE11;MSH4;POT1;PSMC3IP;RAD21;RAD51C;RBBP8;REC8;RPA1;RPA2;RPA3;SMC1A;SMC1B;SMC3;STAG1;STAG2;STAG3;SUN1;SUN2;SYCE2;SYCP2;SYCP3;SYNE1;SYNE2;TERF1;TERF2;TERF2IP;TEX15;TINF2;UBE2I,47,RPA2;DIDO1;SYNE2;RAD51C;MSH4;TERF2IP;RAD21;STAG1;ACD;MND1;SYCP2;STAG2;ATM;RPA1;HSPA2;SMC3;MLH3;MLH1;SYNE1;UBE2I;LMNA;TERF2;SMC1B;SYCP3;LMNB1;STAG3;RBBP8;SMC1A;BRCA1;TINF2;SUN1;TERF1;TEX15;RPA3;SYCE2;SUN2;BRCA2;REC8;CDK2;BLM;FIGNL1;ATR;DMC1;CDK4;POT1;MRE11;PSMC3IP,20,SYNE2;RAD51C;TERF2IP;MND1;SYCP2;STAG2;ATM;RPA1;HSPA2;SMC3;MLH1;SYNE1;SMC1B;SYCP3;LMNB1;RBBP8;SMC1A;TINF2;TEX15;DMC1,374,3
122,Role of LAT2/NTAL/LAB on calcium mobilization,R3_recurrent_directional,4,Astro;Micro;OPC;Oligo,4,0,0,OPC,1.514546242629558,1.3525513338501811,0.5720008679938188,0.4110578773288805,0.5720008679938188,1.2374881704197842,1.0269579700442857,1.0156084067469422,1.3525513338501811,4,FYN;LAT2;PIK3CA;SOS1,11,FYN;GAB2;GRB2;IGLV10-54;LAT2;LYN;PDPK1;PIK3CA;PIK3R1;SOS1;SYK,11,PIK3R1;PDPK1;PIK3CA;SOS1;SYK;LAT2;GRB2;GAB2;FYN;LYN;IGLV10-54,4,PIK3CA;SOS1;LAT2;FYN,279,2
124,Recruitment of NuMA to mitotic centrosomes,R3_recurrent_directional,4,Astro;Micro;OPC;Oligo,4,0,0,OPC,-1.0173075033358931,-1.4276085344673837,0.6700007614011578,0.3232393980315109,0.6700007614011578,-1.009346479130591,-1.5685438656054358,1.009346479130591,1.3031368784395605,20,ACTR1A;CEP164;CEP192;CEP41;CKAP5;DCTN2;DCTN3;DYNC1H1;MAPRE1;NME7;PLK4;PPP2R1A;PRKACA;SDCCAG8;TUBA1B;TUBB;TUBB2A;TUBB4A;TUBB4B;TUBGCP2,61,ACTR1A;ALMS1;CDK5RAP2;CEP131;CEP164;CEP192;CEP41;CEP72;CEP76;CEP78;CETN2;CKAP5;CNTRL;CSNK1D;CSNK1E;DCTN1;DCTN2;DCTN3;DYNC1H1;DYNC1I2;DYNLL1;HAUS1;HAUS5;HAUS6;HAUS8;HSP90AA1;MAPRE1;MZT1;MZT2A;MZT2B;NDE1;NME7;NUMA1;ODF2;OFD1;PCNT;PLK4;PPP2R1A;PRKACA;PRKAR2B;SDCCAG8;SSNA1;TUBA1A;TUBA1B;TUBA4A;TUBA8;TUBB;TUBB2A;TUBB2B;TUBB4A;TUBB4B;TUBB6;TUBB8;TUBG1;TUBG2;TUBGCP2;TUBGCP4;TUBGCP5;TUBGCP6;YWHAE;YWHAG,61,HSP90AA1;DCTN3;CDK5RAP2;PRKACA;TUBGCP2;CEP164;ALMS1;TUBGCP4;SDCCAG8;TUBB4A;TUBB2A;TUBA1B;HAUS8;MAPRE1;TUBB;CSNK1D;DYNC1H1;CEP192;PLK4;TUBB4B;DCTN2;TUBB2B;CSNK1E;PPP2R1A;ACTR1A;MZT2B;HAUS5;HAUS1;CEP131;TUBGCP6;MZT1;NUMA1;MZT2A;ODF2;NME7;OFD1;SSNA1;TUBGCP5;TUBB8;PRKAR2B;CETN2;TUBB6;NDE1;TUBA1A;CEP76;CEP41;CEP72;DYNC1I2;CEP78;PCNT;TUBG2;CKAP5;HAUS6;YWHAE;TUBA8;CNTRL;YWHAG;DCTN1;DYNLL1;TUBG1;TUBA4A,20,DCTN3;PRKACA;TUBGCP2;CEP164;SDCCAG8;TUBB4A;TUBB2A;TUBA1B;MAPRE1;TUBB;DYNC1H1;CEP192;PLK4;TUBB4B;DCTN2;PPP2R1A;ACTR1A;NME7;CEP41;CKAP5,192,5
125,CDC42 GTPase cycle,R3_recurrent_directional,4,Astro;Micro;OPC;Oligo,4,0,0,Astro,1.750550972836104,1.425742526151879,0.0771668733636488,0.5103870420388685,0.5103870420388685,1.162105786822509,1.5307918358517862,1.0092212832009089,1.425742526151879,41,ARAP2;ARHGAP10;ARHGAP17;ARHGAP21;ARHGAP24;ARHGAP35;ARHGAP39;ARHGAP5;ARHGEF12;ARHGEF6;ARHGEF7;CAV1;CDC42BPA;CDC42EP4;CPNE8;DOCK11;DOCK6;DOCK7;DOCK8;FARP1;GNA13;IQGAP1;IQGAP2;KTN1;MCF2L;MYO9B;NGEF;PLEKHG1;RACGAP1;SH3PXD2A;SHKBP1;SNAP23;SRGAP1;STARD13;STEAP3;STOM;TMPO;TRIO;VAMP3;VANGL1;WASL,105,ABR;ARAP1;ARAP2;ARFGAP3;ARHGAP1;ARHGAP10;ARHGAP17;ARHGAP20;ARHGAP21;ARHGAP24;ARHGAP26;ARHGAP29;ARHGAP32;ARHGAP35;ARHGAP39;ARHGAP42;ARHGAP5;ARHGDIG;ARHGEF12;ARHGEF25;ARHGEF26;ARHGEF4;ARHGEF6;ARHGEF7;BAIAP2;BCR;CAV1;CDC42BPA;CDC42BPB;CDC42EP1;CDC42EP3;CDC42EP4;CHN1;CPNE8;DAAM1;DEF6;DIAPH3;DLC1;DNMBP;DOCK11;DOCK6;DOCK7;DOCK8;DOCK9;ECT2;FAM13B;FARP1;FGD1;FGD4;FMNL2;FMNL3;FNBP1;FNBP1L;GIT1;GIT2;GNA13;IQGAP1;IQGAP2;ITSN1;JUP;KTN1;LBR;MAP3K11;MCF2;MCF2L;MYO9B;NGEF;OPHN1;PAK2;PAK3;PAK4;PAK5;PIK3R1;PLD1;PLEKHG1;PLEKHG2;PLEKHG3;PREX2;RAB7A;RACGAP1;RALBP1;RASGRF2;SCRIB;SH3PXD2A;SHKBP1;SNAP23;SRGAP1;SRGAP2;SRGAP3;STARD13;STEAP3;STOM;TFRC;TIAM1;TMPO;TRIO;VAMP3;VANGL1;VAV2;VAV3;WASL;WDR81;WIPF1;WIPF2;WIPF3,105,SNAP23;PIK3R1;VAMP3;RAB7A;RACGAP1;DEF6;TMPO;CDC42EP4;PLEKHG1;DOCK7;STOM;ARHGAP10;DOCK11;ARHGAP39;ARHGAP5;ARHGEF26;ARHGEF12;FARP1;ARHGEF7;FAM13B;ARHGEF4;PAK2;FNBP1L;ARHGDIG;IQGAP2;TFRC;ARAP2;SH3PXD2A;SHKBP1;CPNE8;ARHGAP17;ARHGAP24;SRGAP1;STEAP3;IQGAP1;GNA13;ARHGAP32;ECT2;ARHGAP21;WASL;ARFGAP3;WIPF2;VAV2;JUP;WDR81;RALBP1;ARHGAP26;ARHGEF6;ARAP1;GIT2;FGD4;CAV1;RASGRF2;DOCK6;NGEF;FGD1;PLEKHG2;DOCK8;MCF2L;MCF2;MYO9B;CDC42BPA;SCRIB;FNBP1;STARD13;BAIAP2;ARHGAP29;DOCK9;GIT1;DNMBP;TRIO;ITSN1;TIAM1;ABR;LBR;FMNL3;CDC42EP3;ARHGAP35;KTN1;SRGAP3;WIPF1;PAK4;PLD1;ARHGAP20;VANGL1;PAK3;WIPF3;CDC42EP1;ARHGAP42;PLEKHG3;VAV3;BCR;DIAPH3;SRGAP2;CDC42BPB;OPHN1;PAK5;CHN1;DLC1;ARHGAP1;PREX2;FMNL2;MAP3K11;DAAM1;ARHGEF25,41,SNAP23;VAMP3;RACGAP1;TMPO;CDC42EP4;PLEKHG1;DOCK7;STOM;ARHGAP10;DOCK11;ARHGAP39;ARHGAP5;ARHGEF12;FARP1;ARHGEF7;IQGAP2;ARAP2;SH3PXD2A;SHKBP1;CPNE8;ARHGAP17;ARHGAP24;SRGAP1;STEAP3;IQGAP1;GNA13;ARHGAP21;WASL;ARHGEF6;CAV1;DOCK6;NGEF;DOCK8;MCF2L;MYO9B;CDC42BPA;STARD13;TRIO;ARHGAP35;KTN1;VANGL1,71,6
128,HATs acetylate histones,R3_recurrent_directional,4,Astro;Micro;OPC;Oligo,4,0,0,Oligo,1.0309711314470331,1.6970310228266463,0.8187099262110871,0.0896965077605321,0.8187099262110871,1.0301158721934942,1.058275925005029,1.001925241974124,1.0309711314470331,26,ACTL6A;ATF2;BRD1;BRPF3;CLOCK;CREBBP;DR1;ELP3;EP300;HCFC1;ING3;ING4;JADE1;JADE2;KAT2B;KAT6A;MBIP;MSL2;NCOA1;NCOA2;OGT;PHF20;RUVBL1;SUPT20H;TADA2B;WDR5,67,ACTL6A;ATF2;BRD1;BRD8;BRPF1;BRPF3;CLOCK;CREBBP;DR1;ELP1;ELP2;ELP3;ELP4;ELP5;ENY2;EP300;EP400;EPC1;HAT1;HCFC1;ING3;ING4;ING5;JADE1;JADE2;JADE3;KAT14;KAT2A;KAT2B;KAT5;KAT6A;KAT6B;KAT7;KAT8;MBIP;MCRS1;MEAF6;MORF4L1;MORF4L2;MRGBP;MSL1;MSL2;MSL3;NCOA1;NCOA2;OGT;PHF20;RBBP7;RUVBL1;RUVBL2;SGF29;SUPT20H;SUPT3H;TADA1;TADA2A;TADA2B;TADA3;TAF10;TAF12;TAF5L;TAF6L;TRRAP;USP22;VPS72;WDR5;YEATS2;YEATS4,67,WDR5;BRD1;BRPF1;TAF12;TADA2A;HAT1;JADE1;MSL2;ATF2;MSL1;TADA2B;MEAF6;CLOCK;ELP3;NCOA1;MRGBP;ELP2;JADE2;RUVBL2;ACTL6A;SUPT20H;YEATS2;EP300;DR1;OGT;ING4;SGF29;NCOA2;RUVBL1;MBIP;ING5;SUPT3H;ELP4;ING3;KAT2A;KAT5;TAF6L;MSL3;TRRAP;KAT6A;KAT2B;JADE3;CREBBP;MCRS1;HCFC1;BRPF3;TAF10;ELP5;EP400;BRD8;TAF5L;EPC1;MORF4L2;RBBP7;VPS72;ENY2;PHF20;YEATS4;KAT6B;KAT7;KAT8;ELP1;KAT14;TADA3;TADA1;USP22;MORF4L1,26,WDR5;BRD1;JADE1;MSL2;ATF2;TADA2B;CLOCK;ELP3;NCOA1;JADE2;ACTL6A;SUPT20H;EP300;DR1;OGT;ING4;NCOA2;RUVBL1;MBIP;ING3;KAT6A;KAT2B;CREBBP;HCFC1;BRPF3;PHF20,326,3
131,Diseases of metabolism,R3_recurrent_directional,4,Astro;Micro;OPC;Oligo,4,0,0,OPC,-1.5571454597471002,-1.6302591239233255,0.202145018160348,0.1565318860310321,0.202145018160348,-1.495966911985214,-1.0012849770902383,1.0012849770902383,1.5571454597471002,58,ADAMTS18;ADAMTS19;ADAMTS4;AHCY;ALG11;ALG14;ALG6;ALG9;APRT;ASL;B4GALT7;BCKDK;CD320;CTSA;CYP2R1;CYP7B1;DCXR;DHDDS;DOLK;DPM2;ECHS1;FDXR;G6PC3;GALNS;GALNT12;GALT;GCLM;GLB1;GSS;GUSB;HGSNAT;IDH1;LFNG;MAN1B1;MCCC1;MCCC2;MMAB;MOGS;MPI;MTR;NMRAL1;OPLAH;PNP;POMT1;POMT2;PPP1R3C;RFT1;RPS27A;SDC2;SGSH;SLC37A4;SRD5A3;ST3GAL3;TBXAS1;TCN2;THSD4;TPMT;UBA52,167,ACACA;ACAT1;ADA;ADAMTS1;ADAMTS10;ADAMTS14;ADAMTS15;ADAMTS16;ADAMTS17;ADAMTS18;ADAMTS19;ADAMTS2;ADAMTS20;ADAMTS3;ADAMTS4;ADAMTS6;ADAMTS7;ADAMTS9;ADAMTSL1;ADAMTSL2;ADAMTSL4;AHCY;ALG1;ALG11;ALG12;ALG14;ALG2;ALG3;ALG6;ALG8;ALG9;APRT;ARSB;ASL;B3GALT6;B3GAT3;B4GALT1;B4GALT7;B4GAT1;BCAN;BCKDK;BGN;BTD;C1GALT1;CD320;CFP;CHST14;CHSY1;CSF2RB;CSPG4;CSPG5;CTSA;CYP11A1;CYP26B1;CYP27A1;CYP2R1;CYP2U1;CYP7B1;DBT;DCN;DCXR;DHDDS;DLD;DOLK;DPAGT1;DPM2;DPM3;ECHS1;EPM2A;EXT1;EXT2;FDXR;FMO3;G6PC3;GAA;GALE;GALK1;GALNS;GALNT12;GALNT3;GALT;GBE1;GCLC;GCLM;GGT1;GLB1;GNE;GNS;GPC1;GPC2;GPC3;GPC4;GPC5;GPC6;GSS;GUSB;GYG1;GYS1;HEXB;HGSNAT;HLCS;HPRT1;HSPG2;HYAL1;IDH1;IDS;IDUA;IVD;KHK;LFNG;LMBRD1;MAN1B1;MAOA;MCCC1;MCCC2;MGAT2;MMAA;MMAB;MMACHC;MOGS;MPI;MTR;MTRR;NCAN;NEU1;NMRAL1;NUS1;OGN;OPLAH;PAH;PAPSS2;PC;PCCA;PCCB;PGM1;PNP;POMC;POMT1;POMT2;PPM1K;PPP1R3C;RFT1;RPIA;RPS27A;SDC1;SDC2;SEMA5A;SGSH;SLC25A15;SLC26A2;SLC35D1;SLC37A4;SPON1;SPON2;SRD5A3;ST3GAL3;TALDO1;TBXAS1;TCN2;THBS2;THSD1;THSD4;THSD7B;TPMT;UBA52;UBB;UBC,167,GAA;APRT;IVD;ECHS1;IDH1;PGM1;GPC6;TBXAS1;ACAT1;BGN;PC;HEXB;HSPG2;SPON1;TCN2;HPRT1;MGAT2;ADAMTSL1;GALE;B4GALT1;SRD5A3;GSS;SGSH;CSPG5;MMAB;G6PC3;B4GALT7;HGSNAT;NMRAL1;DPM2;MAOA;EXT1;POMT2;RFT1;ADAMTS6;MAN1B1;MTRR;GALNS;ADAMTS4;PNP;CYP7B1;ADAMTS2;ALG9;ST3GAL3;DOLK;ASL;THSD4;UBA52;BCKDK;RPS27A;AHCY;CTSA;CD320;LFNG;MOGS;SLC37A4;TPMT;B3GAT3;FDXR;DCXR;ALG14;MCCC2;MTR;GLB1;ALG2;TALDO1;MPI;MMACHC;GALK1;GYS1;PCCB;MCCC1;SLC35D1;GUSB;EXT2;EPM2A;GPC5;BCAN;SDC2;ADAMTS7;GALT;ADAMTS1;THSD7B;ADAMTSL4;HYAL1;SLC25A15;GPC2;UBC;CHST14;ADAMTS14;B4GAT1;RPIA;ALG6;ADAMTS9;ADAMTS19;SLC26A2;NUS1;GPC3;GGT1;GCLM;NCAN;ALG11;ADAMTS17;DHDDS;KHK;DLD;ACACA;IDUA;MMAA;ADAMTS3;ALG1;HLCS;SEMA5A;C1GALT1;CYP2U1;ALG8;GCLC;LMBRD1;GBE1;GNE;PCCA;ADAMTS18;PAPSS2;SPON2;ADAMTS16;GALNT3;SDC1;OPLAH;GYG1;GPC1;UBB;ADA;DPAGT1;GPC4;B3GALT6;GALNT12;PAH;ALG3;ADAMTS10;CHSY1;DPM3;CYP26B1;NEU1;CYP11A1;THSD1;IDS;POMT1;GNS;PPM1K;ADAMTS20;ALG12;CYP2R1;PPP1R3C;CYP27A1;THBS2;ARSB;ADAMTSL2;BTD;DBT;POMC;FMO3;ADAMTS15;DCN;CSF2RB;CSPG4;CFP;OGN,58,APRT;ECHS1;IDH1;TBXAS1;TCN2;SRD5A3;GSS;SGSH;MMAB;G6PC3;B4GALT7;HGSNAT;NMRAL1;DPM2;POMT2;RFT1;MAN1B1;GALNS;ADAMTS4;PNP;CYP7B1;ALG9;ST3GAL3;DOLK;ASL;THSD4;UBA52;BCKDK;RPS27A;AHCY;CTSA;CD320;LFNG;MOGS;SLC37A4;TPMT;FDXR;DCXR;ALG14;MCCC2;MTR;GLB1;MPI;MCCC1;GUSB;SDC2;GALT;ALG6;ADAMTS19;GCLM;ALG11;DHDDS;ADAMTS18;OPLAH;GALNT12;POMT1;CYP2R1;PPP1R3C,37,1
138,ERBB2 Regulates Cell Motility,R3_recurrent_directional,4,Astro;Micro;OPC;Oligo,4,0,0,Micro,1.3414420099452384,2.0159829354915284,0.5779591620593858,0.0052076279784875,0.5779591620593858,1.30537082621052,1.0381892454196908,0.9921391756384964,1.3414420099452384,7,DIAPH1;EGF;EGFR;ERBB3;ERBB4;NRG2;NRG3,11,DIAPH1;EGF;EGFR;ERBB2;ERBB3;ERBB4;HBEGF;MEMO1;NRG1;NRG2;NRG3,11,EGFR;ERBB2;ERBB3;EGF;NRG3;ERBB4;DIAPH1;NRG2;NRG1;MEMO1;HBEGF,7,EGFR;ERBB3;EGF;NRG3;ERBB4;DIAPH1;NRG2,512,4
140,NOTCH1 Intracellular Domain Regulates Transcription,R3_recurrent_directional,4,Astro;Micro;OPC;Oligo,4,0,0,Astro,-0.9847573280423736,-1.2184922885205494,0.8007294307787197,0.3228857836628531,0.8007294307787197,1.0060615335033998,1.10608441630886,0.9895878918708136,1.0177046113075456,22,CDK8;CREBBP;EP300;HDAC3;HDAC4;HDAC7;HDAC9;HES1;HES5;HEY2;KAT2B;MAML2;MAML3;MAMLD1;NBEA;NOTCH1;RBPJ;TBL1X;TBL1XR1;TLE1;TLE4;UBA52,44,CCNC;CDK8;CREBBP;CUL1;EP300;FBXW7;HDAC1;HDAC10;HDAC11;HDAC2;HDAC3;HDAC4;HDAC5;HDAC6;HDAC7;HDAC9;HES1;HES5;HEY1;HEY2;HEYL;HIF1A;KAT2A;KAT2B;MAML1;MAML2;MAML3;MAMLD1;NBEA;NCOR2;NOTCH1;RBPJ;RBX1;RPS27A;SKP1;TBL1X;TBL1XR1;TLE1;TLE2;TLE3;TLE4;UBA52;UBB;UBC,44,HDAC6;HEY1;NOTCH1;TLE2;HDAC4;HDAC9;HEY2;UBA52;RPS27A;MAML2;TLE4;EP300;RBX1;CUL1;HDAC3;TBL1XR1;TBL1X;HES5;MAMLD1;TLE3;UBC;KAT2A;TLE1;HDAC1;NBEA;RBPJ;SKP1;MAML3;KAT2B;HIF1A;CREBBP;HDAC5;MAML1;CDK8;FBXW7;HDAC7;HEYL;HES1;UBB;CCNC;HDAC11;HDAC2;NCOR2;HDAC10,22,NOTCH1;HDAC4;HDAC9;HEY2;UBA52;MAML2;TLE4;EP300;HDAC3;TBL1XR1;TBL1X;HES5;MAMLD1;TLE1;NBEA;RBPJ;MAML3;KAT2B;CREBBP;CDK8;HDAC7;HES1,111,9
145,Intraflagellar transport,R3_recurrent_directional,4,Astro;Micro;OPC;Oligo,4,0,0,Micro,-1.3880625191343647,-1.6681760528729004,0.6089001558517898,0.0416215831332338,0.6089001558517898,-0.979221657632158,-1.6666512732122636,0.979221657632158,1.3880625191343647,10,CLUAP1;DYNC2H1;DYNLL2;IFT20;IFT27;KIF3C;TUBA1A;TUBA1B;TUBB4A;TUBB4B,36,CLUAP1;DYNC2H1;DYNC2LI1;DYNLL1;DYNLL2;DYNLRB1;DYNLRB2;IFT122;IFT140;IFT172;IFT20;IFT22;IFT27;IFT43;IFT46;IFT52;IFT57;IFT74;IFT81;KIF17;KIF3A;KIF3B;KIF3C;KIFAP3;TNPO1;TRAF3IP1;TTC21B;TUBA1A;TUBA1B;TUBA4A;TUBB2A;TUBB2B;TUBB4A;TUBB4B;TUBB6;WDR35,36,DYNLRB1;IFT27;IFT81;TUBB4A;TUBB2A;TUBA1B;TNPO1;IFT140;DYNC2H1;TRAF3IP1;IFT20;IFT74;IFT57;TUBB4B;IFT22;TUBB2B;DYNLRB2;IFT122;KIF3C;IFT172;KIF3B;IFT46;KIF3A;TTC21B;WDR35;DYNC2LI1;IFT43;KIF17;TUBB6;TUBA1A;IFT52;DYNLL2;CLUAP1;DYNLL1;KIFAP3;TUBA4A,10,IFT27;TUBB4A;TUBA1B;DYNC2H1;IFT20;TUBB4B;KIF3C;TUBA1A;DYNLL2;CLUAP1,446,1
147,Regulation of PTEN mRNA translation,R3_recurrent_directional,4,Astro;Micro;OPC;Oligo,4,0,0,OPC,1.5055378482495252,1.357330406918752,0.5928121037539361,0.4220304019182704,0.5928121037539361,0.9780981342033668,1.3023295099605623,0.9780981342033668,1.357330406918752,4,AGO3;CNOT6L;PTEN;VAPA,10,AGO2;AGO3;AGO4;CNOT6L;MOV10;PTEN;TNRC6A;TNRC6B;TNRC6C;VAPA,10,CNOT6L;PTEN;MOV10;VAPA;AGO3;TNRC6B;AGO2;TNRC6C;TNRC6A;AGO4,4,CNOT6L;PTEN;VAPA;AGO3,1468,4
149,Mitochondrial translation elongation,R3_recurrent_directional,4,Astro;Micro;OPC;Oligo,4,0,0,Astro,-1.472304763382276,-2.2939370871523304,0.3473163120953319,7.609439513268702e-05,0.3473163120953319,-1.158269102949931,-1.8833493837748836,0.9731588311598924,1.472304763382276,34,AURKAIP1;GFM1;MRPL16;MRPL2;MRPL20;MRPL21;MRPL23;MRPL24;MRPL27;MRPL32;MRPL33;MRPL34;MRPL35;MRPL37;MRPL4;MRPL41;MRPL42;MRPL43;MRPL45;MRPL49;MRPL54;MRPL55;MRPL9;MRPS14;MRPS15;MRPS18A;MRPS18B;MRPS21;MRPS25;MRPS26;MRPS34;MRPS7;OXA1L;TUFM,68,AURKAIP1;CHCHD1;DAP3;ERAL1;GADD45GIP1;GFM1;MRPL1;MRPL10;MRPL11;MRPL13;MRPL14;MRPL15;MRPL16;MRPL17;MRPL18;MRPL2;MRPL20;MRPL21;MRPL22;MRPL23;MRPL24;MRPL27;MRPL28;MRPL32;MRPL33;MRPL34;MRPL35;MRPL36;MRPL37;MRPL39;MRPL4;MRPL40;MRPL41;MRPL42;MRPL43;MRPL44;MRPL45;MRPL47;MRPL49;MRPL51;MRPL52;MRPL54;MRPL55;MRPL57;MRPL58;MRPL9;MRPS10;MRPS11;MRPS12;MRPS14;MRPS15;MRPS18A;MRPS18B;MRPS18C;MRPS21;MRPS22;MRPS23;MRPS25;MRPS26;MRPS28;MRPS33;MRPS34;MRPS7;MRPS9;OXA1L;PTCD3;TSFM;TUFM,68,MRPL28;MRPS14;MRPL2;GADD45GIP1;MRPL55;MRPL23;MRPS7;TUFM;MRPL41;MRPS18A;MRPS25;MRPS21;MRPS34;MRPL15;MRPL9;MRPL37;MRPL54;MRPL24;MRPS11;MRPL20;MRPL40;MRPS28;MRPL18;AURKAIP1;MRPL32;MRPL27;OXA1L;MRPS18B;GFM1;MRPL43;TSFM;MRPL47;CHCHD1;MRPS18C;MRPS33;MRPS22;MRPL45;MRPL36;MRPS15;MRPL51;MRPL16;MRPS23;MRPL35;MRPL57;MRPL33;MRPL49;MRPL21;MRPL10;MRPL52;MRPL39;MRPL4;ERAL1;MRPS9;PTCD3;DAP3;MRPL34;MRPL17;MRPL22;MRPS12;MRPS26;MRPL1;MRPL11;MRPL42;MRPS10;MRPL58;MRPL14;MRPL44;MRPL13,34,MRPS14;MRPL2;MRPL55;MRPL23;MRPS7;TUFM;MRPL41;MRPS18A;MRPS25;MRPS21;MRPS34;MRPL9;MRPL37;MRPL54;MRPL24;MRPL20;AURKAIP1;MRPL32;MRPL27;OXA1L;MRPS18B;GFM1;MRPL43;MRPL45;MRPS15;MRPL16;MRPL35;MRPL33;MRPL49;MRPL21;MRPL4;MRPL34;MRPS26;MRPL42,86,5
153,Gap junction trafficking and regulation,R3_recurrent_directional,4,Astro;Micro;OPC;Oligo,4,0,0,OPC,-1.251377520180677,-1.6624927468818194,0.4316161592606068,0.1405157970232526,0.4316161592606068,-0.9679473048916192,-1.945020214070721,0.9679473048916192,1.251377520180677,11,ACTG1;CLTA;CLTB;CLTCL1;DNM1;GJB1;TUBA1B;TUBB2A;TUBB2B;TUBB4A;TUBB4B,24,ACTB;ACTG1;AP2M1;CLTA;CLTB;CLTC;CLTCL1;DNM1;DNM2;GJB1;GJC2;MYO6;SRC;TJP1;TUBA1A;TUBA1B;TUBA4A;TUBA8;TUBB2A;TUBB2B;TUBB4A;TUBB4B;TUBB6;TUBB8,24,TJP1;MYO6;DNM1;DNM2;CLTC;TUBB4A;TUBB2A;TUBA1B;CLTA;CLTB;TUBB4B;TUBB2B;CLTCL1;SRC;ACTG1;ACTB;TUBB8;TUBB6;TUBA1A;GJC2;AP2M1;TUBA8;GJB1;TUBA4A,11,DNM1;TUBB4A;TUBB2A;TUBA1B;CLTA;CLTB;TUBB4B;TUBB2B;CLTCL1;ACTG1;GJB1,112,6
155,RHOU GTPase cycle,R3_recurrent_directional,4,Astro;Micro;OPC;Oligo,4,0,0,OPC,1.14176047252749,1.297144780855896,0.779804913875787,0.4584163217337392,0.779804913875787,0.9068139259090552,0.9930194140213606,0.966316999590505,1.14176047252749,14,ARHGAP30;ARHGEF6;ARHGEF7;DEPDC1B;EPHA2;GIT1;ITSN2;MYO6;NCK1;NCK2;PAK2;PEAK1;VANGL1;WWP2,35,ARHGAP30;ARHGAP31;ARHGEF6;ARHGEF7;CLTC;DEPDC1B;DLG5;DST;EPHA2;GIT1;GIT2;GRB2;HGS;IQGAP1;ITSN2;MYO6;NCK1;NCK2;PAK1;PAK2;PAK3;PAK4;PEAK1;PTK2B;RHOU;SPTAN1;SRC;SRGAP2;STAM;STAM2;TXNL1;USP9X;VANGL1;WDR6;WWP2,35,NCK1;MYO6;EPHA2;SPTAN1;CLTC;HGS;ARHGEF7;ITSN2;STAM2;PAK2;IQGAP1;PEAK1;TXNL1;USP9X;ARHGEF6;GIT2;SRC;PTK2B;GRB2;NCK2;GIT1;DST;PAK1;PAK4;DEPDC1B;ARHGAP30;VANGL1;PAK3;RHOU;SRGAP2;WWP2;STAM;ARHGAP31;DLG5;WDR6,14,NCK1;MYO6;EPHA2;ARHGEF7;ITSN2;PAK2;PEAK1;ARHGEF6;NCK2;GIT1;DEPDC1B;ARHGAP30;VANGL1;WWP2,121,2
158,Cyclin A/B1/B2 associated events during G2/M transition,R3_recurrent_directional,4,Astro;Micro;OPC;Oligo,4,0,0,Astro,1.0060545713444005,0.9780409816388218,0.7110446743207534,0.8186550415568985,0.8186550415568985,0.8587894040446205,0.8923009087501496,0.9629140553869976,0.9780409816388218,7,CCNA2;CCNH;CDC25A;MNAT1;PPP2CB;WEE1;XPO1,20,BORA;CCNA2;CCNB1;CCNH;CDC25A;CDC25B;CDK2;CDK7;FOXM1;FZR1;MIS18BP1;MNAT1;PLK1;PPME1;PPP2CB;PPP2R1A;PPP2R1B;PPP2R2A;WEE1;XPO1,20,MNAT1;FOXM1;CCNA2;CCNH;PPP2CB;XPO1;PPP2R1A;CDC25B;CDK7;PPME1;PPP2R1B;PPP2R2A;CCNB1;CDC25A;WEE1;MIS18BP1;PLK1;CDK2;FZR1;BORA,7,MNAT1;CCNA2;CCNH;PPP2CB;XPO1;CDC25A;WEE1,640,1
160,Paracetamol ADME,R3_recurrent_directional,4,Astro;Micro;OPC;Oligo,4,0,0,OPC,-1.2224360457187051,-1.1317003495956093,0.4497192969349784,0.6231730005893362,0.6231730005893362,-1.173626981179544,-0.9082260981614036,0.9618096254290578,1.2338038800189872,5,ABCC3;ABCC4;CYP2E1;GGT7;SULT1A1,14,ABCC1;ABCC2;ABCC3;ABCC4;ABCC5;ABCG2;CNDP2;CYP2E1;GGT1;GGT5;GGT7;GSTP1;NAT1;SULT1A1,14,CNDP2;SULT1A1;GSTP1;ABCC2;CYP2E1;ABCG2;ABCC4;ABCC5;ABCC3;GGT7;GGT1;ABCC1;GGT5;NAT1,5,SULT1A1;CYP2E1;ABCC4;ABCC3;GGT7,61,2
165,Repression of WNT target genes,R3_recurrent_directional,4,Astro;Micro;OPC;Oligo,4,0,0,Oligo,1.1071372187260888,1.2596934671809703,0.7485601026596255,0.3603073298849551,0.7485601026596255,1.0020431590669912,1.0499563796961244,0.9509181791332804,1.1071372187260888,8,CTBP2;HDAC1;TCF7;TCF7L1;TLE1;TLE2;TLE3;TLE4,11,AXIN2;CTBP1;CTBP2;HDAC1;TCF7;TCF7L1;TCF7L2;TLE1;TLE2;TLE3;TLE4,11,CTBP1;TLE2;CTBP2;TCF7;TLE4;TCF7L1;TLE3;TLE1;HDAC1;TCF7L2;AXIN2,8,TLE2;CTBP2;TCF7;TLE4;TCF7L1;TLE3;TLE1;HDAC1,318,2
166,Cellular Senescence,R3_recurrent_directional,4,Astro;Micro;OPC;Oligo,4,0,0,OPC,1.2878298887099064,1.2744584478929686,0.6333803086682701,0.4724925447944844,0.6333803086682701,0.0614058906638541,0.1785481450735295,0.94940506534168,1.2744584478929686,35,ANAPC15;ANAPC16;ANAPC2;ASF1A;ATM;BMI1;CBX6;CCNA2;CCNE1;CDC26;CDC27;CDKN1B;CDKN2C;E2F1;E2F3;EED;EZH2;FZR1;ID1;JUN;KAT5;KDM6B;MAP2K3;MAP2K4;MAP4K4;MAPK3;MAPKAPK3;MDM2;MDM4;RELA;RPS6KA1;RPS6KA3;TERF2IP;TFDP2;UBA52,107,ACD;AGO1;AGO3;ANAPC1;ANAPC11;ANAPC15;ANAPC16;ANAPC2;ANAPC4;ANAPC5;ANAPC7;ASF1A;ATM;BMI1;CABIN1;CBX6;CCNA2;CCNE1;CCNE2;CDC16;CDC23;CDC26;CDC27;CDK4;CDK6;CDKN1A;CDKN1B;CDKN2A;CDKN2C;CDKN2D;CEBPB;E2F1;E2F3;EED;EHMT1;EHMT2;EP400;ETS1;EZH2;FOS;FZR1;HIRA;HMGA1;HMGA2;ID1;IGFBP7;IL1A;JUN;KAT5;KDM6B;LMNB1;MAP2K3;MAP2K4;MAP2K7;MAP3K5;MAP4K4;MAPK1;MAPK10;MAPK11;MAPK3;MAPK7;MAPK8;MAPK9;MAPKAPK3;MAPKAPK5;MDM2;MDM4;MINK1;MOV10;MRE11;NBN;NFKB1;PHC1;PHC2;PHC3;POT1;RB1;RBBP4;RBBP7;RELA;RING1;RNF2;RPS27A;RPS6KA1;RPS6KA2;RPS6KA3;SP1;STAT3;SUZ12;TERF1;TERF2;TERF2IP;TFDP1;TFDP2;TINF2;TNIK;TNRC6A;TNRC6B;TNRC6C;TP53;UBA52;UBB;UBC;UBE2D1;UBE2S;UBN1;VENTX,107,CDKN1B;IGFBP7;ASF1A;STAT3;MAP2K4;EHMT2;RELA;CCNA2;ANAPC16;ANAPC15;RPS6KA3;ANAPC2;BMI1;TERF2IP;RPS6KA2;CDC27;EED;AGO1;MAP3K5;MAPK1;PHC3;ACD;JUN;UBA52;RPS27A;CDC26;UBE2D1;TFDP1;HMGA1;MAPK3;RPS6KA1;MOV10;ATM;MDM2;TFDP2;RB1;SUZ12;MAP4K4;HIRA;ANAPC4;MDM4;ANAPC5;MAPKAPK3;CDC16;MAPK8;MAPK9;TERF2;AGO3;RBBP4;CDKN2C;FOS;CCNE1;E2F1;KDM6B;CDKN2D;LMNB1;UBC;MAP2K7;NFKB1;MAPK7;KAT5;CDC23;CDK6;ANAPC7;MAP2K3;TNIK;TINF2;MAPK10;CABIN1;TNRC6B;TNRC6C;EP400;UBE2S;CBX6;EHMT1;RNF2;UBN1;ANAPC11;TERF1;PHC1;ID1;CEBPB;CDKN1A;EZH2;E2F3;UBB;HMGA2;TP53;ETS1;RING1;RBBP7;MINK1;FZR1;CCNE2;TNRC6A;NBN;CDK4;MAPKAPK5;POT1;MRE11;SP1;PHC2;ANAPC1;CDKN2A;MAPK11;VENTX;IL1A,35,CDKN1B;ASF1A;MAP2K4;RELA;CCNA2;ANAPC16;ANAPC15;RPS6KA3;ANAPC2;BMI1;TERF2IP;CDC27;EED;JUN;UBA52;CDC26;MAPK3;RPS6KA1;ATM;MDM2;TFDP2;MAP4K4;MDM4;MAPKAPK3;CDKN2C;CCNE1;E2F1;KDM6B;KAT5;MAP2K3;CBX6;ID1;EZH2;E2F3;FZR1,70,2
173,Signaling by EGFR,R3_recurrent_directional,4,Astro;Micro;OPC;Oligo,4,0,0,OPC,1.0511447305140162,1.285497951838211,0.8438743368258784,0.4657239863958399,0.8438743368258784,1.0153823058357283,1.2780742399514933,0.9287673447845336,1.0511447305140162,10,ADAM10;ADAM12;ARHGEF7;EGF;EGFR;GAB1;PAG1;PIK3CA;PTPRK;SOS1,31,ADAM10;ADAM12;ADAM17;ARHGEF7;CBL;CSK;EGF;EGFR;EPS15;EPS15L1;GAB1;HBEGF;HGS;KRAS;NRAS;PAG1;PIK3CA;PIK3R1;PLCG1;PTPN12;PTPRK;SH3GL1;SH3GL2;SH3GL3;SOS1;SPRY1;SPRY2;SRC;STAM;STAM2;TGFA,31,PIK3R1;ADAM17;HGS;EGFR;EGF;PIK3CA;SOS1;GAB1;ARHGEF7;EPS15;SPRY2;STAM2;ADAM12;TGFA;SH3GL1;ADAM10;SH3GL2;PTPRK;SRC;SPRY1;CSK;NRAS;SH3GL3;PTPN12;HBEGF;PAG1;STAM;KRAS;CBL;EPS15L1;PLCG1,10,EGFR;EGF;PIK3CA;SOS1;GAB1;ARHGEF7;ADAM12;ADAM10;PTPRK;PAG1,279,5
174,Aberrant regulation of mitotic cell cycle due to RB1 defects,R3_recurrent_directional,4,Astro;Micro;OPC;Oligo,4,0,0,OPC,1.489701436593546,1.7528123344557087,0.5494084879427216,0.1839289783219479,0.5494084879427216,0.0221669045855936,-0.0186468110689351,0.9280356397149474,1.489701436593546,15,ANAPC15;ANAPC16;ANAPC2;ANAPC4;ANAPC5;CCNE1;CDC26;CDC27;CDK6;CDKN1B;FZR1;RB1;TFDP1;TFDP2;UBE2D1,31,ANAPC1;ANAPC15;ANAPC16;ANAPC2;ANAPC4;ANAPC5;ANAPC7;CCND1;CCND3;CCNE1;CCNE2;CDC16;CDC23;CDC26;CDC27;CDK2;CDK4;CDK6;CDKN1A;CDKN1B;CDKN1C;E2F1;E2F3;FZR1;RB1;SKP2;TFDP1;TFDP2;UBE2D1;UBE2E1;UBE2S,31,CDKN1B;ANAPC16;ANAPC15;ANAPC2;CDC27;UBE2E1;CDC26;UBE2D1;TFDP1;CDKN1C;TFDP2;RB1;ANAPC4;ANAPC5;CDC16;CCNE1;E2F1;SKP2;CCND3;CDC23;CDK6;ANAPC7;UBE2S;CDKN1A;E2F3;CCND1;CDK2;FZR1;CCNE2;CDK4;ANAPC1,15,CDKN1B;ANAPC16;ANAPC15;ANAPC2;CDC27;CDC26;UBE2D1;TFDP1;TFDP2;RB1;ANAPC4;ANAPC5;CCNE1;CDK6;FZR1,70,9
176,Nephrin family interactions,R3_recurrent_directional,4,Astro;Micro;OPC;Oligo,4,0,0,Astro,1.557896370517345,1.6032079851935894,0.1655748655285529,0.2861909862065334,0.2861909862065334,0.9263577849594749,1.0676063569221548,0.9263577849594749,1.557896370517345,9,ACTN1;ACTN4;CASK;CD2AP;FYN;IQGAP1;PIK3CA;SPTBN1;WASL,18,ACTN1;ACTN2;ACTN4;CASK;CD2AP;FYN;IQGAP1;KIRREL1;KIRREL3;MAGI2;NCK1;NCK2;PIK3CA;PIK3CB;PIK3R1;SPTAN1;SPTBN1;WASL,18,NCK1;SPTAN1;PIK3R1;ACTN2;ACTN1;PIK3CA;ACTN4;CD2AP;IQGAP1;WASL;MAGI2;CASK;NCK2;PIK3CB;SPTBN1;KIRREL3;FYN;KIRREL1,9,ACTN1;PIK3CA;ACTN4;CD2AP;IQGAP1;WASL;CASK;SPTBN1;FYN,121,1
177,Signal amplification,R3_recurrent_directional,4,Astro;Micro;OPC;Oligo,4,0,0,Astro,0.8150350515128557,1.1812157763939442,0.906501869265446,0.602146709603086,0.906501869265446,-1.0744247015742676,-0.878915106485424,0.9253777300783218,1.0654222774283233,7,GNA11;GNA13;GNAI3;GNB1;GNG3;GNG7;MAPK14,25,AAMP;GNA11;GNA13;GNA14;GNAI1;GNAI2;GNAI3;GNAQ;GNB1;GNB2;GNB3;GNB4;GNB5;GNG12;GNG2;GNG3;GNG4;GNG7;GNG8;GNGT1;MAPK14;P2RY1;P2RY12;PLA2G4A;SRC,25,GNB2;GNAI3;GNA13;GNG2;AAMP;P2RY12;GNA11;GNG4;GNB1;GNG7;GNG3;SRC;MAPK14;GNG8;GNG12;P2RY1;GNB4;GNB5;GNAI1;GNAI2;PLA2G4A;GNAQ;GNA14;GNGT1;GNB3,7,GNAI3;GNA13;GNA11;GNB1;GNG7;GNG3;MAPK14,2468,8
178,NCAM signaling for neurite out-growth,R3_recurrent_directional,4,Astro;Micro;OPC;Oligo,4,0,0,Astro,1.8694725445890588,1.3996657614545671,0.048098134665193,0.5207236979279984,0.5207236979279984,0.8327724335598095,1.1142369327654336,0.9236034133216424,1.3996657614545671,15,CACNA1C;CACNB1;CACNB2;CACNB4;COL4A2;COL5A1;COL5A3;COL6A1;COL6A2;COL6A6;CREB1;FGFR1;FYN;SOS1;SPTBN5,43,AGRN;CACNA1C;CACNA1D;CACNB1;CACNB2;CACNB3;CACNB4;CNTN2;COL4A1;COL4A2;COL4A3;COL4A4;COL4A5;COL5A1;COL5A2;COL5A3;COL6A1;COL6A2;COL6A6;COL9A2;COL9A3;CREB1;FGFR1;FYN;GDNF;GFRA1;GFRA2;GRB2;HRAS;KRAS;MAPK3;NCAM1;NCAN;PRNP;PTK2;RPS6KA5;SOS1;SPTAN1;SPTB;SPTBN2;SPTBN5;SRC;ST8SIA4,43,SPTAN1;PTK2;FGFR1;CACNB4;NCAM1;SOS1;HRAS;CACNB1;COL6A6;CREB1;ST8SIA4;COL4A2;MAPK3;RPS6KA5;COL4A4;COL6A1;CACNA1C;COL4A3;CACNB2;SPTB;COL5A1;SRC;COL5A3;SPTBN5;GRB2;NCAN;PRNP;COL6A2;COL9A3;COL4A5;COL5A2;SPTBN2;COL9A2;FYN;GDNF;COL4A1;CACNA1D;KRAS;AGRN;CNTN2;GFRA1;CACNB3;GFRA2,15,FGFR1;CACNB4;SOS1;CACNB1;COL6A6;CREB1;COL4A2;COL6A1;CACNA1C;CACNB2;COL5A1;COL5A3;SPTBN5;COL6A2;FYN,217,1
180,NRAGE signals death through JNK,R3_recurrent_directional,4,Astro;Micro;OPC;Oligo,4,0,0,Astro,1.3851920348973663,1.5813441966300337,0.2566814682328767,0.3218860938565191,0.3218860938565191,1.267672328151443,0.9198256122777296,0.9198256122777296,1.3851920348973663,10,AKAP13;ARHGEF10L;ARHGEF6;ARHGEF7;BCL2L11;GNA13;KALRN;SOS1;TIAM2;TRIO,44,AATF;ABR;AKAP13;ARHGEF1;ARHGEF10L;ARHGEF11;ARHGEF12;ARHGEF17;ARHGEF2;ARHGEF26;ARHGEF3;ARHGEF33;ARHGEF37;ARHGEF4;ARHGEF40;ARHGEF6;ARHGEF7;BAD;BCL2L11;ECT2;FGD1;FGD4;GNA13;ITSN1;KALRN;MAGED1;MCF2;MCF2L;NET1;NGEF;NGFR;OBSCN;PLEKHG2;PLEKHG5;PREX1;RASGRF2;SOS1;SOS2;TIAM1;TIAM2;TRIO;VAV1;VAV2;VAV3,44,TIAM2;SOS1;KALRN;ARHGEF26;ARHGEF12;ARHGEF7;ARHGEF1;ARHGEF4;PLEKHG5;ARHGEF37;VAV1;GNA13;ECT2;VAV2;AKAP13;AATF;ARHGEF6;OBSCN;FGD4;BAD;RASGRF2;NGEF;FGD1;PLEKHG2;MCF2L;MCF2;NET1;BCL2L11;TRIO;ITSN1;TIAM1;ABR;MAGED1;PREX1;ARHGEF40;ARHGEF11;ARHGEF33;ARHGEF10L;VAV3;ARHGEF3;ARHGEF17;ARHGEF2;SOS2;NGFR,10,TIAM2;SOS1;KALRN;ARHGEF7;GNA13;AKAP13;ARHGEF6;BCL2L11;TRIO;ARHGEF10L,1373,5
181,Regulation of T cell activation by CD28 family,R3_recurrent_directional,4,Astro;Micro;OPC;Oligo,4,0,0,OPC,-1.046806323314467,-0.9855529607336804,0.6503633258399024,0.7808791955863542,0.7808791955863542,-0.9113860096237232,-1.1631578484768057,0.919669530970032,1.010287493157174,47,AGO1;ASH2L;CD247;CD4;CREBBP;CTNNB1;EP300;EPAS1;ERLIN1;EZH2;GRAP2;JUN;JUND;LYN;MAP3K8;MLST8;MTOR;NFKB1;OS9;OST4;PPP2R1A;PPP2R5B;PPP2R5D;PRKAG1;PSMA4;PSMA5;PSMB2;PSMB3;PSMB4;PSMB7;PSMC1;PSMD12;PSMD13;PSMD2;PSMD7;PSMD8;PTPN11;RELA;RPN2;SEM1;SPOP;STAT1;STT3B;TCF7L1;UBA52;WWTR1;YAP1,149,ADRM1;AGO1;AGO2;AGO3;AKT1;AKT2;ASH2L;ATF3;CCND1;CD247;CD274;CD4;CD80;COPS5;CREBBP;CSK;CSNK2A1;CSNK2A2;CTNNB1;CUL1;CUL3;DAD1;DDOST;DERL1;DERL2;DPY30;EED;EP300;EPAS1;ERLEC1;ERLIN1;ERLIN2;EZH2;FOS;FYN;GRAP2;GRB2;HLA-DPA1;HLA-DPB1;HLA-DQA1;HLA-DRA;IRF1;JAK1;JUN;JUND;KMT2C;LYN;MAGT1;MAP3K14;MAP3K8;MAPKAP1;MIB2;MLST8;MOV10;MTOR;NFKB1;NFKB2;OS9;OST4;OSTC;PAK1;PAK2;PAK3;PDCD1LG2;PIK3CA;PIK3CD;PIK3R3;PIK3R6;PPP2CB;PPP2R1A;PPP2R1B;PPP2R5A;PPP2R5B;PPP2R5D;PRKAA1;PRKAB1;PRKAG1;PRKAG2;PSMA1;PSMA3;PSMA4;PSMA5;PSMA7;PSMB1;PSMB2;PSMB3;PSMB4;PSMB5;PSMB6;PSMB7;PSMC1;PSMC2;PSMC3;PSMC4;PSMC5;PSMC6;PSMD1;PSMD11;PSMD12;PSMD13;PSMD2;PSMD3;PSMD6;PSMD7;PSMD8;PTPN11;PTPN6;RAC1;RBBP4;RBBP5;RBBP7;RBX1;RELA;RICTOR;RNF185;RNF5;RPN1;RPN2;RPS27A;SEL1L;SEM1;SKP1;SPOP;SRC;STAT1;STAT3;STT3A;STT3B;SUZ12;TCF7;TCF7L1;TCF7L2;TEAD1;TEAD3;THEM4;TMEM258;TNFRSF14;TNRC6B;TNRC6C;TUSC3;UBA52;UBB;UBC;VAV1;VCP;WDR5;WWTR1;YAP1;YWHAG,149,PSMC3;VCP;ADRM1;PSMD7;PSMB2;PTPN11;PSMB6;PSMA4;PSMA1;PSMB5;PRKAA1;CTNNB1;WDR5;STAT3;ERLEC1;CD274;CD4;WWTR1;RELA;STAT1;PSMD2;MLST8;PIK3CA;PSMD8;TNFRSF14;RBBP5;PSMB3;RNF5;PSMB7;EED;DDOST;PSMC4;PIK3CD;AGO1;PSMD3;PPP2CB;PAK2;CD247;YAP1;JUN;TCF7;UBA52;PSMC1;PSMC5;RPS27A;TMEM258;PSMD13;PSMB4;NFKB2;JUND;MOV10;STT3B;EP300;RBX1;RICTOR;VAV1;RPN2;HLA-DPB1;ASH2L;ERLIN1;SUZ12;CUL1;TEAD1;COPS5;SEL1L;KMT2C;PSMD1;AGO3;RBBP4;PRKAB1;TCF7L1;GRAP2;FOS;PPP2R5D;MAP3K8;PPP2R5B;UBC;OST4;NFKB1;IRF1;SRC;OSTC;PDCD1LG2;PPP2R1A;AKT1;CSK;GRB2;PSMD12;PSMA7;PSMA5;MAP3K14;PRKAG1;PSMD6;SKP1;HLA-DRA;PAK1;TCF7L2;MAGT1;SPOP;TNRC6B;CREBBP;OS9;DERL1;AGO2;TNRC6C;PPP2R5A;PPP2R1B;RAC1;PSMC6;DERL2;DPY30;EPAS1;HLA-DQA1;PIK3R3;EZH2;UBB;CCND1;FYN;LYN;PTPN6;RBBP7;PAK3;CUL3;PSMD11;MAPKAP1;MTOR;CSNK2A2;THEM4;PSMA3;MIB2;JAK1;ERLIN2;PSMB1;AKT2;RNF185;CSNK2A1;SEM1;YWHAG;DAD1;RPN1;TUSC3;PRKAG2;STT3A;ATF3;PSMC2;TEAD3;CD80;HLA-DPA1;PIK3R6,47,PSMD7;PSMB2;PTPN11;PSMA4;CTNNB1;CD4;WWTR1;RELA;STAT1;PSMD2;MLST8;PSMD8;PSMB3;PSMB7;AGO1;CD247;YAP1;JUN;UBA52;PSMC1;PSMD13;PSMB4;JUND;STT3B;EP300;RPN2;ASH2L;ERLIN1;TCF7L1;GRAP2;PPP2R5D;MAP3K8;PPP2R5B;OST4;NFKB1;PPP2R1A;PSMD12;PSMA5;PRKAG1;SPOP;CREBBP;OS9;EPAS1;EZH2;LYN;MTOR;SEM1,17,1
184,TP53 Regulates Transcription of Cell Cycle Genes,R3_recurrent_directional,4,Astro;Micro;OPC;Oligo,4,0,0,Astro,0.9871666282078292,1.054252684896584,0.7295707850012328,0.735580545324258,0.735580545324258,0.905575507951614,1.1407940750121537,0.905575507951614,0.9871666282078292,8,ARID3A;CCNA2;CDKN1B;CNOT4;CNOT6L;EP300;PLAGL1;TFDP2,36,ARID3A;AURKA;BAX;BTG2;CARM1;CCNA2;CCNE1;CCNE2;CDK2;CDKN1A;CDKN1B;CNOT1;CNOT11;CNOT2;CNOT3;CNOT4;CNOT6L;CNOT7;CNOT8;CNOT9;E2F4;E2F7;EP300;GADD45A;NPM1;PCNA;PLAGL1;PLK3;PRMT1;RBL1;RBL2;RGCC;TFDP1;TFDP2;TP53;ZNF385A,36,CDKN1B;CCNA2;CNOT6L;ARID3A;CNOT2;TFDP1;PLAGL1;E2F4;EP300;TFDP2;PRMT1;CNOT4;BAX;CCNE1;RGCC;BTG2;RBL1;ZNF385A;PLK3;CNOT11;CNOT8;AURKA;CNOT1;CNOT3;RBL2;CDKN1A;TP53;PCNA;CDK2;GADD45A;CARM1;CNOT7;CCNE2;E2F7;CNOT9;NPM1,8,CDKN1B;CCNA2;CNOT6L;ARID3A;PLAGL1;EP300;TFDP2;CNOT4,70,2
185,RND1 GTPase cycle,R3_recurrent_directional,4,Astro;Micro;OPC;Oligo,4,0,0,Micro,1.4625358783905391,0.980335547807502,0.5144510996392112,0.734996312796884,0.734996312796884,1.391734160985366,0.9333698596610988,0.899198900049395,0.980335547807502,17,ALDH3A2;ARHGAP35;ARHGAP5;CAV1;DST;EPHA2;FAM135A;FLOT2;PKP4;PLEKHG5;PLXNA1;PTPN13;RASAL2;RBMX;RRAS2;STIP1;VANGL1,32,ALDH3A2;ANKRD26;ARHGAP35;ARHGAP5;CAV1;CCDC88A;CPD;DLG5;DST;EPHA2;FAM135A;FLOT2;FRS2;FRS3;KIDINS220;KIF14;LEMD3;PIK3R1;PKP4;PLEKHG5;PLXNA1;PTPN13;RASAL2;RBMX;RRAS2;STIP1;TFRC;TMEM59;TXNL1;VANGL1;VANGL2;WDR6,32,EPHA2;PIK3R1;STIP1;ARHGAP5;PKP4;FAM135A;TMEM59;TFRC;PLEKHG5;ALDH3A2;PTPN13;CPD;FRS2;LEMD3;RBMX;TXNL1;VANGL2;CAV1;PLXNA1;RRAS2;FLOT2;DST;ARHGAP35;KIDINS220;CCDC88A;RASAL2;VANGL1;KIF14;FRS3;ANKRD26;DLG5;WDR6,17,EPHA2;STIP1;ARHGAP5;PKP4;FAM135A;PLEKHG5;ALDH3A2;PTPN13;RBMX;CAV1;PLXNA1;RRAS2;FLOT2;DST;ARHGAP35;RASAL2;VANGL1,186,2
186,RUNX1 interacts with co-factors whose precise effect on RUNX1 targets is not known,R3_recurrent_directional,4,Astro;Micro;OPC;Oligo,4,0,0,OPC,1.177465775741566,1.9065995181857296,0.7333804073764523,0.2487577572282488,0.7333804073764523,0.898347442258802,1.7228954967114922,0.898347442258802,1.177465775741566,12,ACTL6A;ARID2;AUTS2;BMI1;CBFB;CSNK2A2;EP300;PHC3;RUNX1;RYBP;SMARCA2;YAF2,27,ACTL6A;ARID1A;ARID1B;ARID2;AUTS2;BMI1;CBFB;CBX6;CSNK2A1;CSNK2A2;EP300;HIPK2;PBRM1;PCGF5;PHC1;PHC2;PHC3;RING1;RUNX1;RYBP;SMARCA2;SMARCA4;SMARCB1;SMARCC1;SMARCD1;SMARCD3;YAF2,27,PBRM1;BMI1;ARID2;SMARCB1;PHC3;ACTL6A;EP300;RUNX1;AUTS2;RYBP;SMARCD3;SMARCA2;YAF2;SMARCA4;SMARCD1;SMARCC1;ARID1B;CBX6;PHC1;RING1;CBFB;CSNK2A2;PCGF5;CSNK2A1;HIPK2;PHC2;ARID1A,12,BMI1;ARID2;PHC3;ACTL6A;EP300;RUNX1;AUTS2;RYBP;SMARCA2;YAF2;CBFB;CSNK2A2,688,2
188,SLC-mediated transport of inorganic anions,R3_recurrent_directional,4,Astro;Micro;OPC;Oligo,4,0,0,Oligo,1.3783174337531954,1.3056194129159684,0.559606956350752,0.313334401821997,0.559606956350752,0.8529690220433482,1.0363444925471856,0.8945506030132413,1.3056194129159684,8,AHCYL2;SLC12A4;SLC20A1;SLC20A2;SLC26A11;SLC26A3;SLC26A7;SLC4A3,24,AHCYL2;SLC12A1;SLC12A2;SLC12A4;SLC12A5;SLC12A6;SLC12A7;SLC13A4;SLC20A1;SLC20A2;SLC26A11;SLC26A2;SLC26A3;SLC26A4;SLC26A6;SLC26A7;SLC26A9;SLC4A10;SLC4A2;SLC4A3;SLC4A4;SLC4A7;SLC4A8;SLC4A9,24,SLC4A8;SLC26A7;SLC12A1;SLC12A4;SLC12A6;AHCYL2;SLC4A4;SLC4A7;SLC4A3;SLC26A2;SLC4A2;SLC26A4;SLC20A1;SLC26A11;SLC20A2;SLC12A5;SLC4A10;SLC26A9;SLC26A6;SLC26A3;SLC13A4;SLC12A2;SLC12A7;SLC4A9,8,SLC26A7;SLC12A4;AHCYL2;SLC4A3;SLC20A1;SLC26A11;SLC20A2;SLC26A3,93,1
197,Synthesis of bile acids and bile salts via 7alpha-hydroxycholesterol,R3_recurrent_directional,4,Astro;Micro;OPC;Oligo,4,0,0,Astro,1.4431993805035748,1.296645790160387,0.2389450860956205,0.5895202544047299,0.5895202544047299,0.9089958657300492,1.049138246791274,0.8895547755918525,1.296645790160387,5,CYP27A1;HSD17B4;NCOA1;NCOA2;RXRA,11,ABCD3;AKR1C1;AKR1C3;BAAT;CYP27A1;HSD17B4;HSD3B7;NCOA1;NCOA2;RXRA;SCP2,11,SCP2;AKR1C3;RXRA;NCOA1;ABCD3;NCOA2;HSD17B4;AKR1C1;BAAT;HSD3B7;CYP27A1,5,RXRA;NCOA1;NCOA2;HSD17B4;CYP27A1,382,3
199,Autophagy,R3_recurrent_directional,4,Astro;Micro;OPC;Oligo,4,0,0,OPC,-1.1969844425729022,-1.3840129014207765,0.4733235640899776,0.3581914643605576,0.4733235640899776,-0.8861197603899591,-1.6024628016981786,0.8861197603899591,1.1969844425729022,45,ARL13B;ATG10;ATG14;ATG16L1;ATG4A;BECN1;CFTR;CHMP3;CHMP7;DYNC1H1;DYNC1I1;DYNC1LI2;DYNLL2;EPAS1;GABARAPL2;HDAC6;LAMTOR1;MAP1LC3A;MFN2;MLST8;MTOR;OPTN;PARK7;PINK1;PRKAG1;RHEB;RNASE1;RRAGA;RRAGD;TOMM22;TOMM7;TSC2;TUBA1B;TUBB2A;TUBB2B;TUBB4A;TUBB4B;UBA52;VDAC1;VDAC3;VPS28;VPS37B;VPS37C;VPS37D;WDR45,120,AMBRA1;ARL13B;ATG10;ATG101;ATG13;ATG14;ATG16L1;ATG3;ATG4A;ATG4B;ATG4C;ATG4D;ATG5;ATG7;ATM;BECN1;CFTR;CHMP2B;CHMP3;CHMP4B;CHMP7;CSNK2A2;DYNC1H1;DYNC1I1;DYNC1I2;DYNC1LI1;DYNC1LI2;DYNLL1;DYNLL2;EEF1A1;EPAS1;FUNDC1;GABARAP;GABARAPL1;GABARAPL2;HDAC6;HSF1;HSP90AA1;HSP90AB1;HSPA8;LAMP2;LAMTOR1;LAMTOR2;LAMTOR4;LAMTOR5;MAP1LC3A;MAP1LC3B;MFN1;MFN2;MLST8;MTMR14;MTMR3;MTOR;MVB12B;NBR1;OPTN;PARK7;PCNT;PEX5;PGAM5;PINK1;PLIN2;PLIN3;PRKAA1;PRKAA2;PRKAB1;PRKAG1;PRKAG2;PRKN;RB1CC1;RHEB;RNASE1;RPS27A;RPTOR;RRAGA;RRAGB;RRAGC;RRAGD;SLC38A9;SQSTM1;SRC;TBK1;TOMM20;TOMM22;TOMM40;TOMM7;TOMM70;TSC1;TSC2;TSG101;TUBA1A;TUBA1B;TUBA4A;TUBA8;TUBB2A;TUBB2B;TUBB4A;TUBB4B;TUBB6;TUBB8;UBA52;UBAP1;UBB;UBC;UBE2D2;UBE2L3;UBE2N;USP30;UVRAG;VCP;VDAC1;VDAC2;VDAC3;VPS28;VPS37B;VPS37C;VPS37D;WDR45;WDR45B;WIPI2,120,VPS28;VCP;HDAC6;HSP90AA1;PRKAA1;DYNC1LI1;LAMTOR2;TSG101;TOMM20;TBK1;RNASE1;MLST8;TOMM7;BECN1;ATG10;USP30;PRKAA2;ATG101;WDR45;HSF1;CHMP7;PEX5;TUBB4A;MFN2;RRAGD;UBA52;RPS27A;VPS37D;TUBB2A;MAP1LC3A;TOMM22;TUBA1B;ATG16L1;LAMP2;ATG4B;PINK1;ATM;CHMP3;GABARAPL1;LAMTOR4;ATG14;EEF1A1;TSC1;DYNC1H1;MTMR14;RB1CC1;ATG7;PLIN2;RRAGC;PRKAB1;TUBB4B;OPTN;GABARAPL2;TUBB2B;UBC;ATG4C;RHEB;VPS37C;FUNDC1;SRC;ATG4A;CFTR;VPS37B;LAMTOR1;ARL13B;PRKAG1;SLC38A9;TSC2;UVRAG;DYNC1LI2;NBR1;AMBRA1;WIPI2;UBE2D2;ATG5;MTMR3;RPTOR;EPAS1;TUBB8;RRAGA;LAMTOR5;TUBB6;DYNC1I1;UBB;SQSTM1;VDAC3;TUBA1A;VDAC1;CHMP4B;PGAM5;ATG4D;DYNLL2;ATG13;DYNC1I2;PARK7;VDAC2;PCNT;WDR45B;PLIN3;TOMM40;MTOR;MVB12B;CSNK2A2;TUBA8;RRAGB;UBAP1;MFN1;ATG3;PRKN;TOMM70;HSPA8;HSP90AB1;MAP1LC3B;DYNLL1;PRKAG2;UBE2N;CHMP2B;UBE2L3;TUBA4A;GABARAP,45,VPS28;HDAC6;RNASE1;MLST8;TOMM7;BECN1;ATG10;WDR45;CHMP7;TUBB4A;MFN2;RRAGD;UBA52;VPS37D;TUBB2A;MAP1LC3A;TOMM22;TUBA1B;ATG16L1;PINK1;CHMP3;ATG14;DYNC1H1;TUBB4B;OPTN;GABARAPL2;TUBB2B;RHEB;VPS37C;ATG4A;CFTR;VPS37B;LAMTOR1;ARL13B;PRKAG1;TSC2;DYNC1LI2;EPAS1;RRAGA;DYNC1I1;VDAC3;VDAC1;DYNLL2;PARK7;MTOR,35,3
200,GRB2:SOS provides linkage to MAPK signaling for Integrins,R3_recurrent_directional,4,Astro;Micro;OPC;Oligo,4,0,0,Astro,1.037877057430904,1.2695763919273797,0.6640648156740994,0.5849109926222595,0.6640648156740994,0.9636880511482508,0.8896110152717049,0.8842682174631132,1.0485626530480874,5,APBB1IP;FN1;ITGA2B;SOS1;TLN1,9,APBB1IP;FN1;GRB2;ITGA2B;PTK2;RAP1A;SOS1;SRC;TLN1,9,PTK2;FN1;ITGA2B;SOS1;APBB1IP;SRC;TLN1;GRB2;RAP1A,5,FN1;ITGA2B;SOS1;APBB1IP;TLN1,364,2
201,Signaling by FGFR,R3_recurrent_directional,4,Astro;Micro;OPC;Oligo,4,0,0,Astro,-1.0277112181432455,-1.3255902166240048,0.7656205798068609,0.2192939416817022,0.7656205798068609,-0.0004261291378599,0.1464198672009992,0.8834524569321934,1.0277112181432455,19,FGF2;FGFBP3;FGFR1;FLRT2;FRS2;GAB1;GIPC1;GRB2;GTF2F1;GTF2F2;HNRNPF;HNRNPH1;MAPK3;PIK3CA;POLR2G;SOS1;TGFBR3;TIAL1;UBA52,65,ANOS1;CBL;FGF1;FGF17;FGF2;FGF22;FGF9;FGFBP3;FGFR1;FGFR2;FGFR3;FGFRL1;FLRT1;FLRT2;FLRT3;FRS2;FRS3;GAB1;GALNT3;GIPC1;GRB2;GTF2F1;GTF2F2;HNRNPF;HNRNPH1;HNRNPM;HRAS;KRAS;MAPK1;MAPK3;MKNK1;NCBP1;NCBP2;PIK3CA;PIK3R1;PLCG1;POLR2A;POLR2B;POLR2C;POLR2D;POLR2E;POLR2F;POLR2G;POLR2H;POLR2I;POLR2J;POLR2K;POLR2L;PPP2CB;PPP2R1A;PTBP1;PTPN11;RBFOX2;RPS27A;SHC1;SOS1;SPRED1;SPRED2;SPRY2;SRC;TGFBR3;TIAL1;UBA52;UBB;UBC,65,PTPN11;POLR2C;PIK3R1;FGF1;POLR2F;NCBP2;NCBP1;TGFBR3;FGFR1;FLRT2;FLRT3;FGFR3;FGFRL1;GIPC1;PIK3CA;SOS1;FGF2;GAB1;HRAS;POLR2H;GTF2F1;SPRY2;PPP2CB;MAPK1;POLR2B;FGFBP3;FLRT1;UBA52;RPS27A;HNRNPF;POLR2G;MAPK3;FGFR2;POLR2A;POLR2L;POLR2J;FRS2;TIAL1;RBFOX2;POLR2D;FGF22;UBC;SRC;PPP2R1A;HNRNPH1;GRB2;GTF2F2;MKNK1;ANOS1;HNRNPM;GALNT3;FGF9;UBB;POLR2E;POLR2K;PTBP1;POLR2I;FRS3;SHC1;FGF17;KRAS;CBL;SPRED2;SPRED1;PLCG1,19,TGFBR3;FGFR1;FLRT2;GIPC1;PIK3CA;SOS1;FGF2;GAB1;GTF2F1;FGFBP3;UBA52;HNRNPF;POLR2G;MAPK3;FRS2;TIAL1;HNRNPH1;GRB2;GTF2F2,115,3
202,PKMTs methylate histone lysines,R3_recurrent_directional,4,Astro;Micro;OPC;Oligo,4,0,0,Astro,1.0347243419320429,1.5278078456554764,0.6611842983318607,0.3733590157811525,0.6611842983318607,0.8829628213540454,1.549985930845266,0.8829628213540454,1.0347243419320429,16,AEBP2;ATF7IP;DOT1L;EED;KMT5A;KMT5C;NFKB1;NFKB2;NSD2;PRDM16;RBBP4;RBBP5;RELA;SETD2;SUV39H2;SUZ12,40,AEBP2;ASH1L;ASH2L;ATF7IP;DOT1L;DPY30;EED;EHMT1;EHMT2;EZH2;KMT2A;KMT2B;KMT2C;KMT2D;KMT5A;KMT5B;KMT5C;MECOM;NFKB1;NFKB2;NSD1;NSD2;NSD3;PRDM16;RBBP4;RBBP5;RBBP7;RELA;SETD1A;SETD1B;SETD2;SETD3;SETD6;SETD7;SMYD2;SMYD3;SUV39H1;SUV39H2;SUZ12;WDR5,40,WDR5;EHMT2;KMT2D;RELA;AEBP2;RBBP5;ATF7IP;EED;SMYD3;NFKB2;DOT1L;ASH2L;SUZ12;SETD1B;KMT5A;KMT2C;RBBP4;SUV39H1;NFKB1;PRDM16;SUV39H2;SETD6;KMT2B;SMYD2;EHMT1;KMT5B;KMT2A;DPY30;ASH1L;SETD7;EZH2;MECOM;KMT5C;SETD1A;RBBP7;SETD3;SETD2;NSD2;NSD3;NSD1,16,RELA;AEBP2;RBBP5;ATF7IP;EED;NFKB2;DOT1L;SUZ12;KMT5A;RBBP4;NFKB1;PRDM16;SUV39H2;KMT5C;SETD2;NSD2,326,1
204,NS1 Mediated Effects on Host Pathways,R3_recurrent_directional,4,Astro;Micro;OPC;Oligo,4,0,0,Astro,-1.078736356570302,-0.86044603815135,0.7193942193214484,0.8059760214230557,0.8059760214230557,-0.9357392112911512,-0.8889349189811853,0.8785259840756903,0.9174237998110204,15,EIF2AK2;KPNA2;KPNB1;MLKL;NUP107;NUP153;NUP214;NUP43;NUP88;NUP93;NUP98;RANBP2;SEC13;SEH1L;TPR,37,AAAS;CPSF4;EIF2AK2;GBP1;ISG15;KPNA2;KPNA3;KPNA5;KPNB1;MLKL;NDC1;NUP107;NUP133;NUP153;NUP155;NUP160;NUP188;NUP205;NUP210;NUP214;NUP35;NUP37;NUP43;NUP50;NUP54;NUP58;NUP85;NUP88;NUP93;NUP98;PABPN1;POM121;POM121C;RANBP2;SEC13;SEH1L;TPR,37,KPNB1;NUP35;NUP93;NUP107;NUP214;EIF2AK2;SEH1L;KPNA5;NUP54;SEC13;NUP50;KPNA2;NDC1;NUP43;NUP153;NUP37;NUP133;NUP88;MLKL;POM121;NUP160;KPNA3;NUP188;ISG15;AAAS;RANBP2;CPSF4;NUP155;NUP58;GBP1;NUP98;TPR;NUP205;POM121C;PABPN1;NUP85;NUP210,15,KPNB1;NUP93;NUP107;NUP214;EIF2AK2;SEH1L;SEC13;KPNA2;NUP43;NUP153;NUP88;MLKL;RANBP2;NUP98;TPR,42,21
206,Caspase-mediated cleavage of cytoskeletal proteins,R3_recurrent_directional,4,Astro;Micro;OPC;Oligo,4,0,0,OPC,1.0624292091405567,1.341629024236409,0.8466830559679484,0.4215996505435355,0.8466830559679484,0.9553360083374716,0.9885932992024464,0.8775435824022917,1.0624292091405567,7,ADD1;CASP3;CASP6;CASP7;GAS2;MAPT;VIM,11,ADD1;CASP3;CASP6;CASP7;CASP8;GAS2;GSN;MAPT;PLEC;SPTAN1;VIM,11,SPTAN1;VIM;CASP7;CASP3;MAPT;GSN;GAS2;PLEC;ADD1;CASP8;CASP6,7,VIM;CASP7;CASP3;MAPT;GAS2;ADD1;CASP6,217,1
208,RHO GTPases Activate Formins,R3_recurrent_directional,4,Astro;Micro;OPC;Oligo,4,0,0,OPC,-1.3690522442009854,-1.2974944410908251,0.3364134360741267,0.4559294459390277,0.4559294459390277,-0.805461024825126,-1.4876591568806157,0.8705544219817491,1.2974944410908251,33,AHCTF1;BUB3;CDCA8;CENPI;CENPL;CENPN;DIAPH1;DSN1;DYNC1LI2;DYNLL2;ERCC6L;EVL;MAPRE1;NSL1;NUF2;NUP107;NUP43;NUP98;PFN2;PPP2R1A;PPP2R5B;RANBP2;RCC2;RHOB;SEC13;SEH1L;SRF;TUBA1B;TUBA1C;TUBB4A;TUBB4B;XPO1;ZWILCH,108,ACTB;ACTG1;AHCTF1;B9D2;BIRC5;BUB1;BUB1B;BUB3;CDCA8;CENPA;CENPC;CENPE;CENPF;CENPH;CENPI;CENPK;CENPL;CENPN;CENPO;CENPP;CENPT;CENPU;CKAP5;CLASP1;CLASP2;CLIP1;DIAPH1;DIAPH2;DIAPH3;DSN1;DVL1;DVL2;DVL3;DYNC1H1;DYNC1I1;DYNC1LI1;DYNC1LI2;DYNLL1;DYNLL2;ERCC6L;EVL;FMNL1;FMNL2;FMNL3;INCENP;ITGB1;ITGB3BP;KIF18A;KIF2C;KNL1;KNTC1;MAD1L1;MAPRE1;MIS12;NDC80;NDE1;NDEL1;NSL1;NUDC;NUF2;NUP107;NUP133;NUP160;NUP43;NUP85;NUP98;PAFAH1B1;PFN1;PFN2;PLK1;PPP1CC;PPP2CB;PPP2R1A;PPP2R1B;PPP2R5A;PPP2R5B;PPP2R5C;PPP2R5D;RAC1;RANBP2;RANGAP1;RCC2;RHOB;RHOC;RPS27;SCAI;SEC13;SEH1L;SGO2;SKA2;SPC25;SPDL1;SRC;SRF;SRGAP2;TUBA1A;TUBA1B;TUBA1C;TUBA4A;TUBB2A;TUBB2B;TUBB4A;TUBB4B;TUBB6;TUBB8;XPO1;ZW10;ZWILCH,108,DYNC1LI1;ZWILCH;NUDC;BUB1;NSL1;TUBA1C;BUB3;ZW10;NUP107;PPP2CB;SEH1L;DIAPH2;TUBB4A;CENPL;CENPI;DIAPH1;TUBB2A;TUBA1B;SEC13;ITGB3BP;NUP43;MAPRE1;CLASP1;CDCA8;CENPA;EVL;SPDL1;NUF2;CLASP2;NUP133;NDEL1;XPO1;SCAI;PPP1CC;DYNC1H1;AHCTF1;RHOC;NUP160;PPP2R5C;CENPC;ITGB1;CENPE;PFN2;TUBB4B;RHOB;PPP2R5D;TUBB2B;RPS27;DSN1;PPP2R5B;PFN1;SRC;CENPO;RANBP2;RCC2;ACTG1;SKA2;PPP2R1A;CENPT;SRF;MAD1L1;DYNC1LI2;FMNL3;DVL2;INCENP;PPP2R5A;PPP2R1B;RAC1;ACTB;BUB1B;CENPU;TUBB8;ERCC6L;CENPK;KIF2C;TUBB6;NDE1;DYNC1I1;PLK1;TUBA1A;CENPN;KIF18A;CENPH;DYNLL2;RANGAP1;NUP98;KNTC1;FMNL1;MIS12;DVL3;CENPP;CKAP5;DIAPH3;SRGAP2;DVL1;CLIP1;PAFAH1B1;SGO2;KNL1;DYNLL1;FMNL2;NUP85;TUBA4A;SPC25;NDC80;CENPF;B9D2;BIRC5,33,ZWILCH;NSL1;TUBA1C;BUB3;NUP107;SEH1L;TUBB4A;CENPL;CENPI;DIAPH1;TUBA1B;SEC13;NUP43;MAPRE1;CDCA8;EVL;NUF2;XPO1;AHCTF1;PFN2;TUBB4B;RHOB;DSN1;PPP2R5B;RANBP2;RCC2;PPP2R1A;SRF;DYNC1LI2;ERCC6L;CENPN;DYNLL2;NUP98,269,9
210,NRIF signals cell death from the nucleus,R3_recurrent_directional,4,Astro;Micro;OPC;Oligo,4,0,0,Astro,-1.0680069828846537,-1.538509837749425,0.7404119343930435,0.0793289489086975,0.7404119343930435,-0.9227601728229112,-1.008299307990863,0.8660673326742854,1.0680069828846537,7,APH1A;APH1B;MAPK8;PSEN1;PSEN2;RPS27A;UBA52,12,APH1A;APH1B;MAPK8;NCSTN;NGFR;PSEN1;PSEN2;RPS27A;SQSTM1;UBA52;UBB;UBC,12,APH1B;UBA52;RPS27A;MAPK8;PSEN2;UBC;APH1A;PSEN1;UBB;SQSTM1;NCSTN;NGFR,7,APH1B;UBA52;RPS27A;MAPK8;PSEN2;APH1A;PSEN1,2049,2
211,NoRC negatively regulates rRNA expression,R3_recurrent_directional,4,Astro;Micro;OPC;Oligo,4,0,0,Astro,-1.527670100254967,-1.438140841223342,0.2816982962956869,0.1341265971814816,0.2816982962956869,-1.2412961195679846,-0.9418884441823528,0.8647667114408735,1.438140841223342,21,DNMT1;ERCC2;ERCC3;GTF2H2;GTF2H5;HDAC1;MNAT1;POLR1A;POLR1D;POLR2E;POLR2F;POLR2L;SAP130;SAP30;SAP30BP;SIN3A;SIN3B;SUDS3;TAF1B;TAF1C;TBP,39,ARID4B;BAZ2A;CCNH;CDK7;DNMT1;DNMT3B;ERCC2;ERCC3;GTF2H1;GTF2H2;GTF2H3;GTF2H5;HDAC1;MBD2;MNAT1;POLR1A;POLR1B;POLR1C;POLR1D;POLR2E;POLR2F;POLR2H;POLR2K;POLR2L;SAP130;SAP18;SAP30;SAP30BP;SAP30L;SIN3A;SIN3B;SMARCA5;SUDS3;TAF1B;TAF1C;TAF1D;TBP;TTF1;UBTF,39,POLR2F;MNAT1;GTF2H2;SAP30;POLR1D;CCNH;POLR2H;POLR1A;SAP30BP;POLR1B;SUDS3;SIN3B;SIN3A;ARID4B;ERCC2;POLR2L;DNMT1;MBD2;TAF1D;DNMT3B;TAF1B;TAF1C;HDAC1;SAP30L;CDK7;BAZ2A;SAP130;GTF2H3;POLR1C;UBTF;GTF2H1;TTF1;GTF2H5;POLR2E;POLR2K;ERCC3;SMARCA5;TBP;SAP18,21,POLR2F;MNAT1;GTF2H2;SAP30;POLR1D;POLR1A;SAP30BP;SUDS3;SIN3B;SIN3A;ERCC2;POLR2L;DNMT1;TAF1B;TAF1C;HDAC1;SAP130;GTF2H5;POLR2E;ERCC3;TBP,424,3
212,Synthesis of glycosylphosphatidylinositol (GPI),R3_recurrent_directional,4,Astro;Micro;OPC;Oligo,4,0,0,Astro,-1.3159315625704773,-1.0215820418818364,0.4888226928872384,0.5803230828183538,0.5803230828183538,-1.3279828867355967,-0.8636071477566023,0.8636071477566023,1.3373990921058745,6,DPM2;PIGB;PIGG;PIGN;PIGO;PIGZ,14,DPM2;PIGA;PIGB;PIGC;PIGF;PIGG;PIGH;PIGL;PIGN;PIGO;PIGP;PIGQ;PIGX;PIGZ,14,DPM2;PIGO;PIGL;PIGG;PIGB;PIGC;PIGA;PIGP;PIGQ;PIGX;PIGZ;PIGN;PIGH;PIGF,6,DPM2;PIGO;PIGG;PIGB;PIGZ;PIGN,1789,2
215,Generation of second messenger molecules,R3_recurrent_directional,4,Astro;Micro;OPC;Oligo,4,0,0,Oligo,1.058141623455645,1.3934612613355506,0.7929029967220624,0.2603658737182825,0.7929029967220624,0.1898875934511878,-0.0294089807777164,0.8577672042344835,1.058141623455645,7,CD247;CD4;ENAH;EVL;GRAP2;NCK1;WAS,21,CD101;CD247;CD4;ENAH;EVL;GRAP2;HLA-DPA1;HLA-DPB1;HLA-DQA1;HLA-DQB1;HLA-DRA;HLA-DRB1;LCP2;NCK1;PAK1;PAK2;PAK3;PLCG1;PLCG2;VASP;WAS,21,NCK1;CD4;PAK2;CD247;HLA-DPB1;EVL;ENAH;GRAP2;WAS;VASP;HLA-DRA;PAK1;HLA-DQA1;HLA-DQB1;PAK3;CD101;PLCG2;PLCG1;LCP2;HLA-DRB1;HLA-DPA1,7,NCK1;CD4;CD247;EVL;ENAH;GRAP2;WAS,121,1
217,DNA Damage/Telomere Stress Induced Senescence,R3_recurrent_directional,4,Astro;Micro;OPC;Oligo,4,0,0,Oligo,1.1117817748329903,0.9841748810106816,0.7471677694416611,0.6943299692712337,0.7471677694416611,0.926022874520393,0.9229380304530252,0.8554519335136017,0.9841748810106816,10,ASF1A;ATM;CCNA2;CCNE1;CDKN1B;HMGA1;KAT5;RB1;TERF2IP;TINF2,22,ASF1A;ATM;CABIN1;CCNA2;CCNE1;CCNE2;CDK2;CDKN1A;CDKN1B;EP400;HIRA;HMGA1;KAT5;LMNB1;MRE11;POT1;RB1;TERF1;TERF2;TERF2IP;TINF2;TP53,22,CDKN1B;ASF1A;CCNA2;TERF2IP;HMGA1;ATM;RB1;HIRA;TERF2;CCNE1;LMNB1;KAT5;TINF2;CABIN1;EP400;TERF1;CDKN1A;TP53;CDK2;CCNE2;POT1;MRE11,10,CDKN1B;ASF1A;CCNA2;TERF2IP;HMGA1;ATM;RB1;CCNE1;KAT5;TINF2,70,1
218,Resolution of D-Loop Structures,R3_recurrent_directional,4,Astro;Micro;OPC;Oligo,4,0,0,OPC,1.2023651128381905,1.0001966587920197,0.724912253145933,0.7900990800301699,0.7900990800301699,-0.1071309975377186,0.0385993259659203,0.853392965723617,1.0001966587920197,11,ATM;BARD1;BRCA2;EME2;KAT5;RAD51AP1;RAD51C;RMI1;RMI2;SEM1;XRCC3,28,ATM;BARD1;BLM;BRCA1;BRCA2;BRIP1;DNA2;EME2;FIGNL1;GEN1;KAT5;MRE11;MUS81;NBN;PALB2;RAD51AP1;RAD51B;RAD51C;RBBP8;RMI1;RMI2;SEM1;SLX4;SPIDR;TOP3A;WRN;XRCC2;XRCC3,28,RAD51C;RMI1;EME2;XRCC3;DNA2;TOP3A;RMI2;BARD1;ATM;RAD51B;SLX4;RAD51AP1;KAT5;RBBP8;GEN1;BRCA1;SPIDR;PALB2;MUS81;WRN;BRCA2;BRIP1;BLM;FIGNL1;NBN;XRCC2;SEM1;MRE11,11,RAD51C;RMI1;EME2;XRCC3;RMI2;BARD1;ATM;RAD51AP1;KAT5;BRCA2;SEM1,671,8
220,Josephin domain DUBs,R3_recurrent_directional,4,Astro;Micro;OPC;Oligo,4,0,0,Astro,-1.2236576672783062,-1.6072560576774395,0.5766947446449264,0.0517557473325258,0.5766947446449264,-1.1497523330120942,-0.9786439051915226,0.8519846331903921,1.2236576672783062,4,JOSD1;RPS27A;UBA52;VCP,11,ATXN3;JOSD1;JOSD2;PRKN;RAD23A;RAD23B;RPS27A;UBA52;UBB;UBC;VCP,11,VCP;UBA52;RPS27A;JOSD2;UBC;JOSD1;RAD23A;RAD23B;UBB;PRKN;ATXN3,4,VCP;UBA52;RPS27A;JOSD1,44,1
222,TRAF6 mediated IRF7 activation,R3_recurrent_directional,4,Astro;Micro;OPC;Oligo,4,0,0,Oligo,1.081876391696284,1.9394638914425115,0.7654933823136387,0.0312449627749065,0.7654933823136387,0.9892601094998752,0.8512282101326607,0.8512282101326607,1.081876391696284,5,EP300;IFIH1;TANK;TRAF2;TRAF6,15,CREBBP;EP300;IFIH1;IFNA2;IKBKE;IRF3;MAVS;RNF135;SIKE1;TANK;TBK1;TRAF2;TRAF6;TRIM25;TRIM4,15,IFIH1;TBK1;TRAF6;TRAF2;EP300;IRF3;TRIM25;SIKE1;RNF135;CREBBP;TANK;TRIM4;MAVS;IKBKE;IFNA2,5,IFIH1;TRAF6;TRAF2;EP300;TANK,728,2
228,Nuclear Receptor transcription pathway,R3_recurrent_directional,4,Astro;Micro;OPC;Oligo,4,0,0,OPC,1.3776441961755592,1.1628267180789706,0.5974439711838642,0.5886237892831947,0.5974439711838642,0.8341999997396294,1.3889257202337637,0.8341999997396294,1.1628267180789706,15,ESR2;NR1D1;NR1H2;NR1H3;NR2C2;NR2E1;NR2F1;NR6A1;PPARA;PPARG;RARB;RORA;RXRA;THRA;THRB,37,AR;ESR1;ESR2;ESRRA;ESRRG;HNF4G;MED1;NCOR1;NCOR2;NR0B1;NR1D1;NR1D2;NR1H2;NR1H3;NR2C1;NR2C2;NR2E1;NR2F1;NR2F6;NR3C1;NR3C2;NR4A1;NR4A3;NR6A1;NRBF2;NRBP1;PPARA;PPARD;PPARG;RARA;RARB;RARG;RORA;RORB;RXRA;THRA;THRB,37,NR1D1;NR1H2;NR3C2;THRB;RXRA;NR2C2;NR3C1;NR2F1;THRA;RORB;RARG;HNF4G;RARA;ESRRG;PPARG;NR6A1;ESR2;NRBP1;NR1H3;ESR1;RARB;PPARA;NR2C1;NR2E1;RORA;NR1D2;ESRRA;NCOR1;MED1;NR4A3;NR4A1;NR0B1;AR;NRBF2;PPARD;NR2F6;NCOR2,15,NR1D1;NR1H2;THRB;RXRA;NR2C2;NR2F1;THRA;PPARG;NR6A1;ESR2;NR1H3;RARB;PPARA;NR2E1;RORA,818,2
230,Transferrin endocytosis and recycling,R3_recurrent_directional,4,Astro;Micro;OPC;Oligo,4,0,0,OPC,-0.7725096589211049,-1.812219608886679,0.9348488881508944,0.0598953227988441,0.9348488881508944,-0.8268107457273683,-1.8244050104740064,0.8268107457273683,0.939078070105454,8,ATP6V0D1;ATP6V0E2;ATP6V1D;ATP6V1E1;ATP6V1F;TF;TFR2;TFRC,24,ATP6AP1;ATP6V0A1;ATP6V0A2;ATP6V0B;ATP6V0D1;ATP6V0D2;ATP6V0E2;ATP6V1A;ATP6V1B2;ATP6V1C1;ATP6V1C2;ATP6V1D;ATP6V1E1;ATP6V1E2;ATP6V1F;ATP6V1G1;ATP6V1G2;ATP6V1H;HFE;MCOLN1;TCIRG1;TF;TFR2;TFRC,24,TF;TFR2;ATP6V1D;TFRC;ATP6V1F;ATP6V0E2;ATP6V0D1;MCOLN1;ATP6AP1;HFE;ATP6V1E2;ATP6V1E1;ATP6V1A;ATP6V0A2;ATP6V0D2;ATP6V1G2;TCIRG1;ATP6V0B;ATP6V1H;ATP6V1C1;ATP6V1B2;ATP6V1G1;ATP6V0A1;ATP6V1C2,8,TF;TFR2;ATP6V1D;TFRC;ATP6V1F;ATP6V0E2;ATP6V0D1;ATP6V1E1,96,3
231,tRNA modification in the nucleus and cytosol,R3_recurrent_directional,4,Astro;Micro;OPC;Oligo,4,0,0,Astro,-1.0755758913903526,-0.8592560679831184,0.7265676551245737,0.8075278705923588,0.8075278705923588,-1.0621560006733657,-0.8262134709514206,0.8262134709514206,0.9582341602841008,14,ADAT1;ADAT2;ALKBH8;DUS2;FTSJ1;OSGEP;QTRT1;QTRT2;THADA;TRMT11;TRMT61A;TRMT9B;TYW1;WDR4,36,ADAT1;ADAT2;ALKBH8;CDKAL1;CTU1;CTU2;DUS2;FTSJ1;GON7;LAGE3;LCMT2;NSUN2;NSUN6;OSGEP;PUS1;PUS3;PUS7;QTRT1;QTRT2;THADA;THG1L;TP53RK;TRDMT1;TRIT1;TRMT1;TRMT10A;TRMT11;TRMT112;TRMT44;TRMT5;TRMT61A;TRMT9B;TYW1;TYW5;URM1;WDR4,36,QTRT1;URM1;TYW5;PUS7;OSGEP;TRDMT1;FTSJ1;TRMT5;TYW1;TRMT10A;ADAT2;PUS3;ADAT1;TRMT61A;PUS1;ALKBH8;WDR4;TRMT112;THADA;TRMT11;LCMT2;LAGE3;DUS2;TP53RK;CTU2;CTU1;TRMT44;TRMT1;TRIT1;NSUN6;CDKAL1;QTRT2;GON7;NSUN2;THG1L;TRMT9B,14,QTRT1;OSGEP;FTSJ1;TYW1;ADAT2;ADAT1;TRMT61A;ALKBH8;WDR4;THADA;TRMT11;DUS2;QTRT2;TRMT9B,118,2
234,Nonhomologous End-Joining (NHEJ),R3_recurrent_directional,4,Astro;Micro;OPC;Oligo,4,0,0,Oligo,-1.2669465209019084,-0.8671497574809295,0.8171916662859767,0.8968909284566983,0.8968909284566983,-0.968849200835526,-0.8155478004707933,0.8155478004707933,0.9161647455714298,7,BABAM2;KAT5;MDC1;POLM;RNF8;XRCC5;XRCC6,24,ABRAXAS1;ATM;BABAM2;BRCA1;BRCC3;DCLRE1C;HERC2;KAT5;MDC1;MRE11;NBN;PAXIP1;PIAS4;POLL;POLM;RNF8;TDP1;TP53BP1;UBE2N;UBE2V2;UIMC1;XRCC4;XRCC5;XRCC6,24,MDC1;RNF8;ATM;TDP1;XRCC4;POLL;BRCC3;XRCC5;PAXIP1;KAT5;DCLRE1C;BRCA1;UIMC1;POLM;PIAS4;XRCC6;UBE2V2;HERC2;NBN;ABRAXAS1;MRE11;BABAM2;TP53BP1;UBE2N,7,MDC1;RNF8;XRCC5;KAT5;POLM;XRCC6;BABAM2,1493,3
235,Adenylate cyclase inhibitory pathway,R3_recurrent_directional,4,Astro;Micro;OPC;Oligo,4,0,0,Astro,1.3058983977479797,1.9605384669250256,0.3300989000959473,0.0381888918502724,0.3300989000959473,0.7094913861875001,1.2523388089384433,0.8031587197039531,1.3058983977479797,4,ADCY2;ADCY8;ADCY9;GNAI3,11,ADCY2;ADCY3;ADCY4;ADCY5;ADCY7;ADCY8;ADCY9;GNAI1;GNAI2;GNAI3;GNAL,11,ADCY8;ADCY5;ADCY7;ADCY3;GNAL;GNAI3;ADCY9;ADCY2;GNAI1;GNAI2;ADCY4,4,ADCY8;GNAI3;ADCY9;ADCY2,1180,3
238,Response of Mtb to phagocytosis,R3_recurrent_directional,4,Astro;Micro;OPC;Oligo,4,0,0,Astro,-0.7878500633528911,-1.708195867246494,0.9485368739829064,0.0273258016697284,0.9485368739829064,-0.7912358664143213,-1.4645024404000218,0.7912358664143213,0.9181957353629608,5,ATP6V1H;KPNB1;MAPK3;RNF213;UBA52,19,ATP6V1H;CORO1A;DUSP16;ENO1;GSK3A;HGS;KPNB1;MAPK1;MAPK3;PGK1;RAB5A;RAB7A;RNF213;RPS27A;SFPQ;TRIM27;UBA52;UBB;UBC,19,KPNB1;ENO1;RAB7A;HGS;RNF213;MAPK1;UBA52;RPS27A;MAPK3;SFPQ;UBC;DUSP16;UBB;CORO1A;ATP6V1H;RAB5A;TRIM27;PGK1;GSK3A,5,KPNB1;RNF213;UBA52;MAPK3;ATP6V1H,42,2
239,Interleukin receptor SHC signaling,R3_recurrent_directional,4,Astro;Micro;OPC;Oligo,4,0,0,Astro,1.0193861517819944,0.9129631744900902,0.6948835442146809,0.8770898263198642,0.8770898263198642,0.897022102201126,0.8201784306612787,0.7906295599061042,0.9129631744900902,6,INPP5D;INPPL1;JAK2;PIK3CA;PIK3CD;SOS1,15,CSF2RB;GAB2;GRB2;IL5;INPP5D;INPPL1;JAK1;JAK2;JAK3;PIK3CA;PIK3CD;PIK3R1;PTPN6;SHC1;SOS1,15,PIK3R1;PIK3CA;SOS1;PIK3CD;INPP5D;JAK2;INPPL1;JAK3;GRB2;GAB2;PTPN6;SHC1;JAK1;IL5;CSF2RB,6,PIK3CA;SOS1;PIK3CD;INPP5D;JAK2;INPPL1,279,2
240,PD-L1(CD274) glycosylation and translocation to plasma membrane,R3_recurrent_directional,4,Astro;Micro;OPC;Oligo,4,0,0,Astro,-1.16271801775294,-1.372617008245803,0.6496212619013355,0.17809730585944,0.6496212619013355,-0.7808335886524456,-1.323199501153753,0.7808335886524456,1.16271801775294,10,DDOST;MAGT1;MIB2;OST4;PDCD1LG2;RPN2;RPS27A;TMEM258;UBA52;UBC,19,CD274;DAD1;DDOST;JAK1;MAGT1;MIB2;OST4;OSTC;PDCD1LG2;RPN1;RPN2;RPS27A;STT3A;STT3B;TMEM258;TUSC3;UBA52;UBB;UBC,19,CD274;DDOST;UBA52;RPS27A;TMEM258;STT3B;RPN2;UBC;OST4;OSTC;PDCD1LG2;MAGT1;UBB;MIB2;JAK1;DAD1;RPN1;TUSC3;STT3A,10,DDOST;UBA52;RPS27A;TMEM258;RPN2;UBC;OST4;PDCD1LG2;MAGT1;MIB2,711,1
241,TICAM1-dependent activation of IRF3/IRF7,R3_recurrent_directional,4,Astro;Micro;OPC;Oligo,4,0,0,OPC,-0.7601329391627419,-1.7741184641269083,0.9436049277089228,0.0793423108254722,0.9436049277089228,-0.7800245907031933,-1.627714332067302,0.7800245907031933,0.8174624346120588,8,IRF3;IRF7;OPTN;TICAM1;TLR3;TRAF3;UBA52;UBC,12,IKBKE;IRF3;IRF7;OPTN;RPS27A;TBK1;TICAM1;TLR3;TRAF3;UBA52;UBB;UBC,12,TBK1;IRF7;UBA52;RPS27A;IRF3;TRAF3;OPTN;UBC;TICAM1;TLR3;UBB;IKBKE,8,IRF7;UBA52;IRF3;TRAF3;OPTN;UBC;TICAM1;TLR3,960,3
242,Regulation of TP53 Activity through Acetylation,R3_recurrent_directional,4,Astro;Micro;OPC;Oligo,4,0,0,Astro,-1.0486763079665895,-0.906599406398327,0.7592651309054045,0.7440198699904216,0.7592651309054045,-0.910954299623418,-0.8402104158276722,0.7735268582686319,0.906599406398327,10,AKT1;BRPF3;CHD3;CHD4;EP300;GATAD2A;HDAC1;KAT6A;PIP4K2C;PIP4P1,30,AKT1;AKT2;AKT3;BRD1;BRD7;BRPF1;BRPF3;CHD3;CHD4;EP300;GATAD2A;GATAD2B;HDAC1;HDAC2;ING2;ING5;KAT6A;MAP2K6;MBD3;MEAF6;MTA2;PIN1;PIP4K2A;PIP4K2B;PIP4K2C;PIP4P1;PML;RBBP4;RBBP7;TP53,30,MAP2K6;PIN1;PIP4K2B;BRD1;BRPF1;CHD3;MEAF6;CHD4;EP300;GATAD2A;PML;PIP4K2C;BRD7;ING5;RBBP4;AKT1;HDAC1;MBD3;KAT6A;GATAD2B;BRPF3;MTA2;TP53;RBBP7;AKT3;HDAC2;AKT2;PIP4P1;PIP4K2A;ING2,10,CHD3;CHD4;EP300;GATAD2A;PIP4K2C;AKT1;HDAC1;KAT6A;BRPF3;PIP4P1,216,1
245,Transcriptional regulation of pluripotent stem cells,R3_recurrent_directional,4,Astro;Micro;OPC;Oligo,4,0,0,Micro,1.4605413571988146,1.4300016740059922,0.514352051411398,0.2192617477932363,0.514352051411398,1.4599835552525144,1.1277023965940816,0.7463047460133841,1.4300016740059922,7,FGF2;FOXP1;NR6A1;SALL1;SMAD2;SMAD4;TSC22D1,12,EPAS1;FGF2;FOXP1;HIF3A;KLF4;NR6A1;PBX1;SALL1;SMAD2;SMAD4;STAT3;TSC22D1,12,STAT3;FOXP1;FGF2;SMAD2;PBX1;SALL1;TSC22D1;NR6A1;HIF3A;EPAS1;SMAD4;KLF4,7,FOXP1;FGF2;SMAD2;SALL1;TSC22D1;NR6A1;SMAD4,480,1
249,Removal of the Flap Intermediate,R3_recurrent_directional,4,Astro;Micro;OPC;Oligo,4,0,0,OPC,1.3950377666501614,0.8933601470066244,0.6006052697763411,0.8960536790860953,0.8960536790860953,0.8091723912185704,1.1066616756798813,0.7225521086396622,0.8933601470066244,8,DNA2;PCNA;POLD1;POLD3;PRIM1;PRIM2;RPA1;RPA3,12,DNA2;PCNA;POLA1;POLD1;POLD2;POLD3;POLD4;PRIM1;PRIM2;RPA1;RPA2;RPA3,12,RPA2;PRIM1;DNA2;POLD3;RPA1;POLD4;PRIM2;POLD2;POLA1;RPA3;PCNA;POLD1,8,PRIM1;DNA2;POLD3;RPA1;PRIM2;RPA3;PCNA;POLD1,374,2
250,Prolactin receptor signaling,R3_recurrent_directional,4,Astro;Micro;OPC;Oligo,4,0,0,Micro,-1.5415719076720529,-0.8470756495982305,0.3995719980161281,0.8496309059185381,0.8496309059185381,-1.0722139088719431,-0.7001970931894418,0.6964675167821471,0.8470756495982305,4,JAK2;PRLR;RBX1;SKP1,11,BTRC;CUL1;GHR;JAK2;PRLR;PTPN11;RBX1;SH2B1;SKP1;STAT5A;STAT5B,11,PTPN11;PRLR;RBX1;JAK2;CUL1;BTRC;SKP1;SH2B1;STAT5B;STAT5A;GHR,4,PRLR;RBX1;JAK2;SKP1,115,1
251,Nucleotide biosynthesis,R3_recurrent_directional,4,Astro;Micro;OPC;Oligo,4,0,0,Micro,-1.171927560612525,-1.0930626023847678,0.8585863141707757,0.4837572211361358,0.8585863141707757,-1.1374103215086953,-0.8760365591753726,0.6937600775405406,1.0930626023847678,4,DHODH;GART;IMPDH2;PPAT,11,ATIC;CAD;DHODH;GART;GMPS;IMPDH1;IMPDH2;PAICS;PFAS;PPAT;UMPS,11,PAICS;ATIC;DHODH;GART;PFAS;IMPDH2;PPAT;UMPS;GMPS;IMPDH1;CAD,4,DHODH;GART;IMPDH2;PPAT,239,1
252,Telomere Extension By Telomerase,R3_recurrent_directional,4,Astro;Micro;OPC;Oligo,4,0,0,Astro,0.8273166844100687,0.7150584019294604,0.8930761071120501,0.9627586292987615,0.9627586292987615,0.8042654540758734,0.6780721511593483,0.6780721511593483,0.781214223741678,8,ANKRD28;CCNA2;NHP2;PPP6R3;RUVBL1;SHQ1;TERF2IP;TINF2,20,ACD;ANKRD28;CCNA2;CDK2;DKC1;GAR1;NHP2;NOP10;PIF1;POT1;PPP6C;PPP6R3;RUVBL1;RUVBL2;SHQ1;TERF1;TERF2;TERF2IP;TINF2;WRAP53,20,CCNA2;TERF2IP;PPP6R3;ACD;PIF1;NHP2;RUVBL2;RUVBL1;TERF2;ANKRD28;SHQ1;DKC1;GAR1;TINF2;TERF1;CDK2;NOP10;POT1;WRAP53;PPP6C,8,CCNA2;TERF2IP;PPP6R3;NHP2;RUVBL1;ANKRD28;SHQ1;TINF2,1165,1
253,Defective Intrinsic Pathway for Apoptosis,R3_recurrent_directional,4,Astro;Micro;OPC;Oligo,4,0,0,OPC,-0.7127219009066734,-1.1175765672160467,0.9621593274777548,0.6382550054722491,0.9621593274777548,-0.6214189674906365,-1.194995714723717,0.6214189674906365,0.7127219009066734,9,APP;C1QBP;CAPNS1;CDK5;CDK5R1;JUN;LMNB1;TP53;YWHAE,20,APP;BCL2L11;C1QBP;CAPN1;CAPN2;CAPNS1;CAST;CDC25B;CDC25C;CDK5;CDK5R1;CDKN2A;FOXO3;GOLGA2;JUN;LMNA;LMNB1;PRDX1;TP53;YWHAE,20,CDK5;APP;CAPN1;CAST;CAPNS1;CAPN2;JUN;CDK5R1;PRDX1;LMNA;LMNB1;C1QBP;BCL2L11;CDC25B;GOLGA2;TP53;YWHAE;CDC25C;FOXO3;CDKN2A,9,CDK5;APP;CAPNS1;JUN;CDK5R1;LMNB1;C1QBP;TP53;YWHAE,182,3
256,BBSome-mediated cargo-targeting to cilium,R3_recurrent_directional,4,Astro;Micro;OPC;Oligo,3,0,0,Micro,1.8374906802402533,1.7017119521325288,0.1328881897363575,0.059330408241219,0.1328881897363575,1.8142373665871872,1.3093960286430306,1.3093960286430306,1.7017119521325288,10,BBIP1;BBS7;CCT2;CCT3;CCT4;CCT5;LZTFL1;RAB3IP;SMO;TCP1,18,ARL6;BBIP1;BBS10;BBS12;BBS2;BBS4;BBS7;BBS9;CCT2;CCT3;CCT4;CCT5;CCT8;LZTFL1;RAB3IP;SMO;TCP1;TTC8,18,RAB3IP;BBS9;LZTFL1;CCT5;CCT4;TCP1;BBS4;CCT3;TTC8;ARL6;BBIP1;SMO;CCT8;BBS2;CCT2;BBS10;BBS7;BBS12,10,RAB3IP;LZTFL1;CCT5;CCT4;TCP1;CCT3;BBIP1;SMO;CCT2;BBS7,1344,2
257,Extracellular matrix organization,R3_recurrent_directional,4,Astro;Micro;OPC;Oligo,3,0,0,Astro,1.4106221799636889,1.632281828725121,0.242698815780963,0.2596612494500288,0.2596612494500288,1.2761757287612432,1.6793728667746488,1.2761757287612432,1.4106221799636889,76,A2M;ACTN1;ADAM10;ADAM12;ADAM19;ADAMTS1;ADAMTS2;ADAMTS4;BCAN;BMP1;BMP2;CAPN15;CASK;CASP3;CAST;CD151;CD44;COL12A1;COL16A1;COL24A1;COL27A1;COL4A2;COL4A3;COL4A4;COL4A5;COL4A6;COL5A1;COL5A2;COL5A3;COL6A2;COL6A6;COL9A2;COL9A3;COLGALT1;DAG1;DDR2;DTNA;EFEMP1;FBN1;FGF2;HSPG2;ICAM1;ITGA1;ITGA10;ITGA2;ITGA3;ITGA5;ITGA7;ITGA9;ITGAV;ITGB8;JAM2;LAMB2;LAMC1;LRP4;LTBP2;MATN4;NCSTN;NID2;NRXN1;P3H2;P3H3;PDGFA;PECAM1;PLEC;PLOD1;PLOD2;PLOD3;SDC3;SERPINH1;SGCZ;SH3PXD2A;SNTB1;SNTB2;TGFB2;TNR,213,A2M;ACTA2;ACTB;ACTG1;ACTN1;ADAM10;ADAM12;ADAM15;ADAM17;ADAM19;ADAM9;ADAMTS1;ADAMTS14;ADAMTS16;ADAMTS18;ADAMTS2;ADAMTS3;ADAMTS4;ADAMTS8;ADAMTS9;AGRN;APP;ASPN;BCAN;BGN;BMP1;BMP2;BMP7;BSG;CAPN12;CAPN14;CAPN15;CAPN2;CAPN7;CAPN8;CAPNS1;CASK;CASP3;CAST;CD151;CD44;CD47;CDH1;CEACAM1;COL10A1;COL11A1;COL11A2;COL12A1;COL14A1;COL15A1;COL16A1;COL19A1;COL20A1;COL21A1;COL22A1;COL23A1;COL24A1;COL26A1;COL27A1;COL28A1;COL4A1;COL4A2;COL4A3;COL4A4;COL4A5;COL4A6;COL5A1;COL5A2;COL5A3;COL6A1;COL6A2;COL6A6;COL7A1;COL8A1;COL9A1;COL9A2;COL9A3;COLGALT1;COLGALT2;CRTAP;CTSB;CTSK;CTSL;CTSS;DAG1;DCN;DDR1;DDR2;DST;DTNA;DTNB;EFEMP1;EFEMP2;ELN;EMILIN2;F11R;FBLN1;FBLN2;FBLN5;FBN1;FBN3;FGF2;FN1;FURIN;HSPG2;HTRA1;ICAM1;ITGA1;ITGA10;ITGA11;ITGA2;ITGA2B;ITGA3;ITGA4;ITGA5;ITGA7;ITGA8;ITGA9;ITGAD;ITGAE;ITGAL;ITGAM;ITGAV;ITGB1;ITGB4;ITGB5;ITGB8;JAM2;JAM3;KLKB1;LAMA1;LAMA2;LAMA3;LAMA4;LAMA5;LAMB1;LAMB2;LAMC1;LOXL1;LOXL2;LOXL3;LRP4;LTBP1;LTBP2;LTBP3;LTBP4;MADCAM1;MATN1;MATN4;MFAP3;MMP11;MMP14;MMP15;MMP16;MMP17;MMP2;MMP24;MUSK;NCAM1;NCAN;NCSTN;NID1;NID2;NRXN1;NTN4;P3H1;P3H2;P3H3;P4HA1;P4HA2;P4HA3;P4HB;PCOLCE;PCOLCE2;PDGFA;PECAM1;PLEC;PLOD1;PLOD2;PLOD3;PPIB;PTPRS;PXDN;SCUBE3;SDC2;SDC3;SDC4;SERPINE1;SERPINH1;SGCA;SGCB;SGCD;SGCE;SGCG;SGCZ;SH3PXD2A;SNTA1;SNTB1;SNTB2;SNTG2;SPARC;SPOCK3;SPP1;SSPN;TGFB1;TGFB2;TGFB3;TIMP1;TLL2;TNC;TNR;UTRN;VCAN,213,ITGAM;PTPRS;ADAM17;ADAM9;ITGA2;COL9A1;BGN;APP;ITGA1;DDR2;PLOD3;PLOD2;TNR;HSPG2;PCOLCE;FN1;SDC3;ITGA2B;ITGAV;COL15A1;ITGAL;KLKB1;LOXL3;DDR1;CTSS;CAST;CTSB;ITGB5;CDH1;TNC;MADCAM1;BMP7;JAM2;NCAM1;COL27A1;ACTN1;SERPINH1;P4HA2;TGFB2;PLOD1;CAPNS1;FGF2;MMP16;LAMB1;COL6A6;UTRN;DAG1;CAPN7;CAPN2;CASP3;JAM3;COLGALT1;P4HB;CD151;CD44;ADAM19;COL4A2;ADAM12;ADAMTS4;ITGA3;NID1;ADAMTS2;SGCZ;COL24A1;P3H2;SH3PXD2A;ITGB8;COL28A1;SGCD;SNTB2;LRP4;A2M;LTBP1;DTNA;COL7A1;ADAM15;EFEMP2;NRXN1;ITGAE;ADAM10;ITGB4;CD47;ITGB1;P3H3;ITGA10;COL8A1;LAMA3;BCAN;LTBP2;SDC2;FBLN2;SPOCK3;ITGA7;EFEMP1;CEACAM1;SPP1;COL4A4;COL6A1;COL14A1;ADAMTS1;COL4A3;COL21A1;LAMA4;COL12A1;ITGA8;EMILIN2;VCAN;ADAMTS14;TGFB3;PECAM1;ADAMTS9;LAMA5;SCUBE3;COL5A1;LTBP3;PPIB;SGCB;ACTG1;TIMP1;CASK;ACTA2;COL5A3;LOXL2;SGCE;NCAN;PLEC;CTSK;CTSL;MMP17;MFAP3;DST;P4HA3;ADAMTS3;COL16A1;NTN4;COL11A2;BMP1;DTNB;BMP2;COL11A1;P4HA1;ITGA9;PDGFA;FBN1;HTRA1;COLGALT2;TLL2;ACTB;COL6A2;MATN1;ICAM1;CAPN14;ADAMTS18;CAPN12;COL9A3;ADAMTS16;COL4A5;NID2;COL5A2;COL4A6;LAMB2;F11R;MMP14;PCOLCE2;COL9A2;FBLN5;ADAMTS8;ITGA5;LAMA1;COL26A1;TGFB1;MMP15;SPARC;ELN;LTBP4;SNTB1;COL23A1;SNTA1;FBN3;COL4A1;LAMC1;SSPN;FURIN;MMP24;SNTG2;BSG;P3H1;CRTAP;COL19A1;AGRN;MUSK;LAMA2;CAPN15;NCSTN;SDC4;ASPN;COL10A1;ITGA4;MMP2;PXDN;ITGAD;SERPINE1;MMP11;MATN4;DCN;CAPN8;SGCG;ITGA11;SGCA;FBLN1;COL20A1;COL22A1;LOXL1,76,ITGA2;ITGA1;DDR2;PLOD3;PLOD2;TNR;HSPG2;SDC3;ITGAV;CAST;JAM2;COL27A1;ACTN1;SERPINH1;TGFB2;PLOD1;FGF2;COL6A6;DAG1;CASP3;COLGALT1;CD151;CD44;ADAM19;COL4A2;ADAM12;ADAMTS4;ITGA3;ADAMTS2;SGCZ;COL24A1;P3H2;SH3PXD2A;ITGB8;SNTB2;LRP4;A2M;DTNA;NRXN1;ADAM10;P3H3;ITGA10;BCAN;LTBP2;ITGA7;EFEMP1;COL4A4;ADAMTS1;COL4A3;COL12A1;PECAM1;COL5A1;CASK;COL5A3;PLEC;COL16A1;BMP1;BMP2;ITGA9;PDGFA;FBN1;COL6A2;ICAM1;COL9A3;COL4A5;NID2;COL5A2;COL4A6;LAMB2;COL9A2;ITGA5;SNTB1;LAMC1;CAPN15;NCSTN;MATN4,4,1
258,Syndecan interactions,R3_recurrent_directional,4,Astro;Micro;OPC;Oligo,3,0,0,Micro,1.538444414854651,1.7806540812473697,0.4290052381777888,0.03761040975789,0.4290052381777888,1.286051865173511,1.4507255321106376,1.2624145959893895,1.538444414854651,9,ACTN1;CASK;COL5A1;COL5A2;COL5A3;FGF2;ITGA2;ITGAV;SDC3,18,ACTN1;CASK;COL5A1;COL5A2;COL5A3;FGF2;FN1;ITGA2;ITGAV;ITGB1;ITGB4;ITGB5;SDC2;SDC3;SDC4;TGFB1;TNC;TRAPPC4,18,ITGA2;FN1;SDC3;ITGAV;ITGB5;TNC;ACTN1;FGF2;ITGB4;ITGB1;SDC2;COL5A1;CASK;COL5A3;COL5A2;TGFB1;TRAPPC4;SDC4,9,ITGA2;SDC3;ITGAV;ACTN1;FGF2;COL5A1;CASK;COL5A3;COL5A2,396,2
263,Regulation of PD-L1(CD274) transcription,R3_recurrent_directional,4,Astro;Micro;OPC;Oligo,3,0,0,Oligo,1.9213842144710973,1.806559173411119,0.068135380861086,0.0645419402675243,0.068135380861086,1.3391022331631115,1.2081451316651102,1.2081451316651102,1.806559173411119,13,CD274;CREBBP;CTNNB1;EED;EP300;NFKB1;RBBP5;RELA;SUZ12;TCF7;TCF7L1;WWTR1;YAP1,34,ATF3;BRD4;CD274;CREBBP;CTNNB1;DPY30;EED;EP300;EPAS1;EZH2;FOS;HIF1A;JUN;JUND;KMT2A;KMT2C;MYCN;NFE2L2;NFKB1;NFKB2;RBBP4;RBBP5;RBBP7;RELA;STAT1;STAT3;SUZ12;TCF7;TCF7L1;TCF7L2;TEAD1;WDR5;WWTR1;YAP1,34,CTNNB1;WDR5;STAT3;NFE2L2;CD274;WWTR1;RELA;STAT1;RBBP5;EED;YAP1;JUN;TCF7;NFKB2;JUND;EP300;SUZ12;TEAD1;KMT2C;RBBP4;TCF7L1;FOS;MYCN;NFKB1;BRD4;TCF7L2;HIF1A;CREBBP;KMT2A;DPY30;EPAS1;EZH2;RBBP7;ATF3,13,CTNNB1;CD274;WWTR1;RELA;RBBP5;EED;YAP1;TCF7;EP300;SUZ12;TCF7L1;NFKB1;CREBBP,311,1
264,Activation of SMO,R3_recurrent_directional,4,Astro;Micro;OPC;Oligo,3,0,0,Oligo,1.8166156312298205,1.2357165084029915,0.1536154855509438,0.3835989998631207,0.3835989998631207,1.4965948331623655,1.299719745341305,1.2061452717489511,1.3637229822796184,7,ARRB1;ARRB2;BOC;EFCAB7;EVC2;GAS1;SMO,15,ARRB1;ARRB2;BOC;CDON;CSNK1A1;EFCAB7;EVC;EVC2;GAS1;GRK2;IQCE;KIF3A;PTCH1;SHH;SMO,15,GAS1;EFCAB7;ARRB2;BOC;CSNK1A1;ARRB1;EVC;CDON;SMO;KIF3A;PTCH1;IQCE;EVC2;SHH;GRK2,7,GAS1;EFCAB7;ARRB2;BOC;ARRB1;SMO;EVC2,557,1
265,Fibronectin matrix formation,R3_recurrent_directional,4,Astro;Micro;OPC;Oligo,3,0,0,Astro,1.205751115724479,1.332192699143909,0.4438350297604546,0.579859930324614,0.579859930324614,1.1658159459545514,1.3502977219923924,1.2061184466931625,1.368402744840876,7,COL4A2;COL4A4;COL4A5;COL4A6;COL5A1;COL5A3;ITGA5,14,CEACAM1;COL4A1;COL4A2;COL4A3;COL4A4;COL4A5;COL4A6;COL5A1;COL5A2;COL5A3;COL7A1;FN1;ITGA5;ITGB1,14,FN1;COL4A2;COL7A1;ITGB1;CEACAM1;COL4A4;COL4A3;COL5A1;COL5A3;COL4A5;COL5A2;COL4A6;ITGA5;COL4A1,7,COL4A2;COL4A4;COL5A1;COL5A3;COL4A5;COL4A6;ITGA5,732,1
266,Metabolism of folate and pterines,R3_recurrent_directional,4,Astro;Micro;OPC;Oligo,3,0,0,Oligo,1.2932832855323797,1.4149941122674412,0.6478746802625638,0.2418748617705403,0.6478746802625638,0.961431326763653,1.2371631525334983,1.2011260475945875,1.2932832855323797,5,ALDH1L2;MTHFD2L;SHMT1;SHMT2;SLC46A1,15,ALDH1L1;ALDH1L2;DHFR;DHFR2;FPGS;MTHFD1;MTHFD1L;MTHFD2;MTHFD2L;MTHFR;MTHFS;SHMT1;SHMT2;SLC19A1;SLC46A1,15,SHMT1;MTHFD2;MTHFD2L;MTHFR;SLC46A1;SHMT2;MTHFD1;FPGS;ALDH1L1;MTHFD1L;ALDH1L2;SLC19A1;DHFR;DHFR2;MTHFS,5,SHMT1;MTHFD2L;SLC46A1;SHMT2;ALDH1L2,1295,1
269,Immunoregulatory interactions between a Lymphoid and a non-Lymphoid cell,R3_recurrent_directional,4,Astro;Micro;OPC;Oligo,3,0,0,Micro,-1.3602559899294373,-1.4272932064397568,0.6468722142322274,0.1459316549000407,0.6468722142322274,1.0641411705213164,0.1280093436649989,1.187540466364008,1.3602559899294373,17,B2M;C3;CD200R1;CD226;CD247;CD300C;CD300LF;CD96;HLA-B;HLA-C;HLA-F;ICAM3;ITGAL;KLRD1;KLRG1;SIGLEC10;TREML1,57,B2M;C3;CD1D;CD200R1;CD22;CD226;CD247;CD300A;CD300C;CD300LB;CD300LF;CD33;CD40;CD81;CD96;CDH1;CLEC2D;COLEC12;FCGR3A;HLA-A;HLA-B;HLA-C;HLA-E;HLA-F;ICAM1;ICAM3;IGLV10-54;ITGA4;ITGAL;ITGB1;ITGB2;ITGB7;KLRD1;KLRF1;KLRG1;LAIR1;LILRA1;LILRB1;LILRB4;MADCAM1;MICB;NCR3LG1;NECTIN2;OSCAR;PIANP;PILRA;PVR;SELL;SIGLEC1;SIGLEC10;SIGLEC7;SIGLEC8;SIGLEC9;TREM1;TREM2;TREML1;TYROBP,57,COLEC12;HLA-E;B2M;ITGB2;CD226;ITGAL;CD300LF;CDH1;OSCAR;MADCAM1;HLA-C;KLRD1;KLRG1;CD247;CD96;C3;HLA-B;PILRA;CLEC2D;LAIR1;PVR;ITGB1;HLA-F;NCR3LG1;HLA-A;PIANP;CD81;CD40;ITGB7;ICAM3;ICAM1;TREM1;CD1D;TREML1;CD300C;SIGLEC10;SELL;CD33;LILRB1;CD300A;FCGR3A;MICB;LILRB4;TREM2;LILRA1;NECTIN2;CD22;IGLV10-54;CD200R1;ITGA4;SIGLEC8;SIGLEC7;TYROBP;SIGLEC9;CD300LB;SIGLEC1;KLRF1,17,B2M;CD226;ITGAL;CD300LF;HLA-C;KLRD1;KLRG1;CD247;CD96;C3;HLA-B;HLA-F;ICAM3;TREML1;CD300C;SIGLEC10;CD200R1,100,1
270,Glutamate and glutamine metabolism,R3_recurrent_directional,3,Astro;OPC;Oligo,3,0,0,OPC,-1.3891900700641,-1.3711415452325988,0.3171900789120543,0.3588741927089037,0.3588741927089037,-1.185382138692691,-1.3711415452325988,1.185382138692691,1.3711415452325988,9,ALDH18A1;GLUD1;GLUD2;GLUL;GOT2;OAT;PYCR3;RIMKLA;RIMKLB,12,ALDH18A1;GLS;GLUD1;GLUD2;GLUL;GOT2;KYAT1;OAT;PYCR1;PYCR3;RIMKLA;RIMKLB,12,OAT;GLUD1;RIMKLA;GOT2;RIMKLB;GLUL;PYCR1;GLUD2;ALDH18A1;KYAT1;GLS;PYCR3,9,OAT;GLUD1;RIMKLA;GOT2;RIMKLB;GLUL;GLUD2;ALDH18A1;PYCR3,444,1
271,Fatty acid metabolism,R3_recurrent_directional,4,Astro;Micro;OPC;Oligo,3,0,0,Astro,-1.5823729653533092,-1.422464743235935,0.2175672976170779,0.1462000342417571,0.2175672976170779,-1.4838084894333536,-1.1841873369667697,1.1841873369667697,1.422464743235935,48,ACAA2;ACAD10;ACOT8;ACOX1;ACSBG1;ACSL3;ACSL6;CBR1;CPT1A;CPT2;CYP2J2;DECR2;DPEP2;ECHS1;EHHADH;ELOVL1;ELOVL2;ELOVL5;ELOVL6;EPHX2;FAAH;FAAH2;FADS1;FADS2;FASN;HACD3;HADHA;HSD17B8;MCAT;MECR;MID1IP1;NDUFAB1;NUDT7;PCCB;PCTP;PECR;PHYH;PON1;PON3;PPT1;PTGES2;SCD;SCD5;SLC25A17;SLC25A20;SLC27A1;TBXAS1;TECR,123,ABCC1;ABCD1;ACAA1;ACAA2;ACACA;ACACB;ACAD10;ACADL;ACADM;ACADS;ACADVL;ACBD4;ACBD5;ACBD7;ACLY;ACOT11;ACOT13;ACOT2;ACOT7;ACOT8;ACOX1;ACOX3;ACOXL;ACSBG1;ACSBG2;ACSF2;ACSF3;ACSL1;ACSL3;ACSL4;ACSL5;ACSL6;ACSM3;ACSM6;AKR1C3;ALDH3A2;ALOX12;ALOX15B;ALOX5;CBR1;CBR4;CPT1A;CPT2;CRAT;CYP1B1;CYP2J2;CYP2U1;CYP4F3;DBI;DECR1;DECR2;DPEP2;ECHS1;ECI1;EHHADH;ELOVL1;ELOVL2;ELOVL4;ELOVL5;ELOVL6;ELOVL7;EPHX2;FAAH;FAAH2;FADS1;FADS2;FASN;GGT1;GGT5;GPX4;HACD1;HACD2;HACD3;HACD4;HACL1;HADH;HADHA;HADHB;HPGDS;HSD17B12;HSD17B4;HSD17B8;LTA4H;LTC4S;MCAT;MCEE;MECR;MID1IP1;MLYCD;MORC2;NDUFAB1;NUDT19;NUDT7;OLAH;PCCA;PCCB;PCTP;PECR;PHYH;PON1;PON2;PON3;PPARD;PPT1;PRKAA2;PRKAB2;PRKAG2;PTGDS;PTGES2;PTGES3;PTGR1;PTGS1;SCD;SCD5;SCP2;SLC22A5;SLC25A17;SLC25A20;SLC27A1;SLC27A3;TBXAS1;TECR;THEM4,123,PTGES2;DECR1;ECHS1;ACAA1;ACOT13;ACLY;FASN;ACADVL;CBR4;TBXAS1;SCP2;PON1;AKR1C3;CRAT;FAAH2;DECR2;PECR;NUDT7;MCAT;CPT2;FADS2;PRKAA2;DBI;ACOX1;ACBD5;PTGES3;ACSM3;CPT1A;SLC27A3;ALDH3A2;ACSL3;MECR;ACACB;GPX4;FADS1;HACD3;ACBD4;HACL1;ACOT7;HADHA;PCTP;HACD2;HADHB;PCCB;ECI1;TECR;ACSL6;ELOVL2;PON3;ACSBG1;ACSBG2;HACD1;MID1IP1;SCD;ELOVL4;PHYH;ACOT11;GGT1;ABCC1;EHHADH;PRKAB2;ELOVL1;HSD17B4;SLC22A5;ACAA2;MLYCD;ACAD10;ALOX5;PON2;SLC25A20;CYP2J2;ACOT8;ACACA;SCD5;ACOX3;PTGR1;SLC25A17;ABCD1;CYP2U1;ACOXL;NUDT19;ELOVL7;ACADM;MORC2;HSD17B12;ACSF3;PCCA;ALOX15B;HSD17B8;ACSL5;CYP4F3;NDUFAB1;CBR1;PTGS1;FAAH;LTC4S;ELOVL5;EPHX2;OLAH;HADH;ELOVL6;ACOT2;HPGDS;PPARD;ACSF2;LTA4H;MCEE;THEM4;SLC27A1;PPT1;ACADS;ACSL1;PRKAG2;ACSL4;ALOX12;ACSM6;ACADL;HACD4;GGT5;DPEP2;PTGDS;ACBD7;CYP1B1,48,PTGES2;ECHS1;FASN;TBXAS1;PON1;FAAH2;DECR2;PECR;NUDT7;MCAT;CPT2;FADS2;ACOX1;CPT1A;ACSL3;MECR;FADS1;HACD3;HADHA;PCTP;PCCB;TECR;ACSL6;ELOVL2;PON3;ACSBG1;MID1IP1;SCD;PHYH;EHHADH;ELOVL1;ACAA2;ACAD10;SLC25A20;CYP2J2;ACOT8;SCD5;SLC25A17;HSD17B8;NDUFAB1;CBR1;FAAH;ELOVL5;EPHX2;ELOVL6;SLC27A1;PPT1;DPEP2,20,2
272,Mucopolysaccharidoses,R3_recurrent_directional,4,Astro;Micro;OPC;Oligo,3,0,0,OPC,-1.345164267251245,-1.2513743810480429,0.3621848837099337,0.4949297749694492,0.4949297749694492,-1.3284594931101403,-1.1770554842332042,1.1770554842332042,1.265869523827031,7,ARSB;GALNS;GLB1;HGSNAT;HYAL1;IDS;SGSH,10,ARSB;GALNS;GLB1;GNS;GUSB;HGSNAT;HYAL1;IDS;IDUA;SGSH,10,SGSH;HGSNAT;GALNS;GLB1;GUSB;HYAL1;IDUA;IDS;GNS;ARSB,7,SGSH;HGSNAT;GALNS;GLB1;HYAL1;IDS;ARSB,1289,1
274,"CHD6, CHD7, CHD8, CHD9 subfamily",R3_recurrent_directional,4,Astro;Micro;OPC;Oligo,3,0,0,Oligo,1.4206271114329998,2.034690043022125,0.6023361597962225,0.0228224075921056,0.6023361597962225,1.1691123310475873,1.316963703604599,1.1677541548029051,1.4206271114329998,12,CHD6;CHD7;CHD8;CHD9;CREBBP;CTNNB1;DKK2;EP300;MAFK;NFE2L2;NQO1;WDR5,14,AXIN2;CHD6;CHD7;CHD8;CHD9;CREBBP;CTCF;CTNNB1;DKK2;EP300;MAFK;NFE2L2;NQO1;WDR5,14,CTCF;NQO1;CTNNB1;WDR5;DKK2;NFE2L2;EP300;CHD9;MAFK;CHD7;CREBBP;AXIN2;CHD6;CHD8,12,NQO1;CTNNB1;WDR5;DKK2;NFE2L2;EP300;CHD9;MAFK;CHD7;CREBBP;CHD6;CHD8,6,1
275,NR1H3 & NR1H2 regulate gene expression linked to cholesterol transport and efflux,R3_recurrent_directional,4,Astro;Micro;OPC;Oligo,3,0,0,OPC,1.4429702256014612,1.4580435417964397,0.580229382724824,0.3239576508097841,0.580229382724824,1.0081516077059882,1.3565957258431398,1.1601617050658612,1.4429702256014612,12,ABCA1;EP300;HDAC3;KDM1A;KDM1B;KDM3A;NCOA1;NR1H2;NR1H3;RXRA;TBL1X;TBL1XR1,31,ABCA1;ABCG1;AGO1;AGO2;AGO3;AGO4;APOC1;APOD;APOE;ARL4C;EEPD1;EP300;GPS2;HDAC3;KDM1A;KDM1B;KDM3A;MOV10;NCOA1;NCOR1;NCOR2;NR1H2;NR1H3;PLTP;RXRA;RXRB;TBL1X;TBL1XR1;TNRC6A;TNRC6B;TNRC6C,31,APOE;APOC1;NR1H2;RXRB;KDM1B;RXRA;AGO1;NCOA1;MOV10;EP300;HDAC3;KDM3A;TBL1XR1;TBL1X;AGO3;APOD;ABCA1;NR1H3;EEPD1;TNRC6B;AGO2;TNRC6C;NCOR1;ARL4C;ABCG1;KDM1A;GPS2;TNRC6A;NCOR2;AGO4;PLTP,12,NR1H2;KDM1B;RXRA;NCOA1;EP300;HDAC3;KDM3A;TBL1XR1;TBL1X;ABCA1;NR1H3;KDM1A,834,2
278,EPH-ephrin mediated repulsion of cells,R3_recurrent_directional,4,Astro;Micro;OPC;Oligo,3,0,0,OPC,-1.2767459888846182,-1.741854879905529,0.4071639050433763,0.0954378302694866,0.4071639050433763,-1.0072006457191611,-1.5501141812001782,1.153740693873192,1.387735258184028,18,ACTG1;AP2A1;AP2A2;AP2B1;AP2M1;AP2S1;APH1B;CLTA;CLTB;CLTC;CLTCL1;EFNA1;EPHA4;EPHB2;FYN;LYN;PSEN1;PSEN2,39,ACTB;ACTG1;ADAM10;AP2A1;AP2A2;AP2B1;AP2M1;AP2S1;APH1A;APH1B;CLTA;CLTB;CLTC;CLTCL1;DNM1;EFNA1;EFNA5;EFNB1;EFNB2;EPHA2;EPHA4;EPHA5;EPHA6;EPHA7;EPHB1;EPHB2;EPHB3;EPHB6;FYN;LYN;NCSTN;PSEN1;PSEN2;RAC1;SRC;TIAM1;VAV2;VAV3;YES1,39,EPHA4;EPHA2;DNM1;CLTC;EFNA5;EFNB2;EFNB1;EPHA5;EPHB1;EFNA1;AP2A1;APH1B;CLTA;AP2A2;VAV2;ADAM10;CLTB;PSEN2;CLTCL1;APH1A;SRC;ACTG1;AP2S1;PSEN1;TIAM1;RAC1;ACTB;AP2B1;EPHA6;EPHA7;FYN;LYN;EPHB6;VAV3;YES1;AP2M1;EPHB2;NCSTN;EPHB3,18,EPHA4;CLTC;EFNA1;AP2A1;APH1B;CLTA;AP2A2;CLTB;PSEN2;CLTCL1;ACTG1;AP2S1;PSEN1;AP2B1;FYN;LYN;AP2M1;EPHB2,134,1
284,Transcriptional regulation by the AP-2 (TFAP2) family of transcription factors,R3_recurrent_directional,4,Astro;Micro;OPC;Oligo,3,0,0,Micro,1.617801524339843,1.2424289774583428,0.3572170482071657,0.4097298744124795,0.4097298744124795,1.1982585070155285,1.13296059947251,1.13296059947251,1.3458514409870594,11,ATAD2;CDKN1A;CREBBP;DEK;EGFR;EP300;ESR1;HSPD1;KCTD1;KIT;YY1,22,APOE;ATAD2;CDKN1A;CITED4;CREBBP;DEK;EGFR;EP300;ERBB2;ESR1;HSPD1;KCTD1;KCTD15;KIT;SUMO1;TFAP2E;TGFA;UBE2I;VEGFA;WWOX;YEATS4;YY1,22,EGFR;ERBB2;KIT;APOE;KCTD1;DEK;TGFA;EP300;TFAP2E;YY1;UBE2I;CITED4;VEGFA;ATAD2;ESR1;CREBBP;CDKN1A;HSPD1;KCTD15;WWOX;SUMO1;YEATS4,11,EGFR;KIT;KCTD1;DEK;EP300;YY1;ATAD2;ESR1;CREBBP;CDKN1A;HSPD1,512,1
285,tRNA Aminoacylation,R3_recurrent_directional,4,Astro;Micro;OPC;Oligo,3,0,0,OPC,-1.3155963443394918,-1.2440163048317665,0.373508185369126,0.5000208844962194,0.5000208844962194,-1.1520969208529637,-1.156972798635467,1.1310728901774865,1.2440163048317665,9,AARS2;AIMP1;AIMP2;CARS2;FARSA;FARSB;PPA1;TARS2;WARS2,20,AARS2;AIMP1;AIMP2;CARS2;EARS2;FARS2;FARSA;FARSB;HARS2;LARS2;NARS2;PARS2;PPA1;PPA2;RARS2;SARS2;TARS2;VARS2;WARS2;YARS2,20,SARS2;WARS2;YARS2;PPA2;NARS2;PPA1;AIMP2;TARS2;AIMP1;HARS2;LARS2;FARSB;EARS2;FARS2;PARS2;FARSA;CARS2;AARS2;VARS2;RARS2,9,WARS2;PPA1;AIMP2;TARS2;AIMP1;FARSB;FARSA;CARS2;AARS2,1032,1
286,Collagen biosynthesis and modifying enzymes,R3_recurrent_directional,4,Astro;Micro;OPC;Oligo,3,0,0,Astro,1.638131598220682,2.31228578786036,0.1286622835865931,0.0,0.1286622835865931,1.1307237015596772,1.9428127183723485,1.1307237015596772,1.638131598220682,21,ADAMTS3;COL24A1;COL27A1;COL4A2;COL4A5;COL4A6;COL5A1;COL5A2;COL5A3;COL6A2;COL6A6;COL9A2;COL9A3;COLGALT1;P3H2;P3H3;PLOD1;PLOD2;PLOD3;PPIB;SERPINH1,53,ADAMTS14;ADAMTS2;ADAMTS3;BMP1;COL10A1;COL11A1;COL12A1;COL14A1;COL15A1;COL16A1;COL18A1;COL19A1;COL20A1;COL21A1;COL22A1;COL23A1;COL24A1;COL26A1;COL27A1;COL28A1;COL4A1;COL4A2;COL4A3;COL4A4;COL4A5;COL4A6;COL5A1;COL5A2;COL5A3;COL6A1;COL6A2;COL6A6;COL8A1;COL9A1;COL9A2;COL9A3;COLGALT1;COLGALT2;CRTAP;P3H1;P3H2;P3H3;P4HA1;P4HA2;P4HA3;P4HB;PCOLCE;PLOD1;PLOD2;PLOD3;PPIB;SERPINH1;TLL2,53,COL9A1;PLOD3;PLOD2;PCOLCE;COL15A1;COL27A1;SERPINH1;P4HA2;PLOD1;COL6A6;COLGALT1;P4HB;COL4A2;ADAMTS2;COL24A1;P3H2;COL28A1;P3H3;COL8A1;COL4A4;COL6A1;COL14A1;COL4A3;COL21A1;COL12A1;ADAMTS14;COL18A1;COL5A1;PPIB;COL5A3;P4HA3;ADAMTS3;COL16A1;BMP1;COL11A1;P4HA1;COLGALT2;TLL2;COL6A2;COL9A3;COL4A5;COL5A2;COL4A6;COL9A2;COL26A1;COL23A1;COL4A1;P3H1;CRTAP;COL19A1;COL10A1;COL20A1;COL22A1,21,PLOD3;PLOD2;COL27A1;SERPINH1;PLOD1;COL6A6;COLGALT1;COL4A2;COL24A1;P3H2;P3H3;COL5A1;PPIB;COL5A3;ADAMTS3;COL6A2;COL9A3;COL4A5;COL5A2;COL4A6;COL9A2,452,2
290,COPII-mediated vesicle transport,R3_recurrent_directional,4,Astro;Micro;OPC;Oligo,3,0,0,OPC,-1.1979859489122415,-1.3377442022160897,0.4722756162199688,0.4019139360937931,0.4722756162199688,-1.0902869292327233,-1.2303485970827504,1.1199471708936366,1.1979859489122415,23,COL7A1;CTSZ;F8;GRIA1;LMAN2;LMAN2L;NAPA;PREB;RAB1A;SCFD1;SEC13;SEC24D;TBC1D20;TFG;TMED10;TRAPPC10;TRAPPC2;TRAPPC2L;TRAPPC4;TRAPPC6A;TRAPPC9;USO1;YKT6,59,BET1;CD59;CNIH1;CNIH2;CNIH3;COL7A1;CSNK1D;CTSC;CTSZ;F5;F8;GOLGA2;GORASP1;GRIA1;LMAN1;LMAN2;LMAN2L;MCFD2;NAPA;NAPB;NAPG;NSF;PPP6C;PPP6R1;PPP6R3;PREB;RAB1A;SAR1B;SCFD1;SEC13;SEC16A;SEC22B;SEC22C;SEC23A;SEC23IP;SEC24A;SEC24C;SEC24D;SEC31A;SEC31B;STX17;STX5;TBC1D20;TFG;TGFA;TMED10;TMED2;TRAPPC1;TRAPPC10;TRAPPC2;TRAPPC2L;TRAPPC3;TRAPPC4;TRAPPC5;TRAPPC6A;TRAPPC6B;TRAPPC9;USO1;YKT6,59,RAB1A;USO1;NAPB;TRAPPC6A;CD59;LMAN1;LMAN2L;TMED10;TRAPPC3;TBC1D20;TRAPPC5;BET1;YKT6;F8;CTSZ;PPP6R3;TRAPPC2L;TRAPPC1;PREB;TRAPPC2;SEC13;TGFA;COL7A1;CNIH3;TRAPPC10;TRAPPC9;CSNK1D;SEC31B;SEC23IP;SEC23A;SEC22C;PPP6R1;NSF;SCFD1;GOLGA2;SEC24A;SEC22B;SEC16A;STX5;TRAPPC6B;LMAN2;SEC24C;SEC31A;GORASP1;STX17;SAR1B;CNIH2;GRIA1;NAPA;SEC24D;TRAPPC4;TMED2;TFG;MCFD2;CTSC;CNIH1;NAPG;PPP6C;F5,23,RAB1A;USO1;TRAPPC6A;LMAN2L;TMED10;TBC1D20;YKT6;F8;CTSZ;TRAPPC2L;PREB;TRAPPC2;SEC13;COL7A1;TRAPPC10;TRAPPC9;SCFD1;LMAN2;GRIA1;NAPA;SEC24D;TRAPPC4;TFG,119,1
294,Striated Muscle Contraction,R3_recurrent_directional,4,Astro;Micro;OPC;Oligo,3,0,0,Micro,1.4286921088128648,1.0677196301244392,0.5375328144029771,0.6256459400706996,0.6256459400706996,1.295074926464471,0.8926493941762857,1.1137752895076711,1.1983753608871863,4,MYBPC1;TMOD2;TTN;VIM,14,ACTN2;DMD;MYBPC1;NEB;TCAP;TMOD1;TMOD2;TMOD3;TPM1;TPM2;TPM3;TPM4;TTN;VIM,14,TMOD3;TMOD2;ACTN2;TTN;VIM;TPM4;TPM1;TPM3;DMD;MYBPC1;TPM2;TCAP;NEB;TMOD1,4,TMOD2;TTN;VIM;MYBPC1,172,1
295,Antigen activates B Cell Receptor (BCR) leading to generation of second messengers,R3_recurrent_directional,4,Astro;Micro;OPC;Oligo,3,0,0,Oligo,1.3096396691431778,1.0232401299217362,0.6288093356374954,0.6330118178726426,0.6330118178726426,1.1747784273422726,0.0538747718349085,1.112024888191328,1.2396780266506373,9,BLNK;BTK;GRB2;ITPR1;ITPR2;LYN;PIK3AP1;SOS1;SYK,25,AHCYL1;BLNK;BTK;CALM1;CD22;DAPP1;FYN;GRB2;ITPR1;ITPR2;ITPR3;LYN;NCK1;ORAI1;ORAI2;PIK3AP1;PIK3CD;PIK3R1;PLCG2;SH3KBP1;SOS1;STIM1;SYK;TRPC1;VAV1,25,NCK1;PIK3R1;SH3KBP1;SOS1;PIK3CD;SYK;ITPR1;ORAI1;VAV1;TRPC1;BLNK;PIK3AP1;GRB2;STIM1;CALM1;ITPR2;BTK;ITPR3;FYN;LYN;CD22;PLCG2;ORAI2;AHCYL1;DAPP1,9,SOS1;SYK;ITPR1;BLNK;PIK3AP1;GRB2;ITPR2;BTK;LYN,121,1
296,NGF-stimulated transcription,R3_recurrent_directional,4,Astro;Micro;OPC;Oligo,3,0,0,Astro,-1.3058364566427338,-1.718096018988408,0.5030002139462075,0.0255927684173014,0.5030002139462075,-0.1242086714152577,-1.3211340688807784,1.1105308832181482,1.3058364566427338,12,ARC;ATF1;CREB1;EGR1;EP300;ID1;ID2;ID4;JUNB;JUND;NAB2;TRIB1,30,ARC;ATF1;ATF2;CDK5;CDK5R1;CDK5R2;CHD4;CREB1;EGR1;EGR3;ELK1;EP300;F3;FOS;FOSL1;ID1;ID2;ID3;ID4;JUNB;JUND;MEF2D;NAB1;NAB2;REST;SGK1;SH3GL3;SRF;TCF12;TRIB1,30,CDK5;ID2;NAB2;F3;ATF2;CREB1;NAB1;TRIB1;CDK5R1;CHD4;JUND;EP300;ATF1;TCF12;ELK1;ID4;FOS;JUNB;REST;SRF;CDK5R2;EGR1;ID1;ARC;SH3GL3;FOSL1;ID3;SGK1;MEF2D;EGR3,12,ID2;NAB2;CREB1;TRIB1;JUND;EP300;ATF1;ID4;JUNB;EGR1;ID1;ARC,182,2
297,Toll Like Receptor 9 (TLR9) Cascade,R3_recurrent_directional,4,Astro;Micro;OPC;Oligo,3,0,0,Oligo,1.2444418595170927,1.651824994176749,0.6641443659565203,0.1023764632110891,0.6641443659565203,1.1346179930681894,0.9448030143325924,1.108914525221265,1.2444418595170927,36,ALPK1;ATF1;ATF2;BTRC;CREB1;CUL1;DUSP7;EEA1;FOS;HMGB1;IKBKB;IRAK2;LY96;MAP2K3;MAP2K4;MAP2K7;MAP3K1;MAPKAPK2;MAPKAPK3;NFKB1;NFKB2;NLRC5;PIK3C3;PPP2CB;RELA;RPS6KA2;RPS6KA3;RPS6KA5;SLC15A4;TAB2;TIFA;TNIP2;TP53;TRAF2;TRAF6;UBE2N,88,ALPK1;APP;ATF1;ATF2;BTRC;CASP8;CHUK;CREB1;CUL1;DUSP3;DUSP6;DUSP7;EEA1;ELK1;FBXW11;FOS;HMGB1;IKBIP;IKBKB;IKBKG;IRAK2;IRAK4;IRF7;LRRC14;LY96;MAP2K1;MAP2K3;MAP2K4;MAP2K7;MAP3K1;MAP3K7;MAP3K8;MAPK1;MAPK10;MAPK11;MAPK14;MAPK3;MAPK7;MAPK9;MAPKAPK2;MAPKAPK3;MEF2A;MEF2C;MYD88;N4BP1;NFKB1;NFKB2;NFKBIA;NFKBIB;NKIRAS1;NKIRAS2;NLRC5;NLRX1;NOD1;NOD2;PELI1;PIK3C3;PIK3R4;PPP2CB;PPP2R1A;PPP2R1B;PPP2R5D;RBSN;RELA;RIPK2;RPS6KA1;RPS6KA2;RPS6KA3;RPS6KA5;S100B;SKP1;SLC15A4;TAB1;TAB2;TAB3;TICAM1;TIFA;TLR7;TNIP2;TP53;TRAF2;TRAF6;UBB;UBC;UBE2N;USP14;USP18;VRK3,88,IKBKG;USP14;EEA1;APP;MAP2K4;MEF2C;S100B;RELA;RPS6KA3;TRAF6;TRAF2;TAB2;IRF7;MAP3K1;RPS6KA2;ATF2;CREB1;PIK3C3;SLC15A4;PPP2CB;MAPK1;DUSP7;HMGB1;DUSP6;RBSN;NFKB2;IKBIP;MAPK3;RPS6KA1;RPS6KA5;ATF1;MAPKAPK2;CUL1;NLRX1;IKBKB;BTRC;NKIRAS2;MAP3K7;MEF2A;PELI1;MAPKAPK3;ELK1;TAB1;CHUK;MAPK9;FOS;LY96;USP18;TNIP2;PPP2R5D;NLRC5;MAP3K8;IRAK2;UBC;NFKBIA;MAP2K7;NFKB1;MYD88;TICAM1;MAPK7;PPP2R1A;IRAK4;MAPK14;MAP2K1;RIPK2;SKP1;MAP2K3;MAPK10;CASP8;N4BP1;FBXW11;DUSP3;VRK3;PPP2R1B;TAB3;PIK3R4;NFKBIB;TLR7;ALPK1;UBB;NOD1;NKIRAS1;TP53;LRRC14;UBE2N;MAPK11;TIFA;NOD2,36,EEA1;MAP2K4;RELA;RPS6KA3;TRAF6;TRAF2;TAB2;MAP3K1;RPS6KA2;ATF2;CREB1;PIK3C3;SLC15A4;PPP2CB;DUSP7;HMGB1;NFKB2;RPS6KA5;ATF1;MAPKAPK2;CUL1;IKBKB;BTRC;MAPKAPK3;FOS;LY96;TNIP2;NLRC5;IRAK2;MAP2K7;NFKB1;MAP2K3;ALPK1;TP53;UBE2N;TIFA,22,4
301,Asparagine N-linked glycosylation,R3_recurrent_directional,4,Astro;Micro;OPC;Oligo,3,0,0,OPC,-1.5436944375977448,-1.6446992084890577,0.2119219927882105,0.1497876006312885,0.2119219927882105,-0.9978642594376356,-1.7089676562475768,1.0996578644824806,1.5436944375977448,82,ACTR10;ACTR1A;ALG3;ALG6;ALG9;ANK1;ANK2;ARF4;B4GALT2;B4GALT4;B4GALT5;CHST10;CMAS;COG1;COL7A1;CTSA;CTSZ;DCTN1;DCTN2;DCTN3;DERL2;DOLK;DPM2;DYNC1H1;DYNC1LI2;DYNLL1;DYNLL2;EDEM1;EDEM2;F8;GBF1;GLB1;GOLGB1;GRIA1;HK1;LMAN2;LMAN2L;MAGT1;MAN1B1;MGAT2;MGAT5;MOGS;MVD;NEU3;NEU4;NGLY1;NPL;NUS1;OS9;OST4;PMM1;PREB;PSMC1;RFT1;RPN1;RPN2;SCFD1;SEC13;SPTBN5;SRD5A3;ST3GAL3;ST6GAL2;ST6GALNAC5;ST8SIA3;STT3A;TFG;TMED10;TMED3;TRAPPC1;TRAPPC10;TRAPPC2;TRAPPC2L;TRAPPC6A;TRAPPC9;TUBA1B;TUBB4A;TUBB4B;UBA52;UBC;UBXN1;USO1;YKT6,240,ACTR10;ACTR1A;ALG1;ALG11;ALG12;ALG14;ALG2;ALG3;ALG5;ALG6;ALG8;ALG9;AMDHD2;AMFR;ANK1;ANK2;ARF1;ARF4;ARF5;ARFGAP1;ARFGAP2;ARFGAP3;ASGR1;B4GALT1;B4GALT2;B4GALT3;B4GALT4;B4GALT5;B4GALT6;BET1;BET1L;CALR;CANX;CAPZA1;CAPZA2;CD55;CD59;CHST10;CMAS;CNIH1;CNIH2;CNIH3;COG1;COG2;COG3;COG6;COG7;COG8;COL7A1;COPA;COPB1;COPE;COPG1;COPG2;CSNK1D;CTSA;CTSC;CTSZ;DAD1;DCTN1;DCTN2;DCTN3;DCTN4;DCTN5;DCTN6;DDOST;DERL1;DERL2;DHDDS;DOLK;DOLPP1;DPAGT1;DPM2;DPM3;DYNC1H1;DYNC1I1;DYNC1I2;DYNC1LI1;DYNC1LI2;DYNLL1;DYNLL2;EDEM1;EDEM2;EDEM3;ENGASE;F5;F8;FUCA1;FUOM;GANAB;GBF1;GFPT1;GFPT2;GLB1;GMDS;GMPPA;GMPPB;GNE;GNPNAT1;GOLGA2;GOLGB1;GORASP1;GRIA1;HK1;KDELR1;LMAN1;LMAN2;LMAN2L;MAGT1;MAN1A1;MAN1A2;MAN1B1;MAN1C1;MAN2A2;MANEA;MCFD2;MGAT1;MGAT2;MGAT3;MGAT4B;MGAT5;MIA3;MLEC;MOGS;MPDU1;MPI;MVD;NAGK;NANS;NAPA;NAPB;NAPG;NEU1;NEU3;NEU4;NGLY1;NPL;NSF;NUS1;OS9;OST4;OSTC;PDIA3;PGM3;PMM1;PPP6C;PPP6R1;PPP6R3;PREB;PRKCSH;PSMC1;RAB1A;RAD23B;RFT1;RNF139;RNF185;RNF5;RPN1;RPN2;RPS27A;SAR1B;SCFD1;SEC13;SEC16A;SEC22B;SEC22C;SEC23A;SEC23IP;SEC24A;SEC24C;SEC24D;SEC31A;SEC31B;SEL1L;SLC35A1;SPTAN1;SPTB;SPTBN1;SPTBN2;SPTBN4;SPTBN5;SRD5A3;ST3GAL1;ST3GAL2;ST3GAL3;ST3GAL4;ST3GAL5;ST6GAL1;ST6GAL2;ST6GALNAC2;ST6GALNAC3;ST6GALNAC4;ST6GALNAC5;ST8SIA1;ST8SIA3;ST8SIA5;ST8SIA6;STT3A;STT3B;STX17;STX5;SYVN1;TBC1D20;TFG;TGFA;TMED10;TMED2;TMED3;TMED9;TMEM115;TMEM258;TRAPPC1;TRAPPC10;TRAPPC2;TRAPPC2L;TRAPPC3;TRAPPC4;TRAPPC5;TRAPPC6A;TRAPPC6B;TRAPPC9;TUBA1A;TUBA1B;TUBA4A;TUBB2A;TUBB2B;TUBB4A;TUBB4B;TUBB6;TUBB8;TUSC3;UAP1;UBA52;UBB;UBC;UBXN1;UGGT1;USO1;VCP;YKT6,240,VCP;NAGK;DCTN6;RAB1A;ANK2;USO1;GMDS;BET1L;SPTAN1;NAPB;DYNC1LI1;MAN1A2;ARFGAP2;ENGASE;UAP1;B4GALT3;TRAPPC6A;ST8SIA1;CD59;LMAN1;LMAN2L;TMED10;PRKCSH;TRAPPC3;MGAT2;MGAT3;ST6GAL2;B4GALT2;TMED9;MAN1C1;B4GALT1;TBC1D20;MGAT5;GFPT2;PDIA3;MANEA;PMM1;SRD5A3;MAN1A1;TRAPPC5;DCTN3;BET1;YKT6;ST3GAL2;ARF5;ST6GAL1;DPM2;F8;RNF5;CHST10;ST3GAL4;RFT1;DDOST;CTSZ;PPP6R3;MAN1B1;GBF1;ARFGAP1;TUBB4A;TRAPPC2L;ST3GAL1;TRAPPC1;ALG9;ST3GAL3;PREB;DOLK;UBA52;PSMC1;MVD;RPS27A;TUBB2A;CTSA;TUBA1B;TMEM258;TRAPPC2;MOGS;SEC13;DOLPP1;FUCA1;TGFA;EDEM1;STT3B;SPTBN4;ALG14;COL7A1;GLB1;RPN2;ALG2;GOLGB1;MPI;B4GALT4;CNIH3;CD55;EDEM3;UBXN1;TRAPPC10;TRAPPC9;COPG2;COG3;CSNK1D;SEC31B;ARFGAP3;MAN2A2;SEL1L;DYNC1H1;COG7;GANAB;SEC23IP;ST3GAL5;SYVN1;SEC23A;ANK1;TUBB4B;DCTN2;ST8SIA5;NEU4;TUBB2B;B4GALT6;UBC;OST4;ST6GALNAC4;SPTB;ALG6;NUS1;OSTC;TMED3;ACTR1A;NEU3;SPTBN5;CMAS;COPE;GMPPB;CALR;ALG11;DHDDS;COPB1;DYNC1LI2;MGAT4B;COG8;HK1;ALG5;SEC22C;GFPT1;DCTN4;MLEC;ALG1;PPP6R1;MAGT1;NSF;EDEM2;SCFD1;GOLGA2;SEC24A;SEC22B;SEC16A;STX5;TRAPPC6B;OS9;COG2;DERL1;LMAN2;COG6;GNPNAT1;MIA3;TMEM115;CAPZA1;COG1;AMDHD2;SPTBN1;RAD23B;ALG8;SEC24C;SEC31A;MPDU1;DCTN5;DERL2;SLC35A1;GORASP1;STX17;GNE;SAR1B;ST8SIA3;ST6GALNAC2;FUOM;CNIH2;GRIA1;TUBB8;ST8SIA6;ST6GALNAC3;SPTBN2;TUBB6;DYNC1I1;UBB;ST6GALNAC5;DPAGT1;ASGR1;ARF4;TUBA1A;RNF139;NAPA;ALG3;SEC24D;DYNLL2;DYNC1I2;DPM3;TRAPPC4;NEU1;ACTR10;ARF1;COPA;NPL;GMPPA;CANX;B4GALT5;TMED2;COPG1;TFG;AMFR;MCFD2;CTSC;ALG12;MGAT1;UGGT1;CNIH1;CAPZA2;RNF185;DCTN1;NANS;DAD1;RPN1;TUSC3;DYNLL1;NAPG;PGM3;STT3A;NGLY1;KDELR1;PPP6C;TUBA4A;F5,82,ANK2;USO1;TRAPPC6A;LMAN2L;TMED10;MGAT2;ST6GAL2;B4GALT2;MGAT5;PMM1;SRD5A3;DCTN3;YKT6;DPM2;F8;CHST10;RFT1;CTSZ;MAN1B1;GBF1;TUBB4A;TRAPPC2L;TRAPPC1;ALG9;ST3GAL3;PREB;DOLK;UBA52;PSMC1;MVD;CTSA;TUBA1B;TRAPPC2;MOGS;SEC13;EDEM1;COL7A1;GLB1;RPN2;GOLGB1;B4GALT4;UBXN1;TRAPPC10;TRAPPC9;DYNC1H1;ANK1;TUBB4B;DCTN2;NEU4;UBC;OST4;ALG6;NUS1;TMED3;ACTR1A;NEU3;SPTBN5;CMAS;DYNC1LI2;HK1;MAGT1;EDEM2;SCFD1;OS9;LMAN2;COG1;DERL2;ST8SIA3;GRIA1;ST6GALNAC5;ARF4;ALG3;DYNLL2;ACTR10;NPL;B4GALT5;TFG;DCTN1;RPN1;DYNLL1;STT3A;NGLY1,44,2
305,Regulation of KIT signaling,R3_recurrent_directional,4,Astro;Micro;OPC;Oligo,3,0,0,Astro,1.2892657017782705,1.246769849588688,0.3456729604278531,0.5971873059093208,0.5971873059093208,1.090983095974405,0.1375295544160189,1.090983095974405,1.246769849588688,4,KIT;LYN;SH2B2;SOS1,13,CBL;FYN;GRB2;KIT;KITLG;LYN;PRKCA;PTPN6;SH2B2;SH2B3;SOCS6;SOS1;SRC,13,PRKCA;KIT;SOS1;SH2B3;SH2B2;SRC;GRB2;FYN;LYN;PTPN6;SOCS6;CBL;KITLG,4,KIT;SOS1;SH2B2;LYN,295,1
306,MET activates RAP1 and RAC1,R3_recurrent_directional,3,Astro;Micro;Oligo,3,0,0,Oligo,1.405388616551289,1.8863090328722072,0.5964961190921584,0.0459283233530573,0.5964961190921584,1.405388616551289,1.4610982657837106,1.0906898755353052,1.405388616551289,6,CRK;CRKL;DOCK7;GAB1;HGF;RAPGEF1,10,CRK;CRKL;DOCK7;GAB1;GRB2;HGF;MET;RAP1A;RAP1B;RAPGEF1,10,RAPGEF1;HGF;MET;DOCK7;GAB1;CRKL;CRK;GRB2;RAP1A;RAP1B,6,RAPGEF1;HGF;DOCK7;GAB1;CRKL;CRK,308,1
309,Dengue Virus Infection,R3_recurrent_directional,4,Astro;Micro;OPC;Oligo,3,0,0,OPC,-1.0747253041081968,-1.1229779315516155,0.6195753164356305,0.6282529242750144,0.6282529242750144,-0.0718150959475946,-1.2862997924510309,1.0885244501028444,1.223329355899901,110,AP2A1;ATL2;BCAS2;BECN1;BUD31;CAMK2A;CAMK2D;CDC73;COG1;CPSF3;CRNKL1;CSTF2T;CTNNB1;CTR9;CWC25;DAD1;DAXX;DDX3X;DHX9;DNAJB11;DNAJC10;DPM2;EFTUD2;EIF4G2;EMC4;FASN;FURIN;FUS;GAS6;GPC1;GPC5;GRPEL1;GTF2F1;GTF2F2;HNRNPC;HNRNPF;HNRNPH1;HNRNPL;HNRNPU;HSP90AA1;HSPA1A;HSPA8;IFIH1;IPO7;KPNA2;KPNA3;KPNB1;LY6E;LY96;MAGT1;MAPRE3;MERTK;MLST8;MRC1;MTOR;NCL;OST4;P4HA2;PAF1;PAPOLA;PCBP1;PCF11;PDIA3;PIK3R1;POLR2A;POLR2C;POLR2G;POLR2H;PPIL3;PROS1;PRPF8;PRR5;RIPK1;RNPS1;RPL18;RPN1;RPN2;RPS27A;RPSA;RTF1;RTN3;SDC2;SEC11A;SEC11C;SF3A1;SF3B5;SNRPD1;SNRPD2;SNRPF;SPCS1;SRRT;SRSF11;SRSF2;SRSF5;SRSF7;SRSF9;STAT2;STT3A;STT3B;TSG101;TXNL4A;U2AF1;U2SURP;UBA3;UBA5;UBA52;UBA7;UBC;UBR4;XPO1,287,ACOT2;AGRN;AP2A1;AP2A2;AP2B1;AP2M1;AP2S1;AQR;ATG14;ATG7;ATL2;AUP1;AXL;BAG2;BCAS2;BECN1;BTF3;BUD31;C1QA;C1S;C4BPA;CALR;CAMK2A;CAMK2B;CAMK2D;CAMK2G;CANX;CCAR1;CD14;CD209;CD2BP2;CD300A;CD33;CDC40;CDC5L;CDC73;CGAS;CLEC5A;CLINT1;CLP1;COG1;CPSF1;CPSF2;CPSF3;CPSF4;CPSF6;CPSF7;CRNKL1;CSTF1;CSTF2;CSTF2T;CSTF3;CTNNB1;CTR9;CWC15;CWC25;DAD1;DAXX;DDOST;DDX23;DDX3X;DDX42;DDX46;DDX5;DHX15;DHX16;DHX9;DNAJA2;DNAJB11;DNAJC10;DNAJC3;DNAJC8;DPM1;DPM2;DPM3;DYNLT1;EFTUD2;EIF4A2;EIF4A3;EIF4E;EIF4G1;EIF4G2;ELAVL1;ELAVL2;EMC4;EXOC1;FASN;FURIN;FUS;GAS6;GBF1;GPC1;GPC2;GPC5;GPC6;GPKOW;GRPEL1;GTF2F1;GTF2F2;HAVCR1;HDLBP;HNRNPA0;HNRNPA2B1;HNRNPA3;HNRNPC;HNRNPD;HNRNPF;HNRNPH1;HNRNPH2;HNRNPK;HNRNPL;HNRNPM;HNRNPR;HNRNPU;HNRNPUL1;HSP90AA1;HSP90AB1;HSPA1A;HSPA1B;HSPA5;HSPA8;HSPG2;HYOU1;IFIH1;IKBKE;IPO7;KPNA2;KPNA3;KPNA4;KPNA5;KPNB1;LEO1;LY6E;LY96;LYN;MAGT1;MAP1LC3B;MAPKAP1;MAPRE3;MAVS;MERTK;MLST8;MRC1;MTOR;NCBP1;NCBP2;NCL;NFKBIA;NMT1;NRBP1;NUDT21;OST4;OSTC;P4HA1;P4HA2;P4HA3;P4HB;PABPC1;PABPN1;PAF1;PAPOLA;PCBP1;PCBP2;PCF11;PDCD6IP;PDIA3;PHF5A;PIK3C3;PIK3R1;PLRG1;PML;POLR2A;POLR2B;POLR2C;POLR2D;POLR2E;POLR2F;POLR2G;POLR2H;POLR2I;POLR2J;POLR2K;POLR2L;PPIE;PPIL1;PPIL3;PPIL4;PQBP1;PRCC;PROS1;PRPF19;PRPF6;PRPF8;PRR5;PTBP1;PUF60;RBM10;RBM17;RBM22;RICTOR;RIPK1;RNPS1;RPL18;RPN1;RPN2;RPS27A;RPSA;RRBP1;RTF1;RTN3;SCAP;SDC1;SDC2;SDC3;SDC4;SEC11A;SEC11C;SF3A1;SF3A2;SF3A3;SF3B1;SF3B2;SF3B3;SF3B4;SF3B5;SF3B6;SMNDC1;SNRNP200;SNRNP40;SNRPA1;SNRPB;SNRPB2;SNRPD1;SNRPD2;SNRPD3;SNRPE;SNRPF;SNRPG;SNRPN;SPCS1;SPCS2;SPCS3;SRRM1;SRRM2;SRRT;SRSF11;SRSF2;SRSF3;SRSF4;SRSF5;SRSF6;SRSF7;SRSF9;STAT2;STT3A;STT3B;SUGP1;SUMO1;SUN2;SYMPK;TAL1;TAOK1;TIMD4;TMEM258;TRIM25;TSG101;TUSC3;TXNL4A;U2AF1;U2SURP;UBA1;UBA3;UBA5;UBA52;UBA6;UBA7;UBB;UBC;UBR4;UFD1;VCP;VIM;WBP11;XAB2;XPO1;XRN1;YBX1,287,KPNB1;VCP;CAMK2A;PQBP1;RTF1;SNRPA1;SNRPD2;DDX23;POLR2C;HSP90AA1;FASN;PRPF6;SRRT;GPC6;HNRNPD;PIK3R1;UBA1;CTNNB1;HDLBP;DNAJA2;CD209;POLR2F;NCBP2;PPIL1;EIF4A3;SNRPD3;EIF4G2;RBM17;HNRNPA0;NCBP1;MERTK;PPIE;HSPG2;TSG101;VIM;IFIH1;BUD31;HSPA1A;SDC3;GAS6;CLINT1;HSPA5;HYOU1;TIMD4;CPSF1;PROS1;PDIA3;PAPOLA;P4HA2;BAG2;MLST8;PPIL3;BECN1;HNRNPL;AP2A1;DPM2;POLR2H;HNRNPA2B1;DNAJC10;FUS;SNRPF;SRSF4;PIK3C3;DDOST;GTF2F1;CSTF3;P4HB;SNRPB2;RNPS1;SRSF5;HNRNPU;GBF1;EXOC1;POLR2B;KPNA5;UBA7;EMC4;SF3B5;PCBP1;UBA52;BCAS2;U2AF1;RPS27A;HNRNPF;POLR2G;GPKOW;TMEM258;CWC25;CSTF2T;PUF60;KPNA2;SF3A1;SRSF2;STT3B;PABPC1;EFTUD2;SF3B2;POLR2A;STAT2;CPSF3;RICTOR;CSTF1;RPN2;PRPF19;POLR2L;POLR2J;UBA3;SEC11A;PHF5A;ATG14;SF3B4;SPCS2;WBP11;LY6E;DNAJC3;SNRPN;SF3B3;SF3B1;SUGP1;DDX3X;CAMK2D;SNRPB;XRN1;PML;CD2BP2;CDC40;CTR9;UBR4;CSTF2;SRSF11;TRIM25;AP2A2;XPO1;SMNDC1;NRBP1;SRRM1;HNRNPK;SNRPG;PCF11;AQR;ATG7;HNRNPA3;SRSF3;RRBP1;KPNA4;POLR2D;ELAVL1;TAOK1;EIF4A2;KPNA3;UBA6;GPC5;LY96;SDC2;RIPK1;GPC2;UBC;NFKBIA;OST4;SNRPD1;SRSF9;RPL18;SRSF6;OSTC;TXNL4A;HNRNPH1;PAF1;RPSA;DDX5;CLP1;CPSF4;CALR;AP2S1;SRSF7;SNRPE;GTF2F2;SF3B6;XAB2;IPO7;P4HA3;PLRG1;DAXX;SRRM2;HNRNPR;MAGT1;P4HA1;SNRNP200;DHX16;HNRNPM;MAPRE3;CAMK2G;HNRNPC;U2SURP;EIF4G1;PPIL4;COG1;SCAP;PRPF8;YBX1;PDCD6IP;SF3A3;ATL2;RBM10;CPSF2;AP2B1;CLEC5A;SDC1;C1QA;HSPA1B;SUN2;GPC1;UBB;HAVCR1;POLR2E;LYN;GRPEL1;POLR2K;PTBP1;CD33;POLR2I;SPCS3;CAMK2B;CD300A;UBA5;HNRNPH2;BTF3;DPM3;SYMPK;PRR5;DHX9;DYNLT1;DNAJB11;AXL;CANX;ACOT2;SUMO1;CWC15;CCAR1;FURIN;DNAJC8;TAL1;CDC73;DHX15;CPSF6;AP2M1;MAPKAP1;MTOR;HNRNPUL1;DPM1;LEO1;NUDT21;DDX46;DDX42;AGRN;CGAS;UFD1;ELAVL2;HSPA8;SPCS1;SEC11C;DAD1;PCBP2;RPN1;NCL;HSP90AB1;PABPN1;TUSC3;CPSF7;MAP1LC3B;SF3A2;RTN3;RBM22;AUP1;CDC5L;C1S;STT3A;MAVS;NMT1;PRCC;SNRNP40;CRNKL1;EIF4E;SDC4;MRC1;IKBKE;CD14;C4BPA,110,KPNB1;CAMK2A;RTF1;SNRPD2;POLR2C;HSP90AA1;FASN;SRRT;PIK3R1;CTNNB1;EIF4G2;MERTK;TSG101;IFIH1;BUD31;HSPA1A;GAS6;PROS1;PDIA3;PAPOLA;P4HA2;MLST8;PPIL3;BECN1;HNRNPL;AP2A1;DPM2;POLR2H;DNAJC10;FUS;SNRPF;GTF2F1;RNPS1;SRSF5;HNRNPU;UBA7;EMC4;SF3B5;PCBP1;UBA52;BCAS2;U2AF1;RPS27A;HNRNPF;POLR2G;CWC25;CSTF2T;KPNA2;SF3A1;SRSF2;STT3B;EFTUD2;POLR2A;STAT2;CPSF3;RPN2;UBA3;SEC11A;LY6E;DDX3X;CAMK2D;CTR9;UBR4;SRSF11;XPO1;PCF11;KPNA3;GPC5;LY96;SDC2;RIPK1;UBC;OST4;SNRPD1;SRSF9;RPL18;TXNL4A;HNRNPH1;PAF1;RPSA;SRSF7;GTF2F2;IPO7;DAXX;MAGT1;MAPRE3;HNRNPC;U2SURP;COG1;PRPF8;ATL2;GPC1;GRPEL1;UBA5;PRR5;DHX9;DNAJB11;FURIN;CDC73;MTOR;HSPA8;SPCS1;SEC11C;DAD1;RPN1;NCL;RTN3;STT3A;CRNKL1;MRC1,42,3
310,FOXO-mediated transcription,R3_recurrent_directional,4,Astro;Micro;OPC;Oligo,3,0,0,Oligo,1.3838611024177472,1.6617009069814703,0.5554588617863578,0.1021499793501448,0.5554588617863578,1.131264043299827,0.2299142239220931,1.0851580640076075,1.3838611024177472,19,AKT3;BBC3;BCL2L11;BCL6;BTG1;CAV1;CDKN1B;CREBBP;DDIT3;EP300;FBXO32;FOXO4;FOXO6;GCK;KAT2B;KLF4;NFYA;SMAD2;SMAD3,51,ABCA6;AKT1;AKT3;ATXN3;BBC3;BCL2L11;BCL6;BTG1;CAT;CAV1;CCNG2;CDKN1A;CDKN1B;CITED2;CREBBP;DDIT3;EP300;FBXO32;FOXO1;FOXO4;FOXO6;GADD45A;GCK;HDAC1;HDAC2;KAT2B;KLF4;NFYA;NFYB;NFYC;NR3C1;PCBP4;PINK1;PLXNA4;POMC;PPARGC1A;RBL2;SIN3A;SIRT1;SIRT3;SMAD2;SMAD3;SMAD4;SREBF1;STK11;TXN;TXNIP;YWHAB;YWHAG;YWHAQ;YWHAZ,51,CDKN1B;CAT;TXN;PLXNA4;ABCA6;SIRT3;CCNG2;SMAD2;SIN3A;NR3C1;NFYC;FOXO4;SMAD3;BTG1;PCBP4;FBXO32;PINK1;SIRT1;EP300;YWHAB;STK11;CAV1;GCK;BCL6;NFYA;AKT1;HDAC1;FOXO1;BCL2L11;KAT2B;CREBBP;RBL2;NFYB;FOXO6;CDKN1A;BBC3;GADD45A;CITED2;SMAD4;AKT3;TXNIP;HDAC2;DDIT3;YWHAG;YWHAZ;PPARGC1A;ATXN3;SREBF1;YWHAQ;KLF4;POMC,19,CDKN1B;SMAD2;FOXO4;SMAD3;BTG1;FBXO32;EP300;CAV1;GCK;BCL6;NFYA;BCL2L11;KAT2B;CREBBP;FOXO6;BBC3;AKT3;DDIT3;KLF4,70,4
311,Diseases associated with N-glycosylation of proteins,R3_recurrent_directional,4,Astro;Micro;OPC;Oligo,3,0,0,OPC,-1.5514975260071584,-1.5571466735619686,0.2085655042657561,0.2161369504166945,0.2161369504166945,-1.4165240101794343,-1.093998706671507,1.0822676969754352,1.5514975260071584,8,ALG11;ALG14;ALG6;ALG9;CTSA;MAN1B1;MOGS;RFT1,20,ALG1;ALG11;ALG12;ALG13;ALG14;ALG2;ALG3;ALG6;ALG8;ALG9;B4GALT1;CTSA;DPAGT1;GLB1;MAN1B1;MGAT2;MOGS;MPDU1;NEU1;RFT1,20,MGAT2;B4GALT1;RFT1;MAN1B1;ALG9;CTSA;MOGS;ALG14;GLB1;ALG2;ALG6;ALG11;ALG1;ALG13;ALG8;MPDU1;DPAGT1;ALG3;NEU1;ALG12,8,RFT1;MAN1B1;ALG9;CTSA;MOGS;ALG14;ALG6;ALG11,823,1
314,RHOB GTPase cycle,R3_recurrent_directional,4,Astro;Micro;OPC;Oligo,3,0,0,Astro,1.74658133504157,1.4818826048254958,0.0765713228750125,0.4428228357574372,0.4428228357574372,1.2468773663854344,1.4971312735763609,1.079802064446618,1.4818826048254958,29,ANLN;ARHGAP1;ARHGAP32;ARHGAP35;ARHGAP39;ARHGAP5;ARHGEF10L;ARHGEF12;BCR;CAVIN1;DIAPH1;ERBIN;FLOT2;MCAM;MCF2L;MYO9B;OPHN1;PCDH7;RACGAP1;RHOB;ROCK1;ROCK2;RTKN;SNAP23;SOWAHC;STARD13;STOM;VAMP3;VANGL1,63,ABR;AKAP13;ANLN;ARHGAP1;ARHGAP21;ARHGAP26;ARHGAP32;ARHGAP35;ARHGAP39;ARHGAP5;ARHGDIG;ARHGEF1;ARHGEF10L;ARHGEF11;ARHGEF12;ARHGEF17;ARHGEF2;ARHGEF25;ARHGEF28;ARHGEF3;BCR;CAV1;CAVIN1;CIT;DAAM1;DEPDC1B;DIAPH1;DIAPH3;DLC1;ECT2;ERBIN;FLOT2;JUP;MCAM;MCF2;MCF2L;MYO9A;MYO9B;NET1;OPHN1;PCDH7;PIK3R1;PKN1;PKN2;PKN3;PREX1;RACGAP1;RHOB;RHPN2;ROCK1;ROCK2;RTKN;SLK;SNAP23;SOWAHC;STARD13;STARD8;STK10;STOM;TFRC;VAMP3;VANGL1;VAV2,63,SNAP23;PIK3R1;VAMP3;RACGAP1;PKN2;STK10;PCDH7;STOM;ARHGAP39;RHPN2;ARHGAP5;ARHGEF12;ARHGEF1;ARHGDIG;TFRC;SOWAHC;DIAPH1;ARHGAP32;ROCK2;ECT2;ARHGAP21;VAV2;AKAP13;JUP;ARHGAP26;CAV1;STARD8;RHOB;MCF2L;ANLN;MCF2;MYO9B;NET1;FLOT2;STARD13;PKN1;ABR;ARHGAP35;PREX1;ROCK1;ARHGEF11;MYO9A;DEPDC1B;MCAM;ARHGEF28;VANGL1;ARHGEF10L;RTKN;BCR;ARHGEF3;DIAPH3;SLK;OPHN1;ERBIN;ARHGEF17;DLC1;ARHGAP1;ARHGEF2;CIT;DAAM1;CAVIN1;ARHGEF25;PKN3,29,SNAP23;VAMP3;RACGAP1;PCDH7;STOM;ARHGAP39;ARHGAP5;ARHGEF12;SOWAHC;DIAPH1;ARHGAP32;ROCK2;RHOB;MCF2L;ANLN;MYO9B;FLOT2;STARD13;ARHGAP35;ROCK1;MCAM;VANGL1;ARHGEF10L;RTKN;BCR;OPHN1;ERBIN;ARHGAP1;CAVIN1,71,1
318,Synthesis of very long-chain fatty acyl-CoAs,R3_recurrent_directional,4,Astro;Micro;OPC;Oligo,3,0,0,OPC,-1.4045332199989906,-1.1385520550034036,0.3080386708617689,0.6113193382818912,0.6113193382818912,-0.0795110345352719,-0.9442880403277292,1.0750358142530108,1.1705416425731618,9,ACSL3;ACSL6;ELOVL1;ELOVL2;ELOVL5;ELOVL6;HACD2;HACD3;HSD17B12,20,ACSBG1;ACSBG2;ACSF3;ACSL1;ACSL3;ACSL4;ACSL6;ELOVL1;ELOVL2;ELOVL4;ELOVL5;ELOVL6;ELOVL7;HACD1;HACD2;HACD3;HACD4;HSD17B12;SLC27A3;TECR,20,SLC27A3;ACSL3;HACD3;HACD2;TECR;ACSL6;ELOVL2;ACSBG1;ACSBG2;HACD1;ELOVL4;ELOVL1;ELOVL7;HSD17B12;ACSF3;ELOVL5;ELOVL6;ACSL1;ACSL4;HACD4,9,ACSL3;HACD3;HACD2;ACSL6;ELOVL2;ELOVL1;HSD17B12;ELOVL5;ELOVL6,3420,1
320,Cell junction organization,R3_recurrent_directional,4,Astro;Micro;OPC;Oligo,3,0,0,Oligo,1.0984958673015763,1.2603962762869496,0.7634658819558442,0.3611681961126549,0.7634658819558442,1.0775768395492715,1.0621682806685953,1.069882275535635,1.180936442825584,57,ACTN1;ANGPTL4;ARHGAP32;ARHGEF6;BANP;BIRC2;CADM2;CANX;CBLL1;CD151;CDH10;CDH18;CDH19;CLDN12;CLDN15;CTBP2;CTNNA1;CTNNB1;CTSS;DNM2;DOCK1;DST;EED;ELMO1;FERMT2;FLNA;FOXP2;FYN;HACE1;IL6ST;KDM1A;KMT5A;LAMA3;MDM2;MPHOSPH8;NFKB1;OSTC;PARD3;PATJ;PSMA5;PSMB1;PSMD6;RB1;RELA;SDK1;SEM1;SIRT1;SOX10;SPCS3;STRAP;SUZ12;TCF12;TLE1;ZBTB33;ZEB1;ZMYM2;ZNF217,187,ACTA2;ACTB;ACTG1;ACTN1;ADAM19;ADAM33;AFDN;AGO2;AGO3;AMOT;ANGPTL4;ANK3;ARHGAP32;ARHGEF4;ARHGEF6;ARID1A;BANP;BIRC2;CADM1;CADM2;CADM3;CANX;CBLL1;CD151;CDH1;CDH10;CDH12;CDH13;CDH18;CDH19;CDH2;CDH3;CDH4;CDH6;CDH7;CDH8;CLDN10;CLDN12;CLDN15;CLDN20;CLDN9;CSNK2A1;CSNK2A2;CTBP1;CTBP2;CTNNA1;CTNNB1;CTNND1;CTSB;CTSL;CTSS;DAD1;DDOST;DNM2;DOCK1;DST;EED;ELMO1;EPS15;EZH2;F11R;FERMT2;FLNA;FLNC;FOXJ2;FOXP2;FURIN;FYN;GANAB;HACE1;HDAC2;HEYL;IL6R;IL6ST;ILF3;ITGA6;ITGB1;ITGB4;JAK2;JUP;KDM1A;KLF4;KLF9;KMT5A;LAMA3;LIMS1;LIMS2;MAPK3;MCRIP1;MDM2;MOGS;MOV10;MPHOSPH8;MYCN;NECTIN1;NECTIN2;NECTIN3;NFKB1;OST4;OSTC;PARD3;PARD6B;PARD6G;PARVB;PATJ;PCSK6;PIP5K1C;PKM;PLEC;POMT2;PRKCSH;PSMA1;PSMA3;PSMA4;PSMA5;PSMA7;PSMB1;PSMB2;PSMB3;PSMB4;PSMB5;PSMB6;PSMB7;PSMC1;PSMC3;PSMC4;PSMC5;PSMD1;PSMD11;PSMD12;PSMD13;PSMD14;PSMD2;PSMD6;PSMD7;PSMD8;PVR;PXN;RAC1;RB1;RBBP4;RBBP7;RELA;RNF19B;RPN1;RPS27A;RSU1;SDK1;SDK2;SEC11A;SEC11C;SEM1;SIRT1;SMARCA4;SNAI2;SOX10;SP1;SPCS1;SPCS2;SPCS3;STAT3;STRAP;STT3A;SUZ12;TCF12;TCF3;TESK1;TIAM1;TLE1;TMEM258;TNRC6A;TNRC6B;TNRC6C;TRAF7;TYK2;UBA52;UBB;UBC;VASP;VAV2;VCL;XIAP;ZBTB33;ZEB1;ZEB2;ZMYM2;ZNF217,187,PSMC3;PSMD7;PSMB2;PSMB6;PSMA4;PSMA1;PKM;VCL;PSMB5;CDH10;CTNNB1;CTBP1;DNM2;STAT3;IL6ST;PRKCSH;IL6R;CTSS;CTSB;CDH1;ELMO1;CDH7;PARD3;ACTN1;RELA;BANP;ZBTB33;CDH4;PSMD2;CLDN12;PSMD8;FOXP2;MPHOSPH8;CTNND1;CDH3;CTBP2;PSMB3;PSMB7;CADM2;EED;POMT2;HACE1;DDOST;PSMC4;EPS15;FERMT2;ARHGEF4;ANGPTL4;CD151;ADAM19;CLDN15;UBA52;PSMC1;PSMC5;RPS27A;TMEM258;PARVB;PSMD13;PSMB4;MOGS;SDK2;MAPK3;MOV10;SIRT1;RNF19B;MDM2;ZEB1;JAK2;SEC11A;SPCS2;RB1;PVR;SUZ12;ILF3;ITGA6;PARD6B;ZEB2;FOXJ2;ARHGAP32;PSMD14;KMT5A;ZMYM2;ZNF217;PCSK6;DOCK1;TRAF7;XIAP;TCF12;VAV2;JUP;GANAB;PSMD1;ARHGEF6;CTNNA1;AGO3;ITGB4;RBBP4;SMARCA4;ITGB1;LAMA3;CDH19;ADAM33;MYCN;CDH18;UBC;OST4;NFKB1;SOX10;OSTC;ACTG1;ACTA2;ANK3;LIMS2;TLE1;PSMD12;PSMA7;PLEC;LIMS1;CDH8;CTSL;PIP5K1C;PSMA5;PSMD6;KLF9;VASP;CADM1;DST;TIAM1;CBLL1;TNRC6B;AGO2;TNRC6C;BIRC2;TESK1;RSU1;RAC1;ACTB;HEYL;CLDN9;SNAI2;F11R;EZH2;CDH12;SDK1;UBB;FYN;TYK2;SPCS3;RBBP7;CADM3;KDM1A;CANX;PSMD11;FURIN;PXN;PARD6G;CDH13;CSNK2A2;TNRC6A;AMOT;CDH2;PSMA3;CDH6;PSMB1;HDAC2;CSNK2A1;SEM1;AFDN;PATJ;NECTIN1;MCRIP1;NECTIN3;NECTIN2;FLNA;STRAP;SPCS1;SEC11C;DAD1;RPN1;TCF3;STT3A;SP1;ARID1A;KLF4;CLDN20;FLNC;CLDN10,57,CDH10;CTNNB1;DNM2;IL6ST;CTSS;ELMO1;PARD3;ACTN1;RELA;BANP;ZBTB33;CLDN12;FOXP2;MPHOSPH8;CTBP2;CADM2;EED;HACE1;FERMT2;ANGPTL4;CD151;CLDN15;SIRT1;MDM2;ZEB1;RB1;SUZ12;ARHGAP32;KMT5A;ZMYM2;ZNF217;DOCK1;TCF12;ARHGEF6;CTNNA1;LAMA3;CDH19;CDH18;NFKB1;SOX10;OSTC;TLE1;PSMA5;PSMD6;DST;CBLL1;BIRC2;SDK1;FYN;SPCS3;KDM1A;CANX;PSMB1;SEM1;PATJ;FLNA;STRAP,17,3
324,MAPK family signaling cascades,R3_recurrent_directional,4,Astro;Micro;OPC;Oligo,3,0,0,OPC,-1.0847265840091922,-1.1625888916717064,0.6108434218290894,0.5936312219842349,0.6108434218290894,0.9504348559363824,-0.0281525459968534,1.0597789317531756,1.312816700827547,51,ABHD17A;ABHD17B;ACTG1;AGO1;ARRB1;CAMK2A;CNKSR2;DNAJB1;DUSP10;DUSP8;ERBB2;ERBB3;FGF2;FGFR1;FYN;GFRA1;GRIN1;GRIN2B;HGF;HSPB1;IL5;IRS1;IRS2;KALRN;KIT;KITLG;MAPK4;MRAS;NF1;NRG3;PEBP1;PIK3CA;PPP2R1A;PPP2R5A;PPP2R5B;PRKACA;PSMB1;PSMD12;PSMD13;PSMD2;RASA1;RASGRP3;RGL1;RGL3;SEM1;SOS1;SPTBN2;SPTBN5;TGFA;XPO1;YWHAB,203,ABHD17A;ABHD17B;ABHD17C;ACTB;ACTG1;ACTN2;ADRM1;AGO1;AGO2;AGO3;ANGPT1;ARAF;ARRB1;ARRB2;BCL2L1;BTC;CALM1;CAMK2A;CAMK2B;CAMK2D;CAMK2G;CCND3;CDC14A;CDC14B;CDC42EP3;CNKSR1;CNKSR2;CSK;CUL3;DAB2IP;DLG1;DLG2;DLG3;DLG4;DNAJB1;DUSP1;DUSP10;DUSP16;DUSP6;DUSP7;DUSP8;DUSP9;EGF;EGFR;ERBB2;ERBB3;ERBB4;ETV4;FGF1;FGF17;FGF2;FGF22;FGF9;FGFR1;FGFR2;FGFR3;FN1;FNTA;FNTB;FOXO1;FRS2;FYN;GFRA1;GFRA2;GRB2;GRIN1;GRIN2B;HBEGF;HGF;HRAS;HSPB1;ICMT;IL5;IL6ST;IQGAP1;IRS1;IRS2;JAK3;JUN;KALRN;KBTBD7;KIT;KITLG;KRAS;KSR1;LAMTOR3;LRRC7;LYPLA1;MAP2K2;MAP3K11;MAPK3;MAPK4;MAPK6;MAPKAPK5;MARK3;MMP2;MOV10;MRAS;NCAM1;NEFL;NF1;NRG1;NRG2;NRG3;PAK1;PAK2;PAQR3;PDE6D;PDGFA;PDGFRB;PEA15;PEBP1;PIK3CA;PIK3R1;PPP1CB;PPP1CC;PPP2CB;PPP2R1A;PPP2R1B;PPP2R5A;PPP2R5B;PPP2R5D;PPP5C;PRKACA;PRKACB;PRKCQ;PSMA3;PSMA4;PSMA5;PSMA7;PSMB1;PSMB2;PSMB3;PSMB4;PSMB5;PSMB6;PSMB7;PSMC1;PSMC2;PSMC3;PSMC4;PSMC5;PSMC6;PSMD1;PSMD11;PSMD12;PSMD13;PSMD14;PSMD2;PSMD3;PSMD6;PSMD7;PSMD8;PTK2;PTPN11;PTPN7;RAC1;RAF1;RALGDS;RANBP9;RAP1B;RAPGEF2;RASA1;RASA2;RASA3;RASAL2;RASGEF1A;RASGRF1;RASGRF2;RASGRP1;RASGRP3;RBX1;RCE1;RET;RGL1;RGL2;RGL3;RPS27A;SEM1;SHC2;SHC3;SHOC2;SOS1;SPRED1;SPTAN1;SPTB;SPTBN2;SPTBN5;SYNGAP1;TEK;TGFA;TLN1;TNRC6A;TNRC6B;TYK2;UBA52;UBB;UBC;VCL;WDR83;XPO1;YWHAB;ZDHHC9,203,PSMC3;ADRM1;CAMK2A;PSMD7;PSMB2;PTPN11;PSMB6;PSMA4;VCL;SPTAN1;PSMB5;PIK3R1;PDE6D;FGF1;ACTN2;DLG3;DLG2;PTK2;EGFR;IL6ST;ERBB2;KIT;FGFR1;HGF;FN1;MARK3;FGFR3;ERBB3;DUSP10;MAPK6;EGF;ANGPT1;NCAM1;PEBP1;IRS1;MRAS;PSMD2;IRS2;PIK3CA;SOS1;PSMD8;FGF2;HRAS;ARRB2;NRG3;PRKACA;KALRN;PSMB3;PSMB7;PSMC4;AGO1;PSMD3;ERBB4;PPP2CB;ABHD17C;SHOC2;PAK2;DNAJB1;HSPB1;MAPK4;JUN;DUSP7;RASGEF1A;UBA52;PSMC1;PSMC5;RPS27A;DUSP6;RCE1;PSMD13;PSMB4;PRKCQ;TGFA;MAPK3;FGFR2;MOV10;DLG4;PPP1CB;RBX1;RASA1;PEA15;IQGAP1;YWHAB;RAPGEF2;LRRC7;ABHD17A;FRS2;PSMD14;FNTB;CAMK2D;XPO1;WDR83;PPP1CC;PRKACB;PPP5C;PSMD1;NF1;AGO3;DUSP8;PTPN7;JAK3;DUSP1;RASGRF2;PPP2R5D;ARRB1;PPP2R5B;NEFL;PAQR3;FGF22;CNKSR2;UBC;PDGFRB;SPTB;DAB2IP;NRG2;RASA3;ACTG1;PPP2R1A;TLN1;CCND3;SHC2;SPTBN5;KBTBD7;CSK;GRB2;PSMD12;LAMTOR3;PSMA7;RASGRF1;FOXO1;PSMA5;PSMD6;ZDHHC9;DUSP16;PAK1;CDC42EP3;RASA2;MAP2K2;FNTA;ABHD17B;TNRC6B;CALM1;RANBP9;CDC14B;CAMK2G;RAF1;AGO2;PPP2R5A;PDGFA;CDC14A;LYPLA1;PPP2R1B;RAC1;PSMC6;ACTB;DLG1;RAP1B;FGF9;SPTBN2;NRG1;RASGRP3;ETV4;TEK;UBB;RASAL2;FYN;ICMT;ARAF;RALGDS;TYK2;CAMK2B;HBEGF;CUL3;RET;BTC;RGL3;PSMD11;RGL2;FGF17;SYNGAP1;KSR1;BCL2L1;TNRC6A;RGL1;KRAS;PSMA3;PSMB1;MAPKAPK5;SEM1;GRIN1;GRIN2B;CNKSR1;RASGRP1;SPRED1;SHC3;MAP3K11;PSMC2;GFRA1;KITLG;GFRA2;DUSP9;MMP2;IL5,51,CAMK2A;ERBB2;KIT;FGFR1;HGF;ERBB3;DUSP10;PEBP1;IRS1;MRAS;PSMD2;IRS2;PIK3CA;SOS1;FGF2;NRG3;PRKACA;KALRN;AGO1;DNAJB1;HSPB1;MAPK4;PSMD13;TGFA;RASA1;YWHAB;ABHD17A;XPO1;NF1;DUSP8;ARRB1;PPP2R5B;CNKSR2;ACTG1;PPP2R1A;SPTBN5;PSMD12;ABHD17B;PPP2R5A;SPTBN2;RASGRP3;FYN;RGL3;RGL1;PSMB1;SEM1;GRIN1;GRIN2B;GFRA1;KITLG;IL5,17,1
327,ECM proteoglycans,R3_recurrent_directional,4,Astro;Micro;OPC;Oligo,3,0,0,Astro,1.3798362180260262,1.853850259262656,0.2615722558033896,0.1055127741395065,0.2615722558033896,0.7954403709783182,1.7479372989948712,1.0555471358565955,1.3798362180260262,24,BCAN;COL4A2;COL4A3;COL4A4;COL4A5;COL4A6;COL5A1;COL5A2;COL5A3;COL6A2;COL6A6;COL9A2;COL9A3;DAG1;ITGA2;ITGA7;ITGA9;ITGAV;LAMB2;LAMC1;LRP4;MATN4;TGFB2;TNR,53,AGRN;ASPN;BCAN;BGN;COL4A1;COL4A2;COL4A3;COL4A4;COL4A5;COL4A6;COL5A1;COL5A2;COL5A3;COL6A1;COL6A2;COL6A6;COL9A1;COL9A2;COL9A3;DAG1;DCN;FN1;HSPG2;ITGA2;ITGA2B;ITGA7;ITGA8;ITGA9;ITGAV;ITGB1;ITGB5;LAMA1;LAMA2;LAMA3;LAMA4;LAMA5;LAMB1;LAMB2;LAMC1;LRP4;MATN1;MATN4;MUSK;NCAM1;NCAN;PTPRS;SERPINE1;SPARC;TGFB1;TGFB2;TNC;TNR;VCAN,53,PTPRS;ITGA2;COL9A1;BGN;TNR;HSPG2;FN1;ITGA2B;ITGAV;ITGB5;TNC;NCAM1;TGFB2;LAMB1;COL6A6;DAG1;COL4A2;LRP4;ITGB1;LAMA3;BCAN;ITGA7;COL4A4;COL6A1;COL4A3;LAMA4;ITGA8;VCAN;LAMA5;COL5A1;COL5A3;NCAN;ITGA9;COL6A2;MATN1;COL9A3;COL4A5;COL5A2;COL4A6;LAMB2;COL9A2;LAMA1;TGFB1;SPARC;COL4A1;LAMC1;AGRN;MUSK;LAMA2;ASPN;SERPINE1;MATN4;DCN,24,ITGA2;TNR;ITGAV;TGFB2;COL6A6;DAG1;COL4A2;LRP4;BCAN;ITGA7;COL4A4;COL4A3;COL5A1;COL5A3;ITGA9;COL6A2;COL9A3;COL4A5;COL5A2;COL4A6;LAMB2;COL9A2;LAMC1;MATN4,240,1
329,DNA Repair,R3_recurrent_directional,4,Astro;Micro;OPC;Oligo,3,0,0,Astro,-1.5957700876978378,-1.3695534772021605,0.2059177299311747,0.1802173771502564,0.2059177299311747,-1.5054795243949184,-1.1161077007293343,1.0532603283434137,1.3695534772021605,91,ACTR5;ACTR8;ALKBH2;ALKBH3;APBB1;APEX1;ASCC2;ATRIP;BABAM2;BAP1;COPS3;COPS7A;COPS7B;COPS8;ELL;EME2;ERCC1;ERCC2;ERCC3;ERCC8;FAAP100;FAN1;FANCA;FANCI;FANCM;GEN1;GPS1;GTF2H5;INO80;INO80D;KAT5;KDM4B;KPNA2;LIG3;MAPK8;MBD4;MDC1;MGMT;MNAT1;MPG;MSH2;MSH3;NEIL1;PARP2;PMS2;PNKP;POLM;POLR2F;POLR2G;POLR2L;PPIE;PPP4C;PSMA4;PSMA5;PSMB2;PSMB3;PSMB4;PSMB6;PSMB7;PSMC1;PSMC3;PSMC4;PSMC5;PSMC6;PSMD13;PSMD14;PSMD2;PSMD3;PSMD7;PSMD8;RAD17;RAD23A;RAD51AP1;RAD51B;REV3L;RFC3;RNF4;RNF8;RPA1;SMUG1;TERF2IP;TINF2;TOP3A;UBA52;UBA7;UNG;VCP;XPA;XRCC3;XRCC4;XRCC6,263,ABL1;ABRAXAS1;ACD;ACTB;ACTR5;ACTR8;ADRM1;ALKBH2;ALKBH3;APBB1;APEX1;AQR;ASCC1;ASCC2;ATM;ATR;ATRIP;BABAM2;BAP1;BARD1;BAZ1B;BLM;BRCA1;BRCA2;BRCC3;BRIP1;CCNH;CDK7;CENPX;CETN2;CHD1L;CHEK1;CHEK2;CLSPN;COPS2;COPS3;COPS4;COPS6;COPS7A;COPS7B;COPS8;CUL4B;DCLRE1A;DCLRE1B;DCLRE1C;DDB1;DDB2;ELL;EME2;ERCC1;ERCC2;ERCC3;ERCC4;ERCC6;ERCC8;EYA1;EYA2;EYA3;EYA4;FAAP100;FAN1;FANCA;FANCB;FANCC;FANCD2;FANCE;FANCG;FANCI;FANCL;FANCM;FIGNL1;FTO;GEN1;GPS1;GTF2H1;GTF2H2;GTF2H3;GTF2H5;HERC2;HUS1;INO80;INO80D;INO80E;ISG15;KAT5;KDM4B;KPNA2;LIG1;LIG3;LIG4;MAD2L2;MAPK8;MBD4;MCRS1;MDC1;MGMT;MLH1;MNAT1;MPG;MRE11;MSH2;MSH3;MSH6;MUS81;MUTYH;NBN;NEIL1;NEIL2;NFRKB;NPLOC4;NSD2;NTHL1;OGG1;PALB2;PARG;PARP1;PARP2;PAXIP1;PHF6;PIAS1;PIAS3;PIAS4;PMS2;PNKP;POLB;POLD3;POLD4;POLE2;POLE3;POLE4;POLH;POLI;POLK;POLL;POLM;POLN;POLQ;POLR2A;POLR2B;POLR2C;POLR2E;POLR2F;POLR2G;POLR2I;POLR2J;POLR2K;POLR2L;POT1;PPIE;PPP4C;PPP4R2;PPP5C;PRPF19;PSMA1;PSMA3;PSMA4;PSMA5;PSMA7;PSMB1;PSMB2;PSMB3;PSMB4;PSMB5;PSMB6;PSMB7;PSMC1;PSMC2;PSMC3;PSMC4;PSMC5;PSMC6;PSMD1;PSMD11;PSMD12;PSMD13;PSMD14;PSMD2;PSMD3;PSMD6;PSMD7;PSMD8;RAD17;RAD18;RAD23A;RAD23B;RAD51AP1;RAD51B;RAD51C;RAD9A;RAD9B;RBX1;RCHY1;REV1;REV3L;RFC1;RFC2;RFC3;RFC4;RFC5;RMI1;RMI2;RNF111;RNF4;RNF8;RPA1;RPA3;RPS27A;RUVBL1;SEM1;SIRT6;SLX4;SMARCA5;SMUG1;SPIDR;SPRTN;SUMO1;SUMO3;TCEA1;TDG;TDP1;TDP2;TERF1;TERF2;TERF2IP;TFPT;TIMELESS;TINF2;TIPIN;TOP3A;TOPBP1;TP53;TP53BP1;TRIM25;UBA52;UBA7;UBB;UBC;UBE2B;UBE2I;UBE2L6;UBE2N;UBE2T;UBE2V2;UBXN1;UFD1;UIMC1;UNG;USP10;USP45;UVSSA;VCP;WDR48;WRN;XAB2;XPA;XPC;XRCC1;XRCC2;XRCC3;XRCC4;XRCC5;XRCC6;YY1,263,PSMC3;VCP;ADRM1;PSMD7;PSMB2;PSMB6;PSMA4;POLR2C;WDR48;PSMA1;CUL4B;PSMB5;USP10;POLR2F;EYA2;ALKBH2;PPIE;MNAT1;RAD51C;NEIL2;COPS7B;FANCL;RMI1;ABL1;ERCC4;APEX1;FAAP100;GTF2H2;PSMD2;EME2;COPS7A;PSMD8;FANCM;MDC1;XRCC3;TERF2IP;GPS1;COPS3;CCNH;POLN;PPP4R2;SMUG1;RNF8;USP45;PNKP;PSMB3;PSMB7;MPG;PSMC4;MSH6;PSMD3;ASCC2;TOP3A;EYA3;POLR2B;RAD17;RAD9A;ACD;UBA7;RAD18;CHEK2;CHEK1;RMI2;POLE3;BARD1;FANCA;FANCD2;POLE4;UBA52;PSMC1;PARP2;BAP1;PSMC5;RPS27A;POLR2G;INO80D;FANCG;PSMD13;EYA4;PSMB4;FANCC;DCLRE1A;COPS8;KPNA2;POLD3;APBB1;ATM;UBE2L6;RBX1;ATRIP;ACTR8;ERCC2;TDP1;RPA1;POLR2A;NTHL1;MBD4;UBE2B;XRCC4;PRPF19;POLR2L;POLR2J;MSH2;RAD51B;MSH3;MGMT;LIG4;REV1;LIG1;PIAS1;UBXN1;LIG3;PSMD14;XPA;POLK;COPS6;MLH1;ASCC1;RUVBL1;TIPIN;POLL;COPS2;TRIM25;TOPBP1;MAD2L2;YY1;SIRT6;PPP5C;BRCC3;AQR;XRCC5;PSMD1;PAXIP1;FANCI;UBE2I;MAPK8;ALKBH3;TCEA1;SLX4;TERF2;PMS2;DCLRE1B;ISG15;RAD51AP1;POLD4;RFC4;RFC3;DDB2;ERCC1;FANCB;UBC;PIAS3;ACTR5;KAT5;RAD9B;NEIL1;ELL;TIMELESS;PSMD12;PSMA7;GEN1;OGG1;PHF6;DCLRE1C;PSMA5;POLH;BRCA1;PSMD6;ERCC6;RAD23A;PPP4C;UIMC1;XAB2;COPS4;RFC1;CDK7;POLM;POLE2;PIAS4;REV3L;TINF2;INO80E;RNF111;XRCC1;GTF2H3;MCRS1;SPIDR;XRCC6;PARG;NFRKB;RNF4;PALB2;POLB;UBE2V2;MUS81;BAZ1B;UVSSA;RAD23B;PSMC6;GTF2H1;WRN;ACTB;TERF1;GTF2H5;INO80;RPA3;UBE2T;POLQ;CETN2;FANCE;UBB;BRCA2;POLR2E;BRIP1;POLR2K;TP53;EYA1;SUMO3;POLR2I;CHD1L;RFC2;SPRTN;TDG;ERCC8;RCHY1;KDM4B;BLM;PSMD11;FIGNL1;SUMO1;FAN1;ERCC3;HERC2;SMARCA5;PARP1;UNG;ATR;XPC;TDP2;NBN;PSMA3;XRCC2;DDB1;NPLOC4;POLI;PSMB1;POT1;SEM1;CENPX;NSD2;ABRAXAS1;MRE11;BABAM2;UFD1;RFC5;TFPT;TP53BP1;UBE2N;HUS1;MUTYH;FTO;PSMC2;CLSPN,91,PSMC3;VCP;PSMD7;PSMB2;PSMB6;PSMA4;POLR2F;ALKBH2;PPIE;MNAT1;COPS7B;APEX1;FAAP100;PSMD2;EME2;COPS7A;PSMD8;FANCM;MDC1;XRCC3;TERF2IP;GPS1;COPS3;SMUG1;RNF8;PNKP;PSMB3;PSMB7;MPG;PSMC4;PSMD3;ASCC2;TOP3A;RAD17;UBA7;FANCA;UBA52;PSMC1;PARP2;BAP1;PSMC5;POLR2G;INO80D;PSMD13;PSMB4;COPS8;KPNA2;APBB1;ATRIP;ACTR8;ERCC2;RPA1;MBD4;XRCC4;POLR2L;MSH2;RAD51B;MSH3;MGMT;LIG3;PSMD14;XPA;FANCI;MAPK8;ALKBH3;PMS2;RAD51AP1;RFC3;ERCC1;ACTR5;KAT5;NEIL1;ELL;GEN1;PSMA5;RAD23A;PPP4C;POLM;REV3L;TINF2;XRCC6;RNF4;PSMC6;GTF2H5;INO80;ERCC8;KDM4B;FAN1;ERCC3;UNG;BABAM2,17,1
330,Modulation of host responses by IFN-stimulated genes,R3_recurrent_directional,4,Astro;Micro;OPC;Oligo,3,0,0,OPC,-1.1204152133485388,-1.864292487111323,0.5679183362261719,0.0402517509425486,0.5679183362261719,-0.13474533579144,-1.3767086557190311,1.0532375809717966,1.1204152133485388,9,FKBP5;HERC5;IFI44L;IFI6;IFIH1;IKBKB;IKBKG;ISG15;UBA7,18,ARIH1;ATF6;CHUK;EIF2AK3;FKBP5;HERC5;HSPA5;IFI27;IFI44;IFI44L;IFI6;IFIH1;IKBKB;IKBKG;ISG15;TRIM25;UBA7;UBE2L6,18,IKBKG;ATF6;IFIH1;HSPA5;HERC5;IFI6;FKBP5;UBA7;UBE2L6;IFI44;IKBKB;TRIM25;CHUK;IFI44L;ISG15;IFI27;ARIH1;EIF2AK3,9,IKBKG;IFIH1;HERC5;IFI6;FKBP5;UBA7;IKBKB;IFI44L;ISG15,22,1
334,Formation of TC-NER Pre-Incision Complex,R3_recurrent_directional,4,Astro;Micro;OPC;Oligo,3,0,0,Astro,-1.5567074899046285,-1.5735925811003346,0.2506589065164106,0.0641004690427254,0.2506589065164106,-1.4440530087636636,-1.21890244671937,1.0509518673068858,1.5567074899046285,14,COPS7A;COPS7B;ERCC2;ERCC3;ERCC8;GTF2H5;MNAT1;POLR2F;POLR2G;POLR2L;PPIE;RBX1;UBA52;XPA,46,AQR;CCNH;CDK7;COPS2;COPS3;COPS4;COPS5;COPS6;COPS7A;COPS7B;COPS8;CUL4B;DDB1;ERCC2;ERCC3;ERCC6;ERCC8;GPS1;GTF2H1;GTF2H2;GTF2H3;GTF2H5;MNAT1;POLR2A;POLR2B;POLR2C;POLR2E;POLR2F;POLR2G;POLR2H;POLR2I;POLR2J;POLR2K;POLR2L;PPIE;PRPF19;RBX1;RPS27A;TCEA1;UBA52;UBB;UBC;UVSSA;XAB2;XPA;ZNF830,46,POLR2C;CUL4B;POLR2F;PPIE;MNAT1;COPS7B;GTF2H2;COPS7A;GPS1;COPS3;CCNH;POLR2H;POLR2B;UBA52;RPS27A;POLR2G;COPS8;RBX1;ERCC2;POLR2A;PRPF19;POLR2L;POLR2J;XPA;COPS6;COPS2;COPS5;AQR;TCEA1;UBC;ZNF830;ERCC6;XAB2;COPS4;CDK7;GTF2H3;UVSSA;GTF2H1;GTF2H5;UBB;POLR2E;POLR2K;POLR2I;ERCC8;ERCC3;DDB1,14,POLR2F;PPIE;MNAT1;COPS7B;COPS7A;UBA52;POLR2G;RBX1;ERCC2;POLR2L;XPA;GTF2H5;ERCC8;ERCC3,144,15
339,"Turbulent (oscillatory, disturbed) flow shear stress activates signaling by PIEZO1 and integrins in endothelial cells",R3_recurrent_directional,4,Astro;Micro;OPC;Oligo,3,0,0,Astro,1.1105137992856184,1.0409693979335577,0.5669432144658035,0.7552683981028325,0.7552683981028325,-0.0948509293853345,1.0402096128136231,1.044266924952835,1.1011838464773946,8,CAPN2;IKBKG;ITGAV;NFKB1;RELA;STAT1;VCL;YAP1,25,ABL1;ANXA2;CAPN2;CAPNS1;FN1;GNA11;IKBKB;IKBKE;IKBKG;ITGA5;ITGAV;ITGB1;NFKB1;NFKBIA;NLRP3;PDE4D;PIEZO1;PPP2R1A;PPP2R1B;PTK2;PTPN1;RELA;STAT1;VCL;YAP1,25,IKBKG;VCL;PTK2;FN1;ITGAV;ABL1;RELA;STAT1;CAPNS1;CAPN2;YAP1;IKBKB;PTPN1;GNA11;ITGB1;ANXA2;NFKBIA;NFKB1;PPP2R1A;PDE4D;PPP2R1B;NLRP3;ITGA5;PIEZO1;IKBKE,8,IKBKG;VCL;ITGAV;RELA;STAT1;CAPN2;YAP1;NFKB1,22,1
346,IRS-mediated signalling,R3_recurrent_directional,4,Astro;Micro;OPC;Oligo,3,0,0,OPC,1.1911740725494122,1.1034130592482394,0.73889068852415,0.6687951837692048,0.73889068852415,1.1476091415251009,1.2490982343482284,1.0364633967299015,1.1040442105007895,11,FGF2;FGF9;FGFR1;GAB1;GRB2;IRS1;IRS2;PDE3B;PIK3C3;PIK3CA;SOS1,22,AKT2;FGF1;FGF17;FGF2;FGF9;FGFR1;FGFR2;FGFR3;GAB1;GAB2;GRB2;HRAS;IRS1;IRS2;KRAS;PDE3B;PDPK1;PIK3C3;PIK3CA;PIK3R1;PIK3R4;SOS1,22,PIK3R1;FGF1;FGFR1;FGFR3;PDPK1;IRS1;IRS2;PIK3CA;SOS1;FGF2;GAB1;HRAS;PIK3C3;PDE3B;FGFR2;GRB2;GAB2;PIK3R4;FGF9;FGF17;KRAS;AKT2,11,FGFR1;IRS1;IRS2;PIK3CA;SOS1;FGF2;GAB1;PIK3C3;PDE3B;GRB2;FGF9,279,8
349,G0 and Early G1,R3_recurrent_directional,4,Astro;Micro;OPC;Oligo,3,0,0,Astro,1.0360556757371204,1.2811672284698612,0.660536270607335,0.6041132445028627,0.660536270607335,1.033722510900421,1.3401624409550803,1.033722510900421,1.2116133219417955,10,CCNA2;CCNE1;DYRK1A;E2F4;E2F5;HDAC1;LIN9;RBBP4;RBL1;TFDP2,19,CCNA2;CCNE1;CCNE2;CDC25A;CDK2;DYRK1A;E2F4;E2F5;HDAC1;LIN54;LIN9;MAX;MYC;PCNA;RBBP4;RBL1;RBL2;TFDP1;TFDP2,19,CCNA2;LIN9;DYRK1A;E2F5;TFDP1;E2F4;TFDP2;RBBP4;CCNE1;RBL1;HDAC1;LIN54;MAX;RBL2;CDC25A;PCNA;CDK2;CCNE2;MYC,10,CCNA2;LIN9;DYRK1A;E2F5;E2F4;TFDP2;RBBP4;CCNE1;RBL1;HDAC1,1165,3
353,Metabolism of steroids,R3_recurrent_directional,4,Astro;Micro;OPC;Oligo,3,0,0,OPC,-1.924456557020816,-1.2290691904373865,0.0571289835759155,0.5076525150359644,0.5076525150359644,-1.146785177859189,-1.0477977155891316,1.030054940483902,1.2290691904373865,25,ACACB;ACAT2;ACOT8;CARM1;CYP46A1;DHCR24;EBP;FDPS;FDXR;HMGCS1;HSD3B7;INSIG1;KPNB1;MBTPS2;MVD;OSBPL2;OSBPL6;OSBPL7;PMVK;SC5D;SRD5A3;SREBF2;STARD4;STS;TM7SF2,102,ABCD3;ACACA;ACACB;ACAT2;ACOT8;AKR1B1;AKR1C2;AKR1C3;ARV1;CARM1;CH25H;CREBBP;CYP11A1;CYP27A1;CYP2R1;CYP39A1;CYP46A1;CYP7B1;DHCR24;DHCR7;EBP;ELOVL6;FABP6;FASN;FDFT1;FDPS;FDX1;FDXR;GPAM;HELZ2;HMGCR;HMGCS1;HSD11B1;HSD17B12;HSD17B14;HSD17B4;HSD17B7;HSD3B7;IDI1;INSIG1;KPNB1;LBR;LDLRAP1;LGMN;LRP2;LSS;MBTPS1;MBTPS2;MSMO1;MTF1;MVD;MVK;NCOA1;NCOA2;NCOA6;NFYA;NFYB;NFYC;NSDHL;OSBP;OSBPL1A;OSBPL2;OSBPL3;OSBPL6;OSBPL7;PIAS4;PLPP6;PMVK;POMC;PPARA;RAN;RXRA;SC5D;SCAP;SCD;SCP2;SEC24A;SEC24B;SEC24C;SEC24D;SLC10A1;SLC51A;SLCO1A2;SMARCD3;SP1;SQLE;SRD5A1;SRD5A2;SRD5A3;SREBF1;SREBF2;STARD3;STARD3NL;STARD4;STARD6;STS;TBL1X;TGS1;TM7SF2;TSPOAP1;UBE2I;VDR,102,KPNB1;FASN;SCP2;AKR1C3;IDI1;MVK;SRD5A3;CYP46A1;EBP;DHCR7;RXRA;MBTPS1;INSIG1;NCOA1;OSBP;NFYC;CYP39A1;LDLRAP1;TM7SF2;CYP7B1;STS;MVD;ACACB;AKR1B1;FDXR;SREBF2;NSDHL;ABCD3;OSBPL1A;FDX1;GPAM;SC5D;SMARCD3;NCOA2;SEC24B;OSBPL6;TBL1X;UBE2I;SLC10A1;ACAT2;DHCR24;SLCO1A2;HMGCS1;SLC51A;HMGCR;SCD;FDPS;STARD4;NFYA;PPARA;MTF1;HSD17B7;FDFT1;HSD17B4;TGS1;MBTPS2;PMVK;STARD3;LBR;ACOT8;ACACA;PIAS4;STARD3NL;SEC24A;CREBBP;SRD5A1;NCOA6;SCAP;SEC24C;NFYB;HSD17B12;ARV1;SRD5A2;HELZ2;PLPP6;MSMO1;CH25H;STARD6;OSBPL3;HSD17B14;HSD3B7;SEC24D;LGMN;LSS;OSBPL2;OSBPL7;CYP11A1;ELOVL6;SQLE;CARM1;CYP2R1;CYP27A1;TSPOAP1;LRP2;RAN;SP1;SREBF1;HSD11B1;POMC;VDR;FABP6;AKR1C2,25,KPNB1;SRD5A3;CYP46A1;EBP;INSIG1;TM7SF2;STS;MVD;ACACB;FDXR;SREBF2;SC5D;OSBPL6;ACAT2;DHCR24;HMGCS1;FDPS;STARD4;MBTPS2;PMVK;ACOT8;HSD3B7;OSBPL2;OSBPL7;CARM1,42,1
354,Effects of PIP2 hydrolysis,R3_recurrent_directional,4,Astro;Micro;OPC;Oligo,3,0,0,Oligo,1.2673138214546673,1.5932493344436,0.6272400949635502,0.1329557207423879,0.6272400949635502,1.1319513350893369,1.0243541604472512,1.0300010303042488,1.2673138214546673,9,DGKB;DGKD;DGKE;DGKG;DGKH;DGKI;ITPR1;ITPR2;MGLL,25,ABHD12;ABHD6;DAGLA;DGKA;DGKB;DGKD;DGKE;DGKG;DGKH;DGKI;DGKK;DGKQ;DGKZ;ITPR1;ITPR2;ITPR3;MGLL;PRKCD;PRKCE;PRKCH;PRKCQ;RASGRP1;RASGRP2;TRPC3;TRPC6,25,ABHD12;DGKB;DGKG;ITPR1;PRKCQ;DGKE;DGKZ;TRPC6;DGKI;MGLL;DGKQ;DAGLA;PRKCE;DGKA;RASGRP2;ITPR2;ITPR3;DGKD;DGKH;RASGRP1;PRKCH;ABHD6;TRPC3;DGKK;PRKCD,9,DGKB;DGKG;ITPR1;DGKE;DGKI;MGLL;ITPR2;DGKD;DGKH,252,1
355,Transcriptional Regulation by E2F6,R3_recurrent_directional,4,Astro;Micro;OPC;Oligo,3,0,0,Oligo,1.2818112579631256,1.445788188431521,0.6488020721258074,0.2110691258089398,0.6488020721258074,0.1313915443662063,1.3462837449839171,1.0271974858858477,1.2818112579631256,17,APAF1;BMI1;BRCA1;CBX5;CDC7;E2F6;EED;MAX;MGA;PCGF6;RBBP8;RING1;RYBP;SUZ12;TFDP2;UXT;YAF2,32,APAF1;BMI1;BRCA1;CBX3;CBX5;CDC7;CHEK1;E2F1;E2F6;EED;EHMT1;EHMT2;EPC1;EZH2;L3MBTL2;MAX;MGA;PCGF2;PCGF6;PHC1;PHC3;RBBP4;RBBP7;RBBP8;RING1;RNF2;RYBP;SUZ12;TFDP1;TFDP2;UXT;YAF2,32,CBX3;EHMT2;CDC7;BMI1;E2F6;EED;PHC3;CHEK1;TFDP1;TFDP2;RYBP;SUZ12;YAF2;MGA;RBBP4;E2F1;RBBP8;BRCA1;APAF1;CBX5;L3MBTL2;MAX;PCGF2;EHMT1;RNF2;PHC1;EPC1;EZH2;RING1;RBBP7;PCGF6;UXT,17,CDC7;BMI1;E2F6;EED;TFDP2;RYBP;SUZ12;YAF2;MGA;RBBP8;BRCA1;APAF1;CBX5;MAX;RING1;PCGF6;UXT,367,1
359,Signaling by GPCR,R3_recurrent_directional,4,Astro;Micro;OPC;Oligo,3,0,0,Oligo,1.1590066239262888,1.122775933990669,0.7542700866679539,0.5046668313001524,0.7542700866679539,1.1245463897375267,0.9939254921049148,1.023156606069921,1.122775933990669,69,ADCY2;ADCY9;ADORA1;ADRA1A;ANXA1;ARHGEF10L;ARHGEF12;ARHGEF7;ARRB1;ARRB2;C5AR1;CALCB;CAMK2B;CAMKK1;CCL2;CCL28;CREB1;DGKE;DGKG;DGKI;DRD2;DRD4;EDNRB;EGFR;F2R;FZD1;FZD2;FZD3;FZD5;FZD6;FZD7;FZD8;GIPR;GNA13;GNAI3;GNAS;GPER1;GPR39;GRK5;GRM7;GRM8;HEBP1;HRH1;ITPR1;ITPR2;KALRN;MCF2L;MGLL;NPFFR1;NPSR1;PDE1C;PDE2A;PDE7A;PDE7B;PIK3CA;PLCB1;PPP3CB;PRKAR2A;PRKX;RAMP1;RGS7;ROCK2;RPS6KA3;S1PR1;S1PR3;SOS1;TACR3;TIAM2;TRIO,265,ABHD12;ABHD6;ABR;ACKR3;ADCY1;ADCY2;ADCY3;ADCY4;ADCY5;ADCY7;ADCY8;ADCY9;ADCYAP1R1;ADGRE2;ADGRE3;ADM;ADORA1;ADORA2B;ADRA1A;ADRA1D;ADRA2C;ADRB1;AGT;AHCYL1;AKAP13;AKT2;AKT3;ANXA1;APP;ARHGEF10L;ARHGEF12;ARHGEF17;ARHGEF19;ARHGEF2;ARHGEF25;ARHGEF26;ARHGEF3;ARHGEF33;ARHGEF37;ARHGEF4;ARHGEF40;ARHGEF6;ARHGEF7;ARHGEF9;ARRB1;ARRB2;C3;C3AR1;C5;C5AR1;CALCB;CALCRL;CAMK2A;CAMK2B;CAMK2D;CAMK2G;CAMK4;CAMKK1;CCK;CCL2;CCL28;CCL4;CCR10;CCRL2;CHRM3;CHRM5;CMKLR1;CREB1;CRHBP;CX3CL1;CXCL12;CXCL16;CXCR4;DGKA;DGKB;DGKD;DGKE;DGKG;DGKH;DGKI;DGKK;DRD2;DRD4;ECE1;ECT2;EDNRA;EDNRB;EGFR;F2R;F2RL1;FGD1;FGD4;FN1;FSHR;FZD1;FZD2;FZD3;FZD4;FZD5;FZD6;FZD7;FZD8;FZD9;GABBR1;GABBR2;GHRHR;GIPR;GNA11;GNA12;GNA13;GNA15;GNAI1;GNAI3;GNAL;GNAS;GNAZ;GNB5;GNG12;GNG3;GNG7;GNGT2;GNRH1;GPER1;GPR176;GPR35;GPR37;GPR39;GPR65;GPSM2;GRB2;GRK3;GRK5;GRK6;GRM1;GRM3;GRM5;GRM7;GRM8;HBEGF;HEBP1;HRAS;HRH1;HRH4;HTR2B;HTR4;HTR7;ITGA5;ITGB1;ITPR1;ITPR2;ITPR3;ITSN1;KALRN;KEL;KPNA2;KRAS;LPAR1;LPAR6;MAPK3;MCF2;MCF2L;MGLL;NBEA;NET1;NGEF;NLN;NPFFR1;NPSR1;NPW;NPY1R;NRAS;OBSCN;OPN3;OPRM1;OXTR;P2RY1;P2RY12;P2RY14;PAK1;PDE10A;PDE11A;PDE1B;PDE1C;PDE2A;PDE3A;PDE3B;PDE4A;PDE4B;PDE4D;PDE7A;PDE7B;PDPK1;PIK3CA;PIK3R1;PIK3R3;PIK3R5;PLCB1;PLCB3;PLCB4;PLEKHG2;PLEKHG5;PLPPR1;PLPPR4;PLPPR5;PLXNB1;PPP2CB;PPP2R1A;PPP2R1B;PPP2R5D;PPP3CA;PPP3CB;PPP3CC;PREX1;PRKACA;PRKACB;PRKAR1A;PRKAR2A;PRKAR2B;PRKCA;PRKCD;PRKCE;PRKX;PTAFR;PTCH1;PTCH2;PTGER4;PTH1R;RAMP1;RASGRF2;RASGRP1;RASGRP2;RGS12;RGS17;RGS20;RGS22;RGS3;RGS5;RGS6;RGS7;RGS9;ROCK1;ROCK2;RPS6KA1;RPS6KA2;RPS6KA3;RRH;RXFP1;S1PR1;S1PR3;SMO;SOS1;SOS2;SRC;SSTR1;TACR1;TACR3;TIAM1;TIAM2;TRIO;TRPC6;TSHR;VAV1;VAV3;VIPR1;WNT2B,265,CAMK2A;AGT;GABBR1;ABHD12;PIK3R1;PRKCA;CAMK4;GPR37;APP;EGFR;HEBP1;CXCL12;PLCB1;PPP3CA;FZD5;FZD1;FN1;FZD8;DGKB;GNRH1;FZD2;CALCB;PDPK1;CCL28;NPW;FZD7;KEL;ADCY8;OXTR;DGKG;FZD6;TIAM2;RPS6KA3;PIK3CA;SOS1;HRAS;PRKX;ARRB2;RPS6KA2;PRKACA;PTCH2;KALRN;ARHGEF26;ARHGEF12;FZD3;ARHGEF9;ADCY5;CREB1;PDE3B;ARHGEF7;PLCB3;GPSM2;PPP2CB;ARHGEF4;PPP3CC;C5AR1;HRH1;CXCR4;CCK;RGS7;CHRM5;GRK6;GRM7;ITPR1;GRM8;RAMP1;PLEKHG5;ADORA1;GNAZ;C3;ADCY7;ADCY3;RRH;GNAL;MAPK3;RPS6KA1;KPNA2;ADRA1A;ARHGEF37;GNAI3;VAV1;GNA13;PDE4B;DGKE;PDE7B;ROCK2;CAMK2D;ADCY1;EDNRB;ECT2;ADCY9;AKAP13;PRKACB;P2RY12;GNA11;WNT2B;ARHGEF6;OBSCN;GNG7;FGD4;ITGB1;GNG3;ADM;HRH4;GIPR;TRPC6;F2RL1;GABBR2;FZD9;PDE1C;RASGRF2;RGS22;PTAFR;PPP2R5D;ARRB1;NGEF;TACR1;DGKI;FGD1;RGS9;PLEKHG2;MCF2L;VIPR1;MCF2;NET1;GRK5;C5;RGS6;RGS3;ADCY2;HTR4;SRC;MGLL;PDE2A;PPP2R1A;CX3CL1;GRB2;ARHGEF19;NBEA;PPP3CB;SMO;NLN;PRKAR2A;GPR35;TRIO;PRKCE;RGS17;PTCH1;DGKA;ITSN1;TIAM1;ABR;PAK1;RASGRP2;PDE3A;PREX1;GNA12;CAMK2G;ITPR2;PDE4D;PPP2R1B;ROCK1;PDE7A;NRAS;ARHGEF40;CCL2;ANXA1;DRD2;S1PR3;F2R;NPFFR1;GPER1;ADRA1D;FSHR;S1PR1;PLPPR1;PRKAR2B;PIK3R3;DRD4;EDNRA;PLPPR4;PTH1R;ACKR3;NPY1R;GPR39;ITPR3;GNG12;RGS20;CHRM3;CALCRL;GPR176;P2RY1;PLCB4;PDE4A;ITGA5;CCR10;CAMKK1;ARHGEF33;ECE1;PDE10A;CAMK2B;OPRM1;ARHGEF10L;GHRHR;LPAR1;DGKD;GRM5;RXFP1;SSTR1;HBEGF;VAV3;AKT3;ARHGEF3;GNB5;ADRB1;GNAI1;GPR65;FZD4;DGKH;KRAS;OPN3;AKT2;GNA15;GRK3;ADGRE2;TACR3;GRM1;GRM3;PLXNB1;ARHGEF17;RASGRP1;GNAS;TSHR;RGS5;PRKAR1A;ARHGEF2;AHCYL1;SOS2;LPAR6;ABHD6;RGS12;CXCL16;P2RY14;ARHGEF25;ADGRE3;ADCYAP1R1;PIK3R5;DGKK;PDE1B;NPSR1;CRHBP;PRKCD;ADRA2C;ADCY4;ADORA2B;CCRL2;PTGER4;GNGT2;CCL4;HTR2B;PDE11A;CMKLR1;C3AR1;PLPPR5;HTR7,69,EGFR;HEBP1;PLCB1;FZD5;FZD1;FZD8;FZD2;CALCB;CCL28;FZD7;DGKG;FZD6;TIAM2;RPS6KA3;PIK3CA;SOS1;PRKX;ARRB2;KALRN;ARHGEF12;FZD3;CREB1;ARHGEF7;C5AR1;HRH1;RGS7;GRM7;ITPR1;GRM8;RAMP1;ADORA1;ADRA1A;GNAI3;GNA13;DGKE;PDE7B;ROCK2;EDNRB;ADCY9;GIPR;PDE1C;ARRB1;DGKI;MCF2L;GRK5;ADCY2;MGLL;PDE2A;PPP3CB;PRKAR2A;TRIO;ITPR2;PDE7A;CCL2;ANXA1;DRD2;S1PR3;F2R;NPFFR1;GPER1;S1PR1;DRD4;GPR39;CAMKK1;CAMK2B;ARHGEF10L;TACR3;GNAS;NPSR1,62,1
363,Late endosomal microautophagy,R3_recurrent_directional,4,Astro;Micro;OPC;Oligo,3,0,0,Astro,-1.112047327741665,-1.4866088846219838,0.7128744249875262,0.1043951689224522,0.7128744249875262,-1.0796673902073426,-1.1196736691842382,1.0182669246188416,1.112047327741665,14,ARL13B;CHMP3;CHMP7;HDAC6;HSPA8;PARK7;RNASE1;RPS27A;UBA52;UBAP1;VPS28;VPS37B;VPS37C;VPS37D,28,ARL13B;CFTR;CHMP2B;CHMP3;CHMP4B;CHMP7;HDAC6;HSPA8;IFT88;MVB12A;MVB12B;PARK7;PCNT;PLIN2;PLIN3;RNASE1;RPS27A;TSG101;UBA52;UBAP1;UBB;UBC;VIM;VPS28;VPS37A;VPS37B;VPS37C;VPS37D,28,VPS28;HDAC6;TSG101;VIM;RNASE1;CHMP7;VPS37A;UBA52;RPS27A;VPS37D;CHMP3;MVB12A;IFT88;PLIN2;UBC;VPS37C;CFTR;VPS37B;ARL13B;UBB;CHMP4B;PARK7;PCNT;PLIN3;MVB12B;UBAP1;HSPA8;CHMP2B,14,VPS28;HDAC6;RNASE1;CHMP7;UBA52;RPS27A;VPS37D;CHMP3;VPS37C;VPS37B;ARL13B;PARK7;UBAP1;HSPA8,35,1
364,RUNX2 regulates bone development,R3_recurrent_directional,4,Astro;Micro;OPC;Oligo,3,0,0,OPC,1.3170242997059565,1.897260055153883,0.6412027465701955,0.1349362370110792,0.6412027465701955,0.989785027803769,1.831687988288252,1.0177500586760877,1.3170242997059565,10,HDAC3;HDAC4;HEY2;MAF;RUNX2;SMAD1;SMAD4;WWTR1;YAP1;ZNF521,21,AR;CBFB;GLI2;GLI3;HDAC3;HDAC4;HDAC6;HES1;HEY2;MAF;MAPK1;MAPK3;RB1;RUNX2;SATB2;SMAD1;SMAD4;SRC;WWTR1;YAP1;ZNF521,21,HDAC6;WWTR1;HDAC4;MAPK1;YAP1;MAF;HEY2;MAPK3;RB1;HDAC3;RUNX2;SMAD1;SRC;GLI3;ZNF521;GLI2;HES1;SATB2;SMAD4;AR;CBFB,10,WWTR1;HDAC4;YAP1;MAF;HEY2;HDAC3;RUNX2;SMAD1;ZNF521;SMAD4,111,1
368,Stimuli-sensing channels,R3_recurrent_directional,4,Astro;Micro;OPC;Oligo,3,0,0,Astro,-1.1248506942812966,-0.929627303601907,0.6990996321163773,0.7133381677918871,0.7133381677918871,-0.1244955442206859,1.0293435471152883,1.0169425091140245,1.3070200946681167,23,ANO2;ANO6;ASIC2;CLCN6;CLIC2;MCOLN1;NEDD4L;RPS27A;RYR3;SCNN1D;SGK3;STOM;TPCN1;TRPC4;TRPM3;TRPM7;TRPV1;TTYH2;TTYH3;UBA52;UNC79;UNC80;WWP1,72,ANO2;ANO3;ANO4;ANO5;ANO6;ANO7;ANO8;ASIC1;ASIC2;ASIC3;ASPH;BEST1;BEST3;CALM1;CASQ1;CASQ2;CLCA4;CLCN2;CLCN3;CLCN4;CLCN6;CLCN7;CLIC2;MCOLN1;MLKL;NALCN;NEDD4L;OSTM1;RAF1;RIPK1;RPS27A;RYR2;RYR3;SCNN1D;SGK1;SGK2;SGK3;SLC9B1;SLC9B2;SLC9C1;SLC9C2;STOM;TPCN1;TPCN2;TRDN;TRPC1;TRPC3;TRPC4;TRPC4AP;TRPC6;TRPM2;TRPM3;TRPM4;TRPM6;TRPM7;TRPV1;TRPV3;TRPV4;TRPV5;TRPV6;TSC22D3;TTYH1;TTYH2;TTYH3;UBA52;UBB;UBC;UNC79;UNC80;WNK1;WNK3;WWP1,72,TSC22D3;ASPH;TTYH3;STOM;NEDD4L;TRPM3;ANO6;ASIC2;WWP1;TRPM7;SLC9B2;WNK1;CLIC2;SGK2;SLC9B1;UBA52;RPS27A;TRPV1;RYR3;SGK3;UNC79;MCOLN1;CLCN4;TTYH1;CLCN6;CLCN2;BEST1;OSTM1;TRPC1;MLKL;TRPC6;TRPM4;ANO3;RYR2;CLCA4;RIPK1;UBC;ANO2;TPCN1;ANO7;SCNN1D;SLC9C2;TRPM2;ASIC3;WNK3;TPCN2;TTYH2;CALM1;RAF1;TRPC4AP;TRPV6;TRPV5;UNC80;TRPC4;ANO5;UBB;ASIC1;TRDN;ANO4;TRPV4;CLCN3;ANO8;TRPM6;SGK1;NALCN;BEST3;TRPV3;CLCN7;SLC9C1;TRPC3;CASQ1;CASQ2,23,TTYH3;STOM;NEDD4L;TRPM3;ANO6;ASIC2;WWP1;TRPM7;CLIC2;UBA52;RPS27A;TRPV1;RYR3;SGK3;UNC79;MCOLN1;CLCN6;ANO2;TPCN1;SCNN1D;TTYH2;UNC80;TRPC4,462,1
372,"Biosynthesis of the N-glycan precursor (dolichol lipid-linked oligosaccharide, LLO) and transfer to a nascent protein",R3_recurrent_directional,4,Astro;Micro;OPC;Oligo,3,0,0,OPC,-1.5096961574391128,-1.3293175536066906,0.2325139110548311,0.410854818146727,0.410854818146727,-0.9635510399973748,-1.2829745804290913,1.0141820056828146,1.3293175536066906,24,ALG11;ALG14;ALG9;CMAS;CTSA;DOLK;DOLPP1;DPM2;FUOM;HK1;MPI;MVD;NAGK;NANS;NEU3;NEU4;PMM1;RFT1;SRD5A3;ST6GAL1;ST6GAL2;ST6GALNAC2;ST6GALNAC3;ST8SIA3,62,ALG10;ALG10B;ALG11;ALG12;ALG13;ALG14;ALG2;ALG3;ALG5;ALG6;ALG8;ALG9;AMDHD2;CMAS;CTSA;DHDDS;DOLK;DOLPP1;DPAGT1;DPM2;DPM3;FUOM;GFPT1;GFPT2;GLB1;GMDS;GMPPB;GNE;GNPNAT1;HK1;MPI;MVD;NAGK;NANS;NEU1;NEU3;NEU4;NPL;NUS1;PGM3;PMM1;PMM2;RENBP;RFT1;SLC17A5;SRD5A3;ST3GAL1;ST3GAL2;ST3GAL3;ST3GAL4;ST3GAL5;ST3GAL6;ST6GAL1;ST6GAL2;ST6GALNAC2;ST6GALNAC3;ST6GALNAC4;ST6GALNAC5;ST8SIA1;ST8SIA3;ST8SIA6;UAP1,62,NAGK;GMDS;UAP1;ST8SIA1;ST3GAL6;ST6GAL2;GFPT2;PMM1;SRD5A3;RENBP;ST3GAL2;ST6GAL1;SLC17A5;DPM2;ST3GAL4;RFT1;ST3GAL1;ALG9;ST3GAL3;DOLK;MVD;CTSA;DOLPP1;ALG10B;ALG14;GLB1;ALG2;MPI;PMM2;ST3GAL5;NEU4;ST6GALNAC4;ALG6;NUS1;NEU3;CMAS;GMPPB;ALG11;DHDDS;HK1;ALG5;GFPT1;ALG13;GNPNAT1;AMDHD2;ALG8;GNE;ST8SIA3;ST6GALNAC2;FUOM;ST8SIA6;ST6GALNAC3;ST6GALNAC5;DPAGT1;ALG3;DPM3;NEU1;NPL;ALG10;ALG12;NANS;PGM3,24,NAGK;ST6GAL2;PMM1;SRD5A3;ST6GAL1;DPM2;RFT1;ALG9;DOLK;MVD;CTSA;DOLPP1;ALG14;MPI;NEU4;NEU3;CMAS;ALG11;HK1;ST8SIA3;ST6GALNAC2;FUOM;ST6GALNAC3;NANS,58,3
373,Fanconi Anemia Pathway,R3_recurrent_directional,4,Astro;Micro;OPC;Oligo,3,0,0,Astro,-1.3943676079959852,-1.0196647959135114,0.4156958265850362,0.5800060571716724,0.5800060571716724,-1.1281728961684554,-1.0347238403956822,1.0066426933965833,1.049782884877853,11,DCLRE1B;EME2;ERCC1;FAAP100;FANCA;FANCD2;FANCI;FANCM;RPA1;RPS27A;UBA52,30,ATR;ATRIP;CENPX;DCLRE1A;DCLRE1B;EME2;ERCC1;ERCC4;FAAP100;FAN1;FANCA;FANCB;FANCC;FANCD2;FANCE;FANCG;FANCI;FANCL;FANCM;MUS81;RPA1;RPA3;RPS27A;SLX4;UBA52;UBB;UBC;UBE2T;USP1;WDR48,30,WDR48;FANCL;ERCC4;FAAP100;EME2;FANCM;FANCA;FANCD2;UBA52;RPS27A;FANCG;FANCC;DCLRE1A;ATRIP;RPA1;USP1;FANCI;SLX4;DCLRE1B;ERCC1;FANCB;UBC;MUS81;RPA3;UBE2T;FANCE;UBB;FAN1;ATR;CENPX,11,FAAP100;EME2;FANCM;FANCA;FANCD2;UBA52;RPS27A;RPA1;FANCI;DCLRE1B;ERCC1,165,1
374,Clathrin-mediated endocytosis,R3_recurrent_directional,4,Astro;Micro;OPC;Oligo,3,0,0,OPC,-1.2322002925485211,-1.163900773772262,0.4489613914155456,0.5918825280824171,0.5918825280824171,-0.9257763012409976,-1.295182332413844,1.0020497161905588,1.163900773772262,26,AGFG1;AP2A1;AP2A2;ARPC2;CFTR;CLTA;CLTB;CLTC;CLTCL1;COPS3;COPS7A;GRB2;HBEGF;HSPA8;ITSN1;M6PR;OCRL;PACSIN3;RAB5A;REPS1;SCARB2;TF;TFRC;TOR1A;UBA52;UBQLN2,92,AAK1;ACTB;ACTG1;ACTR2;ACTR3;AGFG1;AMPH;AP2A1;AP2A2;AP2M1;AP2S1;ARF6;ARFGAP1;ARPC2;ARPC3;ARRB1;BIN1;BTC;CD4;CFTR;CLTA;CLTB;CLTC;CLTCL1;COPS2;COPS3;COPS4;COPS6;COPS7A;COPS7B;COPS8;DAB2;DNAJC6;DNM1;DVL2;EPN1;EPN2;EPS15;EPS15L1;FCHO2;FNBP1;FNBP1L;FZD4;GAK;GAPVD1;GPS1;GRB2;GRK2;HBEGF;HIP1R;HSPA8;IGF2R;ITSN1;ITSN2;LDLR;LRP2;M6PR;NECAP2;OCRL;PACSIN1;PACSIN2;PACSIN3;PIK3C2A;RAB5A;RAB5B;REPS1;REPS2;SCARB2;SH3GL2;SH3GL3;SLC2A8;SNAP91;STON2;SYNJ1;SYNJ2;SYT1;SYT11;SYT2;SYT9;TACR1;TF;TFRC;TGFA;TOR1A;TOR1B;TRIP10;UBA52;UBB;UBC;UBQLN1;UBQLN2;WASL,92,ARPC2;TF;HIP1R;SCARB2;DNM1;PACSIN1;CLTC;RAB5B;TRIP10;CD4;IGF2R;COPS7B;COPS7A;FCHO2;GPS1;COPS3;AP2A1;EPS15;ITSN2;ARFGAP1;FNBP1L;TFRC;ARF6;UBA52;SLC2A8;CLTA;TGFA;COPS8;SYT11;REPS2;STON2;COPS6;GAK;COPS2;WASL;AP2A2;GAPVD1;REPS1;SYT9;CLTB;ARRB1;TACR1;CLTCL1;SH3GL2;UBC;TOR1B;AGFG1;CFTR;NECAP2;ACTG1;GRB2;FNBP1;M6PR;AP2S1;EPN1;PACSIN2;UBQLN2;COPS4;ITSN1;DVL2;OCRL;ARPC3;AAK1;ACTB;SH3GL3;AMPH;SYT2;LDLR;UBB;SYNJ2;SNAP91;PACSIN3;TOR1A;EPN2;HBEGF;UBQLN1;BTC;FZD4;ACTR3;AP2M1;RAB5A;DNAJC6;PIK3C2A;GRK2;SYT1;HSPA8;LRP2;BIN1;EPS15L1;ACTR2;SYNJ1;DAB2,26,ARPC2;TF;SCARB2;CLTC;COPS7A;COPS3;AP2A1;TFRC;UBA52;CLTA;AP2A2;REPS1;CLTB;CLTCL1;AGFG1;CFTR;GRB2;M6PR;UBQLN2;ITSN1;OCRL;PACSIN3;TOR1A;HBEGF;RAB5A;HSPA8,30,2
375,RHO GTPases Activate NADPH Oxidases,R3_recurrent_directional,4,Astro;Micro;OPC;Oligo,3,0,0,Oligo,-1.3352880546045565,-1.0482233308423268,0.7198025174105334,0.6391389678827052,0.7198025174105334,-1.1325388395211275,-1.0590858546751325,1.00166728227728,1.2244347085217993,3,MAPK3;NOXA1;PRKCB,17,CYBA;MAPK1;MAPK11;MAPK14;MAPK3;NCF1;NCF2;NCF4;NOXA1;PIK3C3;PIN1;PRKCA;PRKCB;PRKCD;PRKCZ;RAC1;RAC2,17,PIN1;PRKCA;PRKCZ;PIK3C3;MAPK1;MAPK3;PRKCB;NOXA1;MAPK14;RAC1;RAC2;NCF2;CYBA;MAPK11;PRKCD;NCF4;NCF1,3,MAPK3;PRKCB;NOXA1,283,1
377,Negative Regulation of CDH1 Gene Transcription,R3_recurrent_directional,4,Astro;Micro;OPC;Oligo,3,0,0,Oligo,1.1467640844741278,1.2801333144310052,0.7555869182602183,0.3437751709707721,0.7555869182602183,0.839134680074064,1.1971220892413144,0.9950423266949155,1.1467640844741278,13,CDH1;CTBP2;EED;KDM1A;KMT5A;MPHOSPH8;SIRT1;SUZ12;TCF12;ZBTB33;ZEB1;ZMYM2;ZNF217,25,CDH1;CTBP1;CTBP2;EED;EZH2;HDAC1;HDAC2;KDM1A;KMT5A;MAPK1;MAPK3;MPHOSPH8;RBBP4;RBBP7;SIRT1;SNAI2;SUZ12;TCF12;TCF3;TLE1;ZBTB33;ZEB1;ZEB2;ZMYM2;ZNF217,25,CTBP1;CDH1;ZBTB33;MPHOSPH8;CTBP2;EED;MAPK1;MAPK3;SIRT1;ZEB1;SUZ12;ZEB2;KMT5A;ZMYM2;ZNF217;TCF12;RBBP4;TLE1;HDAC1;SNAI2;EZH2;RBBP7;KDM1A;HDAC2;TCF3,13,CDH1;ZBTB33;MPHOSPH8;CTBP2;EED;SIRT1;ZEB1;SUZ12;KMT5A;ZMYM2;ZNF217;TCF12;KDM1A,318,2
378,rRNA processing in the mitochondrion,R3_recurrent_directional,4,Astro;Micro;OPC;Oligo,3,0,0,Astro,-1.7564933703827694,-1.6459498473166572,0.0770548106799098,0.0412727544266901,0.0770548106799098,-1.2829343388081074,-1.2676906836797763,0.994092309259881,1.6459498473166572,10,ELAC2;FASTKD2;HSD17B10;MRM3;NSUN4;RCC1L;RPUSD4;TFB1M;TRMT10C;TRUB2,14,ELAC2;FASTKD2;HSD17B10;MRM1;MRM3;MTERF3;MTERF4;NSUN4;RCC1L;RPUSD3;RPUSD4;TFB1M;TRMT10C;TRUB2,14,HSD17B10;ELAC2;FASTKD2;RPUSD4;TRMT10C;TFB1M;RPUSD3;MTERF4;TRUB2;NSUN4;MRM1;MTERF3;MRM3;RCC1L,10,HSD17B10;ELAC2;FASTKD2;RPUSD4;TRMT10C;TFB1M;TRUB2;NSUN4;MRM3;RCC1L,28,2
380,Antigen processing: Ubiquitination & Proteasome degradation,R3_recurrent_directional,4,Astro;Micro;OPC;Oligo,3,0,0,OPC,-0.8265237600209485,-0.9525161737377223,0.8897243669525168,0.8124634951054209,0.8897243669525168,-0.9089646562087744,-1.2304301054774849,0.9934612464585348,1.232011415337802,62,ANAPC2;ANAPC4;ANAPC5;ARIH2;ASB6;CDC34;DCAF1;FBXL12;FBXL15;FBXL16;FBXO21;FBXO22;FBXO4;FBXO41;FBXO6;FBXO7;FBXW11;FBXW2;FBXW8;FZR1;HECW2;HERC6;KLHL2;KLHL25;KLHL42;KLHL5;LONRF1;PJA2;PSMA4;PSMA5;PSMB1;PSMB2;PSMB6;PSMB7;PSMC1;PSMC5;PSMD12;PSMD13;PSMD14;PSMD2;PSMD3;PSMD7;PSMD8;RLIM;RNF19B;RNF213;RNF34;RNF4;RNF41;SMURF1;SPSB1;TRIM21;TRIM36;TRIM41;TRIP12;UBAC1;UBE2D4;UBE2H;UBE2O;UBOX5;UBR4;WSB1,235,ADRM1;ANAPC1;ANAPC11;ANAPC13;ANAPC2;ANAPC4;ANAPC5;ANAPC7;ARIH2;ASB1;ASB14;ASB16;ASB2;ASB4;ASB5;ASB6;ASB7;ASB8;ATG7;BLMH;BTBD1;BTBD6;BTRC;CBLB;CCNF;CDC16;CDC23;CDC26;CDC27;CDC34;CUL1;CUL3;CUL5;CUL7;DCAF1;DTX3L;DZIP3;ELOB;ELOC;FBXL12;FBXL13;FBXL14;FBXL15;FBXL16;FBXL18;FBXL19;FBXL20;FBXL22;FBXL3;FBXL5;FBXL7;FBXO10;FBXO11;FBXO15;FBXO2;FBXO21;FBXO22;FBXO27;FBXO30;FBXO31;FBXO32;FBXO4;FBXO41;FBXO44;FBXO6;FBXO7;FBXW10;FBXW11;FBXW12;FBXW2;FBXW4;FBXW5;FBXW7;FBXW8;FBXW9;FZR1;GLMN;HECTD2;HECTD3;HECW2;HERC1;HERC2;HERC3;HERC4;HERC5;HERC6;HUWE1;ITCH;KBTBD6;KBTBD7;KBTBD8;KCTD6;KEAP1;KLHL11;KLHL13;KLHL2;KLHL21;KLHL22;KLHL25;KLHL3;KLHL42;KLHL5;KLHL9;LMO7;LNPEP;LNX1;LONRF1;LRR1;LRRC41;LRSAM1;LTN1;MEX3C;MGRN1;MIB2;MKRN1;MYLIP;NEDD4;PJA1;PJA2;PRKN;PSMA1;PSMA3;PSMA4;PSMA5;PSMA7;PSMB1;PSMB2;PSMB3;PSMB4;PSMB5;PSMB6;PSMB7;PSMC1;PSMC2;PSMC3;PSMC4;PSMC5;PSMC6;PSMD1;PSMD11;PSMD12;PSMD13;PSMD14;PSMD2;PSMD3;PSMD6;PSMD7;PSMD8;RBBP6;RBCK1;RBX1;RCHY1;RLIM;RNF111;RNF114;RNF115;RNF123;RNF126;RNF138;RNF14;RNF144B;RNF19B;RNF213;RNF217;RNF220;RNF25;RNF34;RNF4;RNF41;RNF6;RPS27A;SEM1;SIAH1;SKP1;SKP2;SMURF1;SOCS3;SPSB1;SPSB2;STUB1;THOP1;TPP2;TRAIP;TRIM11;TRIM21;TRIM32;TRIM36;TRIM37;TRIM4;TRIM41;TRIM69;TRIM71;TRIM9;TRIP12;UBA5;UBA52;UBA7;UBAC1;UBB;UBC;UBE2A;UBE2B;UBE2D1;UBE2D2;UBE2D3;UBE2D4;UBE2E2;UBE2E3;UBE2G1;UBE2H;UBE2J1;UBE2J2;UBE2L3;UBE2L6;UBE2M;UBE2N;UBE2O;UBE2Q1;UBE2Q2;UBE2S;UBE2V2;UBE3A;UBE3B;UBE3D;UBE4A;UBOX5;UBR4;UFL1;UNKL;VHL;WSB1;WWP1;ZBTB16;ZNRF1;ZNRF2,235,PSMC3;ADRM1;UBE2M;PSMD7;PSMB2;UBE3A;PSMB6;PSMA4;PSMA1;HECW2;PSMB5;BLMH;ITCH;SMURF1;RNF34;HERC1;RNF41;HERC5;DTX3L;KLHL21;FBXL15;PSMD2;NEDD4;WSB1;STUB1;PSMD8;RNF6;ANAPC2;UBE2D4;FBXW2;RNF213;HERC6;FBXO7;WWP1;HERC4;MEX3C;RNF217;PSMB3;CDC27;FBXO4;PSMB7;PSMC4;PSMD3;FBXO11;LNPEP;KBTBD6;TPP2;THOP1;RNF138;ZNRF1;ARIH2;RNF14;KLHL42;TRIM36;UBA7;TRAIP;UBA52;PSMC1;PSMC5;FBXL12;RPS27A;CDC26;FBXL14;ANAPC13;UBE2D1;FBXO6;PSMD13;PSMB4;ASB6;FBXO32;HERC3;ZBTB16;FBXO31;UBE2L6;RBX1;RNF19B;KLHL25;GLMN;FBXL3;KCTD6;UBE2B;CUL1;UBE2Q1;FBXO21;KLHL22;PSMD14;RBBP6;HECTD3;RNF144B;FBXO30;BTRC;UBR4;RNF114;MKRN1;ASB8;ANAPC4;UBAC1;SIAH1;RBCK1;ANAPC5;ASB1;ZNRF2;UBE2G1;TRIP12;ATG7;PSMD1;FBXO10;CDC16;RNF126;UFL1;UBE2D3;RNF115;CBLB;UBE2J2;BTBD1;PJA1;FBXO41;KLHL11;FBXW9;FBXW12;FBXO15;UBC;CDC34;KLHL2;FBXO2;RLIM;SKP2;KEAP1;LRSAM1;SPSB1;KBTBD7;TRIM41;KLHL13;PSMD12;CDC23;PSMA7;ANAPC7;FBXW8;CCNF;PSMA5;UBE3B;PSMD6;UBE3D;FBXL7;FBXO27;UBE2H;SKP1;FBXW4;FBXL18;UNKL;HECTD2;LRRC41;RNF111;UBE4A;FBXO22;UBE2E2;FBXW5;FBXW11;RNF4;UBE2O;TRIM9;UBE2V2;LRR1;FBXL5;UBE2Q2;UBE2D2;UBE2S;KLHL3;TRIM4;KLHL5;VHL;RNF123;PSMC6;ASB7;FBXW7;UBE2E3;HUWE1;KLHL9;ANAPC11;MGRN1;SPSB2;CUL5;SOCS3;FBXL22;FBXL16;ASB2;TRIM71;TRIM32;RNF220;BTBD6;UBB;LONRF1;KBTBD8;ASB4;UBA5;TRIM11;LNX1;UBOX5;CUL3;RCHY1;FBXL13;FZR1;FBXL19;LMO7;TRIM21;PSMD11;LTN1;RNF25;DZIP3;HERC2;TRIM37;FBXO44;UBE2A;PSMA3;MIB2;PSMB1;FBXW10;SEM1;PRKN;ELOB;DCAF1;ASB16;PJA2;ASB14;UBE2J1;TRIM69;MYLIP;UBE2N;FBXL20;ELOC;ANAPC1;UBE2L3;CUL7;PSMC2;ASB5,62,PSMD7;PSMB2;PSMB6;PSMA4;HECW2;SMURF1;RNF34;RNF41;FBXL15;PSMD2;WSB1;PSMD8;ANAPC2;UBE2D4;FBXW2;RNF213;HERC6;FBXO7;FBXO4;PSMB7;PSMD3;ARIH2;KLHL42;TRIM36;PSMC1;PSMC5;FBXL12;FBXO6;PSMD13;ASB6;RNF19B;KLHL25;FBXO21;PSMD14;UBR4;ANAPC4;UBAC1;ANAPC5;TRIP12;FBXO41;CDC34;KLHL2;RLIM;SPSB1;TRIM41;PSMD12;FBXW8;PSMA5;UBE2H;FBXO22;FBXW11;RNF4;UBE2O;KLHL5;FBXL16;LONRF1;UBOX5;FZR1;TRIM21;PSMB1;DCAF1;PJA2,17,1
381,Platelet sensitization by LDL,R3_recurrent_directional,4,Astro;Micro;OPC;Oligo,3,0,0,OPC,-1.3331423643923768,-1.4730760150719984,0.3691641336425821,0.2844241486215712,0.3691641336425821,0.1577023636726717,-0.7887731902362631,0.9930266515548314,1.3331423643923768,5,LRP8;MAPK14;PPP2CB;PPP2R1A;PPP2R5B,14,FGR;LRP8;MAPK14;PECAM1;PLA2G4A;PPP2CB;PPP2R1A;PPP2R5A;PPP2R5B;PPP2R5C;PPP2R5D;PPP2R5E;PTPN11;PTPN6,14,PTPN11;PPP2CB;PPP2R5C;LRP8;PPP2R5D;PPP2R5B;PECAM1;PPP2R1A;MAPK14;PPP2R5A;PTPN6;PLA2G4A;PPP2R5E;FGR,5,PPP2CB;LRP8;PPP2R5B;PPP2R1A;MAPK14,115,2
386,Glutathione conjugation,R3_recurrent_directional,4,Astro;Micro;OPC;Oligo,3,0,0,Oligo,-1.4418685713860482,-1.5343509002309594,0.7034451717782697,0.1521797145757132,0.7034451717782697,-1.198221438894682,-1.215535160891339,0.9885061579738008,1.4418685713860482,10,GCLM;GGT7;GSS;GSTA4;GSTM2;GSTM3;GSTO2;GSTP1;GSTZ1;OPLAH,24,AKR1A1;CNDP2;ESD;GCLC;GCLM;GGCT;GGT1;GGT5;GGT7;GSS;GSTA4;GSTK1;GSTM2;GSTM3;GSTM4;GSTO1;GSTO2;GSTP1;GSTT2B;GSTZ1;HPGDS;MGST1;MGST3;OPLAH,24,CNDP2;GSTZ1;GSTP1;GSTK1;GSTT2B;GGCT;GSS;GSTO2;GSTM3;GSTA4;ESD;MGST3;GGT7;GGT1;GCLM;AKR1A1;GCLC;GSTM2;OPLAH;HPGDS;GSTM4;GSTO1;MGST1;GGT5,10,GSTZ1;GSTP1;GSS;GSTO2;GSTM3;GSTA4;GGT7;GCLM;GSTM2;OPLAH,61,2
387,Fcgamma receptor (FCGR) dependent phagocytosis,R3_recurrent_directional,4,Astro;Micro;OPC;Oligo,3,0,0,Micro,-1.234928042408088,-1.044328947298567,0.8561493657594859,0.5611770727060509,0.8561493657594859,0.0745511841864672,-0.9804212792730812,0.9879975932172748,1.065928297604982,20,ACTG1;ARPC2;BTK;CD247;CRK;CYFIP1;CYFIP2;HSP90AA1;HSP90AB1;ITPR1;ITPR2;LYN;MAPK3;MYO1C;NCK1;NCKAP1;NCKAP1L;PLPP4;PLPP5;WIPF2,69,ABI1;ABL1;ACTB;ACTG1;ACTR2;ACTR3;AHCYL1;ARPC1B;ARPC2;ARPC3;ARPC5;BAIAP2;BRK1;BTK;CD247;CFL1;CRK;CYFIP1;CYFIP2;DOCK1;ELMO1;ELMO2;FCGR3A;FGR;FYN;GRB2;HCK;HSP90AA1;HSP90AB1;ITPR1;ITPR2;ITPR3;LIMK1;LYN;MAPK3;MYH9;MYO1C;MYO5A;MYO9B;NCK1;NCKAP1;NCKAP1L;NCKIPSD;NF2;PAK1;PIK3CA;PLCG1;PLCG2;PLD1;PLD2;PLD3;PLD4;PLPP4;PLPP5;PRKCD;PRKCE;PTK2;RAC1;SRC;SYK;VAV1;VAV2;VAV3;WAS;WASF2;WASF3;WASL;WIPF2;WIPF3,69,ARPC2;NCK1;HSP90AA1;PLD3;PTK2;ELMO1;ABL1;PLPP4;PIK3CA;NCKIPSD;ARPC5;WASF3;MYH9;NCKAP1;ABI1;CRK;CD247;SYK;HCK;ITPR1;MYO1C;MAPK3;ARPC1B;CYFIP2;VAV1;ELMO2;CFL1;CYFIP1;DOCK1;WASL;WIPF2;VAV2;MYO9B;NCKAP1L;PLPP5;SRC;WAS;ACTG1;GRB2;BAIAP2;PLD2;MYO5A;PRKCE;PAK1;ARPC3;LIMK1;ITPR2;RAC1;ACTB;BTK;ITPR3;PLD1;FYN;LYN;WIPF3;WASF2;VAV3;ACTR3;FCGR3A;BRK1;NF2;PLD4;PLCG2;HSP90AB1;PLCG1;ACTR2;AHCYL1;PRKCD;FGR,20,ARPC2;NCK1;HSP90AA1;PLPP4;NCKAP1;CRK;CD247;ITPR1;MYO1C;MAPK3;CYFIP2;CYFIP1;WIPF2;NCKAP1L;PLPP5;ACTG1;ITPR2;BTK;LYN;HSP90AB1,30,2
390,Signaling by Non-Receptor Tyrosine Kinases,R3_recurrent_directional,4,Astro;Micro;OPC;Oligo,3,0,0,Micro,1.4356260177767914,1.1864703654414008,0.5333403308263871,0.4795638454070912,0.5333403308263871,1.1988559409626904,0.998358686982574,0.9865220177208036,1.1864703654414008,16,CCNE1;CDKN1B;CRK;DOCK1;EGFR;ELMO1;ELMO2;ERBB3;ERBB4;GPNMB;KHDRBS2;KHDRBS3;NRG2;NRG3;RASA1;SOCS3,46,AKT1;ARAP1;ARHGAP35;BCAR1;CBL;CCND1;CCNE1;CDK2;CDK4;CDKN1B;CRK;DOCK1;EGF;EGFR;ELMO1;ELMO2;EPAS1;ERBB3;ERBB4;GPNMB;HBEGF;HIF1A;HRAS;KHDRBS1;KHDRBS2;KHDRBS3;KRAS;LRRK2;NR3C1;NRG1;NRG2;NRG3;NRG4;PELP1;PTPN1;PXN;RAC1;RASA1;RPS27A;SFPQ;SOCS3;STAP2;STAT3;UBA52;UBB;UBC,46,CDKN1B;STAT3;EGFR;LRRK2;GPNMB;ERBB3;EGF;ELMO1;HRAS;NRG3;ERBB4;NR3C1;CRK;BCAR1;UBA52;RPS27A;KHDRBS3;RASA1;ELMO2;PELP1;SFPQ;DOCK1;PTPN1;ARAP1;CCNE1;UBC;STAP2;NRG2;AKT1;ARHGAP35;HIF1A;RAC1;EPAS1;SOCS3;NRG1;KHDRBS2;UBB;CCND1;CDK2;HBEGF;PXN;KRAS;CBL;CDK4;NRG4;KHDRBS1,16,CDKN1B;EGFR;GPNMB;ERBB3;ELMO1;NRG3;ERBB4;CRK;KHDRBS3;RASA1;ELMO2;DOCK1;CCNE1;NRG2;SOCS3;KHDRBS2,70,2
394,SUMOylation of immune response proteins,R3_recurrent_directional,4,Astro;Micro;OPC;Oligo,3,0,0,Oligo,1.329443652024623,1.4178254685566518,0.6262068594616648,0.2423308855117892,0.6262068594616648,0.9165876013268612,0.1419940347954324,0.9848876121371376,1.329443652024623,7,EIF2AK2;IKBKG;NFKB2;NFKBIA;RELA;SUMO3;TOPORS,12,EIF2AK2;IKBKE;IKBKG;NFKB2;NFKBIA;PIAS3;PIAS4;RELA;SUMO1;SUMO3;TOPORS;UBE2I,12,IKBKG;RELA;TOPORS;EIF2AK2;NFKB2;UBE2I;NFKBIA;PIAS3;PIAS4;SUMO3;SUMO1;IKBKE,7,IKBKG;RELA;TOPORS;EIF2AK2;NFKB2;NFKBIA;SUMO3,22,1
399,SUMO E3 ligases SUMOylate target proteins,R3_recurrent_directional,4,Astro;Micro;OPC;Oligo,3,0,0,Oligo,1.475460143649126,1.8243280478518709,0.5767198968421133,0.0588608522337214,0.5767198968421133,0.9681188445319692,1.2007692319730694,0.9790209406323636,1.475460143649126,68,BLM;BMI1;CASP8AP2;CBX5;CDCA8;CDKN2A;CREBBP;DAXX;DDX17;DDX5;DNMT1;DNMT3A;EIF2AK2;EP300;HDAC4;HDAC7;HERC2;HIPK2;HNRNPK;MBD1;MDM2;MITF;NCOA1;NCOA2;NDC1;NFKB2;NFKBIA;NR1H2;NR1H3;NR2C1;NR3C2;NRIP1;NSMCE4A;NUP153;NUP155;NUP88;NUP98;PCNA;PIAS1;PIAS3;PIAS4;PPARA;PPARG;RAD21;RAD52;RANBP2;RARA;RELA;RNF168;RORA;RPA1;RXRA;SMC1A;SMC3;SMC5;SP3;STAG1;STAG2;SUZ12;THRA;THRB;TOP1;TOP2B;TOPORS;TPR;TRIM28;UHRF2;VHL,139,AAAS;AR;AURKA;BIRC5;BLM;BMI1;BRCA1;CASP8AP2;CBX4;CBX5;CDCA8;CDKN2A;CETN2;CHD3;CREBBP;CTBP1;DAXX;DDX17;DDX5;DNMT1;DNMT3A;EIF2AK2;EP300;ESR1;HDAC1;HDAC2;HDAC4;HDAC7;HERC2;HIPK2;HNRNPC;HNRNPK;IKBKE;IKBKG;INCENP;ING2;L3MBTL2;MBD1;MDC1;MDM2;MITF;MTA1;NCOA1;NCOA2;NCOR2;NDC1;NFKB2;NFKBIA;NOP58;NPM1;NR1H2;NR1H3;NR2C1;NR3C1;NR3C2;NR4A2;NRIP1;NSMCE1;NSMCE4A;NUP107;NUP153;NUP155;NUP160;NUP188;NUP205;NUP210;NUP214;NUP35;NUP43;NUP54;NUP58;NUP85;NUP88;NUP93;NUP98;PARK7;PCGF2;PCNA;PHC1;PHC2;PHC3;PIAS1;PIAS2;PIAS3;PIAS4;PML;POM121C;PPARA;PPARG;PPARGC1A;RAD21;RAD52;RAE1;RANBP2;RANGAP1;RARA;RELA;RING1;RNF168;RORA;RPA1;RXRA;SAFB;SATB2;SCMH1;SEH1L;SIN3A;SMC1A;SMC3;SMC5;SMC6;SP100;SP3;STAG1;STAG2;SUMO1;SUMO2;SUMO3;SUZ12;TDG;TFAP2C;THRA;THRB;TOP1;TOP2B;TOPORS;TP53;TP53BP1;TPR;TRIM27;TRIM28;UBE2I;UHRF2;VHL;WRN;XPC;XRCC4;ZNF131;ZNF350,139,IKBKG;TOP1;NUP35;CTBP1;NR1H2;NR3C2;RELA;THRB;CHD3;MDC1;BMI1;NUP93;NSMCE1;HDAC4;TOPORS;RXRA;SIN3A;RAD21;STAG1;NCOA1;NUP107;NUP214;EIF2AK2;SEH1L;NR3C1;PHC3;NUP54;THRA;NFKB2;NDC1;NUP43;STAG2;NSMCE4A;EP300;NUP153;RPA1;MDM2;RARA;CDCA8;XRCC4;NRIP1;DNMT1;SUZ12;PPARG;PIAS1;RAD52;SMC3;NCOA2;PML;NUP88;UHRF2;HNRNPK;SP3;RNF168;CBX4;NUP160;PIAS2;UBE2I;NUP188;NFKBIA;PIAS3;NR1H3;AAAS;RANBP2;ESR1;DDX5;PPARA;NR2C1;SMC1A;HDAC1;BRCA1;MTA1;AURKA;RORA;DNMT3A;PIAS4;SMC5;CASP8AP2;DAXX;CBX5;ZNF350;L3MBTL2;TOP2B;NUP155;CREBBP;INCENP;SCMH1;HNRNPC;MITF;PCGF2;ZNF131;VHL;WRN;HDAC7;NUP58;PHC1;CETN2;SATB2;SP100;TRIM28;TP53;NR4A2;PCNA;SUMO3;RING1;RANGAP1;NUP98;PARK7;NOP58;AR;TPR;TDG;BLM;DDX17;SUMO1;SUMO2;HERC2;NUP205;TRIM27;XPC;SAFB;POM121C;MBD1;HDAC2;SMC6;RAE1;PPARGC1A;NPM1;NCOR2;ING2;HIPK2;TP53BP1;PHC2;NUP85;NUP210;CDKN2A;IKBKE;TFAP2C;BIRC5,68,TOP1;NR1H2;NR3C2;RELA;THRB;BMI1;HDAC4;TOPORS;RXRA;RAD21;STAG1;NCOA1;EIF2AK2;THRA;NFKB2;NDC1;STAG2;NSMCE4A;EP300;NUP153;RPA1;MDM2;RARA;CDCA8;NRIP1;DNMT1;SUZ12;PPARG;PIAS1;RAD52;SMC3;NCOA2;NUP88;UHRF2;HNRNPK;SP3;RNF168;NFKBIA;PIAS3;NR1H3;RANBP2;DDX5;PPARA;NR2C1;SMC1A;RORA;DNMT3A;PIAS4;SMC5;CASP8AP2;DAXX;CBX5;TOP2B;NUP155;CREBBP;MITF;VHL;HDAC7;TRIM28;PCNA;NUP98;TPR;BLM;DDX17;HERC2;MBD1;HIPK2;CDKN2A,22,3
403,Signaling by WNT,R3_recurrent_directional,4,Astro;Micro;OPC;Oligo,3,0,0,OPC,-1.3331601127930937,-0.9277670680154356,0.3707962304407794,0.8374042233661663,0.8374042233661663,-0.079437353869748,-1.09824039620257,0.9706224089453768,1.155728649126946,50,AGO1;AP2A1;AP2M1;AP2S1;ARRB2;ASH2L;CAMK2A;CLTB;CLTC;CREBBP;CSNK1G2;CTNNB1;CTNNBIP1;EP300;FZD6;GNAO1;GNG3;GNG7;ITPR1;ITPR2;KAT5;LEO1;NFATC1;PLCB2;PLCB3;PORCN;PPP2R1A;PPP2R5B;PPP2R5D;PSMA5;PSMB2;PSMB7;PSMD12;PSMD13;PSMD2;PSMD7;PYGO2;ROR2;RSPO2;RSPO4;RYK;SEM1;SMURF1;SOX9;TCF7L1;TLE4;TMED5;XPO1;YWHAZ;ZRANB1,181,ADRM1;AGO1;AGO2;AGO3;AKT1;AKT2;AMER1;AP2A1;AP2A2;AP2B1;AP2M1;AP2S1;ARRB2;ASH2L;AXIN1;AXIN2;BCL9;BCL9L;BTRC;CALM1;CAMK2A;CAV1;CBY1;CCDC88C;CDC73;CHD8;CLTA;CLTB;CLTC;CREBBP;CSNK1A1;CSNK1E;CSNK1G2;CSNK2A1;CSNK2A2;CTBP1;CTBP2;CTNNB1;CTNNBIP1;CUL1;CUL3;CXXC4;DAAM1;DPY30;DVL1;DVL3;EP300;FRAT1;FRAT2;FZD1;FZD2;FZD3;FZD4;FZD5;FZD6;FZD7;FZD8;GNAO1;GNB1;GNB2;GNB4;GNB5;GNG12;GNG2;GNG3;GNG7;GSK3B;HDAC1;HECW1;ITPR1;ITPR2;KAT5;KLHL12;KMT2B;KRAS;LEO1;LGR4;LRP5;LRP6;MEN1;MOV10;NFATC1;PDE6B;PFN1;PIP5K1B;PLCB1;PLCB2;PLCB3;PORCN;PPP2CB;PPP2R1A;PPP2R1B;PPP2R5A;PPP2R5B;PPP2R5D;PPP3CA;PPP3CB;PRICKLE1;PRKCA;PRKCG;PRKG1;PSMA1;PSMA3;PSMA4;PSMA5;PSMA7;PSMB1;PSMB2;PSMB3;PSMB4;PSMB5;PSMB6;PSMB7;PSMC1;PSMC2;PSMC3;PSMC4;PSMC5;PSMC6;PSMD1;PSMD11;PSMD12;PSMD13;PSMD14;PSMD2;PSMD3;PSMD6;PSMD7;PSMD8;PYGO1;PYGO2;RAC1;RAC3;RBBP5;RBX1;RHOA;ROR1;ROR2;RSPO2;RSPO4;RUVBL1;RYK;SCRIB;SEM1;SFRP1;SKP1;SMARCA4;SMURF1;SNX3;SOX3;SOX6;SOX9;TCF7;TCF7L1;TCF7L2;TLE2;TLE3;TLE4;TMED5;TNKS2;TNRC6B;TRRAP;UBA52;UBB;UBC;USP34;USP8;VANGL2;VPS26A;VPS29;VPS35;WDR5;WLS;WNT5B;WNT7A;WNT7B;XIAP;XPO1;YWHAZ;ZNRF3;ZRANB1,181,PSMC3;ADRM1;CAMK2A;PSMD7;PSMB2;PSMB6;PSMA4;PSMA1;USP8;PSMB5;PRKCA;CTNNB1;ROR2;CTBP1;WDR5;CLTC;SMURF1;PLCB1;PPP3CA;SFRP1;FZD5;FZD1;FZD8;ROR1;FZD2;WNT5B;PRKCG;FZD7;HECW1;RAC3;KLHL12;RSPO4;NFATC1;FZD6;PSMD2;SNX3;PSMD8;ARRB2;TLE2;CXXC4;RBBP5;AP2A1;CTBP2;CTNNBIP1;PSMB3;PSMB7;FZD3;CSNK1G2;PSMC4;RYK;AGO1;PSMD3;PLCB3;PPP2CB;GNB2;GSK3B;TCF7;ITPR1;PIP5K1B;UBA52;PSMC1;PSMC5;PSMD13;PSMB4;SOX6;CLTA;CCDC88C;BCL9L;MOV10;TLE4;EP300;RBX1;PYGO1;TMED5;ASH2L;GNG2;CUL1;VPS29;PSMD14;RUVBL1;BTRC;AP2A2;XIAP;XPO1;VPS35;LRP6;RHOA;USP34;PSMD1;GNB1;VANGL2;CSNK1A1;GNG7;AGO3;TNKS2;SMARCA4;GNG3;TCF7L1;CAV1;FRAT1;CLTB;MEN1;PPP2R5D;TLE3;PPP2R5B;UBC;CSNK1E;PYGO2;PFN1;BCL9;SCRIB;KAT5;PPP2R1A;LGR4;AKT1;PSMD12;PSMA7;HDAC1;AP2S1;PSMA5;PPP3CB;PSMD6;KMT2B;TRRAP;SKP1;PRKG1;ZRANB1;TCF7L2;TNRC6B;CALM1;CREBBP;AXIN2;VPS26A;ITPR2;AGO2;PPP2R5A;WLS;PPP2R1B;RAC1;PDE6B;PSMC6;DPY30;AP2B1;RSPO2;GNG12;PLCB2;SOX3;UBB;CBY1;FRAT2;GNAO1;GNB4;ZNRF3;GNB5;CUL3;DVL3;PSMD11;PORCN;FZD4;LRP5;CDC73;SOX9;DVL1;AMER1;AP2M1;LEO1;CSNK2A2;KRAS;PSMA3;AXIN1;PSMB1;AKT2;CSNK2A1;CHD8;SEM1;PRICKLE1;YWHAZ;DAAM1;PSMC2;WNT7A;WNT7B,50,CAMK2A;PSMD7;PSMB2;CTNNB1;ROR2;CLTC;SMURF1;RSPO4;NFATC1;FZD6;PSMD2;ARRB2;AP2A1;CTNNBIP1;PSMB7;CSNK1G2;RYK;AGO1;PLCB3;ITPR1;PSMD13;TLE4;EP300;TMED5;ASH2L;XPO1;GNG7;GNG3;TCF7L1;CLTB;PPP2R5D;PPP2R5B;PYGO2;KAT5;PPP2R1A;PSMD12;AP2S1;PSMA5;ZRANB1;CREBBP;ITPR2;RSPO2;PLCB2;GNAO1;PORCN;SOX9;AP2M1;LEO1;SEM1;YWHAZ,17,2
405,Metabolism of cofactors,R3_recurrent_directional,4,Astro;Micro;OPC;Oligo,3,0,0,Astro,-1.2720967137996912,-1.464203099818361,0.5106574321568337,0.1167196708061259,0.5106574321568337,-0.9239983493351248,-1.3786754125375982,0.9702114777624976,1.2720967137996912,6,COQ4;COQ5;HSP90AA1;PDSS1;PTS;STARD7,20,ACO1;AKT1;CALM1;COQ2;COQ3;COQ4;COQ5;COQ6;COQ7;COQ8B;DHFR;GCH1;HSP90AA1;IDH1;PDSS1;PDSS2;PRKG2;PTS;SPR;STARD7,20,IDH1;HSP90AA1;GCH1;PTS;STARD7;COQ4;PDSS1;AKT1;ACO1;COQ5;CALM1;COQ2;PRKG2;COQ6;DHFR;COQ7;PDSS2;COQ8B;COQ3;SPR,6,HSP90AA1;PTS;STARD7;COQ4;PDSS1;COQ5,143,1
407,Positive epigenetic regulation of rRNA expression,R3_recurrent_directional,4,Astro;Micro;OPC;Oligo,3,0,0,Astro,-1.1189724038347293,-1.158729821559633,0.7067716113776354,0.3916194554935153,0.7067716113776354,-1.092980360838777,0.0227728774895359,0.967795972086926,1.1189724038347293,12,CHD3;CHD4;DEK;EP300;MTA2;MTA3;MYBBP1A;MYO1C;POLR1D;SF3B1;TAF1B;TAF1C,39,ACTB;BAZ1B;CBX3;CHD3;CHD4;DDX21;DEK;EHMT2;EP300;ERCC6;GATAD2A;GATAD2B;HDAC1;HDAC2;KAT2A;MBD3;MTA1;MTA2;MTA3;MYBBP1A;MYO1C;POLR1A;POLR1B;POLR1D;POLR2E;POLR2F;POLR2H;POLR2K;POLR2L;RBBP4;RBBP7;SF3B1;SMARCA5;TAF1A;TAF1B;TAF1C;TAF1D;TBP;TTF1,39,CBX3;POLR2F;EHMT2;CHD3;POLR1D;POLR2H;DEK;POLR1A;POLR1B;MYBBP1A;MYO1C;CHD4;EP300;POLR2L;GATAD2A;SF3B1;TAF1D;RBBP4;KAT2A;TAF1B;TAF1C;HDAC1;MTA1;ERCC6;MBD3;MTA3;DDX21;GATAD2B;BAZ1B;TTF1;ACTB;TAF1A;MTA2;POLR2E;POLR2K;RBBP7;SMARCA5;TBP;HDAC2,12,CHD3;POLR1D;DEK;MYBBP1A;MYO1C;CHD4;EP300;SF3B1;TAF1B;TAF1C;MTA3;MTA2,367,2
408,p75NTR signals via NF-kB,R3_recurrent_directional,4,Astro;Micro;OPC;Oligo,3,0,0,Oligo,1.3880585915639718,1.5642965963869484,0.5843085276376265,0.1419867800064535,0.5843085276376265,1.1255048280799136,0.873952684990436,0.9669494412098012,1.3880585915639718,5,IKBKB;NFKB1;NFKBIA;RELA;TRAF6,12,IKBKB;MYD88;NFKB1;NFKBIA;NGFR;PRKCI;RELA;RIPK2;SQSTM1;TRAF6;UBB;UBC,12,RELA;TRAF6;IKBKB;UBC;NFKBIA;NFKB1;MYD88;RIPK2;PRKCI;UBB;SQSTM1;NGFR,5,RELA;TRAF6;IKBKB;NFKBIA;NFKB1,1163,2
410,Glycogen breakdown (glycogenolysis),R3_recurrent_directional,4,Astro;Micro;OPC;Oligo,3,0,0,Oligo,-1.4622340998969765,-1.1486772926285065,0.6830595169231751,0.5013621636603853,0.6830595169231751,-1.0266109235115803,-1.0370184597532734,0.9665834441508818,1.1486772926285065,7,AKR1E2;CALM1;GYG1;PHKA1;PHKA2;PHKG1;PHKG2,15,AGL;AKR1E2;CALM1;GAA;GYG1;GYG2;PGM1;PHKA1;PHKA2;PHKB;PHKG1;PHKG2;PYGB;PYGL;PYGM,15,GAA;PGM1;PYGB;PHKG2;PHKG1;AKR1E2;AGL;CALM1;PHKB;GYG1;PYGL;PYGM;PHKA1;PHKA2;GYG2,7,PHKG2;PHKG1;AKR1E2;CALM1;GYG1;PHKA1;PHKA2,37,1
413,RHOF GTPase cycle,R3_recurrent_directional,4,Astro;Micro;OPC;Oligo,3,0,0,OPC,1.3025062689029578,1.2254706774324478,0.6499099116581759,0.5346152121606024,0.6499099116581759,1.3921548940553907,0.9626852739601548,0.9626852739601548,1.2254706774324478,16,ACTN1;ARHGAP12;ARHGAP21;ARHGAP32;ARHGAP39;ARHGAP5;CAV1;DIAPH1;MYO9B;SNAP23;SOWAHC;STEAP3;TMPO;TOR1AIP1;VAMP3;VANGL1,36,ACTN1;ADD3;AKAP12;ARHGAP1;ARHGAP12;ARHGAP21;ARHGAP32;ARHGAP39;ARHGAP5;BAIAP2L1;BAIAP2L2;BASP1;CAPZB;CAV1;DEPDC1B;DIAPH1;DIAPH2;DIAPH3;ESYT1;FAM169A;FARP1;LMNB1;MCAM;MYO9B;PIK3R1;RAB7A;RHOF;SLC4A7;SNAP23;SOWAHC;SRGAP2;STEAP3;TMPO;TOR1AIP1;VAMP3;VANGL1,36,SNAP23;PIK3R1;VAMP3;RAB7A;TMPO;TOR1AIP1;ACTN1;ARHGAP39;ARHGAP5;FARP1;DIAPH2;SOWAHC;ESYT1;DIAPH1;STEAP3;BAIAP2L2;ARHGAP32;ARHGAP21;SLC4A7;CAV1;LMNB1;MYO9B;BASP1;ARHGAP12;FAM169A;RHOF;DEPDC1B;AKAP12;MCAM;VANGL1;BAIAP2L1;DIAPH3;SRGAP2;ADD3;CAPZB;ARHGAP1,16,SNAP23;VAMP3;TMPO;TOR1AIP1;ACTN1;ARHGAP39;ARHGAP5;SOWAHC;DIAPH1;STEAP3;ARHGAP32;ARHGAP21;CAV1;MYO9B;ARHGAP12;VANGL1,71,1
415,Interleukin-7 signaling,R3_recurrent_directional,4,Astro;Micro;OPC;Oligo,3,0,0,Oligo,1.4213515928974372,1.335998695750786,0.6069251187969731,0.2991665230501938,0.6069251187969731,1.3153984683826845,0.962058403631594,0.962058403631594,1.335998695750786,3,HGF;IRS1;IRS2,13,BRWD1;HGF;IL7;IRS1;IRS2;JAK3;PIK3R1;PIK3R3;SMARCA4;SOCS2;STAT3;STAT5A;STAT5B,13,PIK3R1;STAT3;HGF;IRS1;IRS2;BRWD1;SMARCA4;JAK3;STAT5B;IL7;PIK3R3;STAT5A;SOCS2,3,HGF;IRS1;IRS2,279,1
420,Detoxification of Reactive Oxygen Species,R3_recurrent_directional,4,Astro;Micro;OPC;Oligo,3,0,0,OPC,-1.388283560365885,-1.2697238362969332,0.3172483149875376,0.480253404346256,0.480253404346256,-0.955185411578704,-1.511269254176271,0.955185411578704,1.2697238362969332,10,CAT;CCS;CYCS;GPX3;GSR;NCF4;NUDT2;PRDX5;SOD1;TXNRD2,23,ATOX1;CAT;CCS;CYCS;ERO1A;GPX3;GPX7;GSR;GSTP1;NCF2;NCF4;NOX4;NUDT2;P4HB;PRDX1;PRDX3;PRDX5;PRDX6;SOD1;TXN;TXN2;TXNRD1;TXNRD2,23,GSTP1;PRDX5;CAT;TXN;GSR;P4HB;TXNRD2;PRDX1;CCS;TXN2;ATOX1;CYCS;NUDT2;TXNRD1;GPX7;NCF2;PRDX6;PRDX3;ERO1A;SOD1;NOX4;GPX3;NCF4,10,PRDX5;CAT;GSR;TXNRD2;CCS;CYCS;NUDT2;SOD1;GPX3;NCF4,74,1
421,DAP12 signaling,R3_recurrent_directional,4,Astro;Micro;OPC;Oligo,3,0,0,Oligo,1.2225518662268142,1.0339028142002862,0.6866518720874687,0.6202139876869412,0.6866518720874687,1.2227904110922636,0.9799971110523076,0.9548653386228486,1.0339028142002862,5,KLRD1;PIK3CA;PLCG2;SOS1;SYK,18,B2M;BTK;FYN;HLA-E;HRAS;KLRD1;KRAS;LCP2;PIK3CA;PLCG1;PLCG2;RAC1;SOS1;SYK;TREM2;TYROBP;VAV2;VAV3,18,HLA-E;B2M;KLRD1;PIK3CA;SOS1;HRAS;SYK;VAV2;RAC1;BTK;FYN;VAV3;KRAS;TREM2;PLCG2;PLCG1;LCP2;TYROBP,5,KLRD1;PIK3CA;SOS1;SYK;PLCG2,333,1
422,Transcriptional regulation by RUNX1,R3_recurrent_directional,4,Astro;Micro;OPC;Oligo,3,0,0,OPC,1.0625491586762923,1.4250725351695577,0.8527038552893026,0.3390492017063337,0.8527038552893026,-0.7738180314496967,0.0445431916687647,0.9533263623409894,1.0625491586762923,45,ARID1A;ARID2;ASH2L;AUTS2;AXIN1;CBX6;CDK6;CR1;CSNK2A2;ITGA2B;KCTD6;KMT2B;LDB1;LIFR;MNAT1;MOV10;NFATC2;PSMA4;PSMA5;PSMB2;PSMB3;PSMB4;PSMB7;PSMC1;PSMC3;PSMC5;PSMD13;PSMD2;PSMD7;PTPN11;RBBP5;RING1;RPS27A;RUNX1;RUNX2;RYBP;SEM1;SIN3B;SMARCB1;SMARCD1;SOCS4;UBA52;YAF2;YAP1;ZFPM1,124,ABL1;ACTL6A;ADRM1;AGO1;AGO2;AGO3;AGO4;ARID1A;ARID1B;ARID2;ASH2L;AUTS2;AXIN1;BMI1;CBFB;CBX6;CCND1;CCND3;CCNH;CDK6;CDK7;CR1;CREBBP;CSNK2A2;CTSK;CTSL;CTSV;DPY30;ELF1;ELF2;EP300;ESR1;GPAM;HDAC1;HIPK2;ITCH;ITGA2B;KAT2B;KCTD6;KMT2A;KMT2B;KMT2C;KMT2D;LDB1;LIFR;LMO1;LMO2;MNAT1;MOV10;NFATC2;OCLN;PBRM1;PCGF5;PHC1;PHC2;PHC3;PML;PRKCB;PRKCQ;PRMT1;PRMT6;PSMA1;PSMA3;PSMA4;PSMA5;PSMA7;PSMB1;PSMB2;PSMB3;PSMB4;PSMB5;PSMB6;PSMB7;PSMC1;PSMC3;PSMC4;PSMC5;PSMC6;PSMD11;PSMD12;PSMD13;PSMD14;PSMD2;PSMD3;PSMD6;PSMD7;PSMD8;PTPN11;RBBP5;RING1;RNF2;RPS27A;RUNX1;RUNX2;RYBP;SCMH1;SEM1;SETD1A;SETD1B;SIN3A;SIN3B;SMARCA2;SMARCB1;SMARCC1;SMARCD1;SMARCD2;SMARCD3;SOCS3;SOCS4;SPI1;SRC;TAL1;TCF12;TCF3;TJP1;TNRC6A;TNRC6B;TNRC6C;UBA52;UBB;UBC;YAF2;YAP1;ZFPM1,124,PSMC3;ADRM1;PSMD7;PSMB2;TJP1;PTPN11;PSMB6;PSMA4;PSMA1;PSMB5;ITCH;MNAT1;PBRM1;CR1;ITGA2B;ABL1;KMT2D;PSMD2;PSMD8;BMI1;CCNH;SOCS4;RBBP5;PSMB3;ARID2;PSMB7;SIN3B;PSMC4;ELF2;AGO1;PSMD3;SIN3A;SMARCB1;PHC3;ELF1;YAP1;UBA52;PSMC1;PSMC5;RPS27A;PSMD13;NFATC2;PSMB4;PRKCQ;ACTL6A;MOV10;LMO1;EP300;KCTD6;RUNX1;ASH2L;AUTS2;GPAM;ZFPM1;RYBP;SETD1B;PRKCB;PSMD14;SMARCD3;PML;SMARCA2;YAF2;PRMT1;SMARCD2;TCF12;KMT2C;AGO3;RUNX2;LIFR;UBC;LDB1;LMO2;SRC;CCND3;SMARCD1;ESR1;PSMD12;PSMA7;CDK6;CTSK;HDAC1;CTSL;PSMA5;PSMD6;KMT2B;CDK7;KAT2B;TNRC6B;SMARCC1;CREBBP;SCMH1;AGO2;TNRC6C;ARID1B;CBX6;RNF2;KMT2A;PSMC6;DPY30;PHC1;CTSV;SOCS3;UBB;CCND1;SETD1A;RING1;PSMD11;CBFB;TAL1;OCLN;CSNK2A2;TNRC6A;PSMA3;AXIN1;PSMB1;PCGF5;SEM1;SPI1;TCF3;PRMT6;HIPK2;PHC2;ARID1A;AGO4,45,PSMC3;PSMD7;PSMB2;PTPN11;PSMA4;MNAT1;CR1;ITGA2B;PSMD2;SOCS4;RBBP5;PSMB3;ARID2;PSMB7;SIN3B;SMARCB1;YAP1;UBA52;PSMC1;PSMC5;RPS27A;PSMD13;NFATC2;PSMB4;MOV10;KCTD6;RUNX1;ASH2L;AUTS2;ZFPM1;RYBP;YAF2;RUNX2;LIFR;LDB1;SMARCD1;CDK6;PSMA5;KMT2B;CBX6;RING1;CSNK2A2;AXIN1;SEM1;ARID1A,17,1
423,Plasma lipoprotein clearance,R3_recurrent_directional,4,Astro;Micro;OPC;Oligo,3,0,0,OPC,-1.6915261243997004,-1.4140931468254223,0.1110105924772758,0.3392042410603221,0.3392042410603221,-0.8814611760619346,-1.1947373652643702,0.952374836284216,1.4140931468254223,15,AP2A1;AP2A2;APOC1;CLTA;CLTC;LDLR;LIPA;LIPC;NCEH1;NPC1;RPS27A;SCARB1;SOAT1;UBA52;VLDLR,27,AP2A1;AP2A2;AP2B1;AP2M1;AP2S1;APOC1;APOE;CLTA;CLTC;CUBN;HDLBP;LDLR;LIPA;LIPC;LSR;MYLIP;NCEH1;NPC1;NR1H2;NR1H3;RPS27A;SCARB1;SOAT1;UBA52;UBB;UBC;VLDLR,27,HDLBP;CLTC;APOE;APOC1;NR1H2;AP2A1;SOAT1;LIPA;VLDLR;UBA52;RPS27A;CLTA;CUBN;AP2A2;UBC;NR1H3;AP2S1;NPC1;NCEH1;AP2B1;LIPC;LDLR;UBB;SCARB1;AP2M1;MYLIP;LSR,15,CLTC;APOC1;AP2A1;SOAT1;LIPA;VLDLR;UBA52;RPS27A;CLTA;AP2A2;NPC1;NCEH1;LIPC;LDLR;SCARB1,322,1
424,Base Excision Repair,R3_recurrent_directional,4,Astro;Micro;OPC;Oligo,3,0,0,OPC,-1.544287284091651,-0.9849190847809326,0.2150560130716355,0.7780195533821458,0.7780195533821458,-1.353982277797246,-0.7623452819510192,0.9514620150976144,1.0538754538617716,14,APEX1;LIG3;MBD4;MUTYH;NEIL1;OGG1;PARP1;PARP2;PNKP;POLE3;POLE4;RFC3;SMUG1;TERF2IP,39,ACD;APEX1;LIG1;LIG3;MBD4;MPG;MUTYH;NEIL1;NTHL1;OGG1;PARG;PARP1;PARP2;PNKP;POLB;POLD1;POLD3;POLD4;POLE;POLE2;POLE3;POLE4;POT1;RFC1;RFC2;RFC3;RFC4;RFC5;RPA1;RPA2;RPA3;SMUG1;TDG;TERF1;TERF2;TERF2IP;TINF2;UNG;XRCC1,39,RPA2;APEX1;TERF2IP;SMUG1;PNKP;MPG;ACD;POLE3;POLE4;PARP2;POLD3;RPA1;NTHL1;MBD4;LIG1;LIG3;TERF2;POLD4;RFC4;RFC3;NEIL1;POLE;OGG1;RFC1;POLE2;TINF2;XRCC1;PARG;POLB;TERF1;RPA3;RFC2;POLD1;TDG;PARP1;UNG;POT1;RFC5;MUTYH,14,APEX1;TERF2IP;SMUG1;PNKP;POLE3;POLE4;PARP2;MBD4;LIG3;RFC3;NEIL1;OGG1;PARP1;MUTYH,374,3
425,alpha-linolenic (omega3) and linoleic (omega6) acid metabolism,R3_recurrent_directional,4,Astro;Micro;OPC;Oligo,3,0,0,Oligo,-1.6076698002148115,-1.0331985879225758,0.6100040537278354,0.6571929785207187,0.6571929785207187,-1.5341807192281187,-0.0539041408339226,0.950496027417806,1.0331985879225758,10,ACAA1;ACOT8;ACOX1;ELOVL1;ELOVL2;ELOVL5;FADS1;FADS2;HSD17B4;SCP2,12,ABCD1;ACAA1;ACOT8;ACOX1;ACSL1;ELOVL1;ELOVL2;ELOVL5;FADS1;FADS2;HSD17B4;SCP2,12,ACAA1;SCP2;FADS2;ACOX1;FADS1;ELOVL2;ELOVL1;HSD17B4;ACOT8;ABCD1;ELOVL5;ACSL1,10,ACAA1;SCP2;FADS2;ACOX1;FADS1;ELOVL2;ELOVL1;HSD17B4;ACOT8;ELOVL5,95,2
427,EGR2 and SOX10-mediated initiation of Schwann cell myelination,R3_recurrent_directional,4,Astro;Micro;OPC;Oligo,3,0,0,OPC,0.9415793445703744,1.347105535216237,0.8757173252661266,0.4148900456810442,0.8757173252661266,1.010562267738655,1.3502090445379331,0.9497066384177434,1.0632906032121974,5,NAB1;NAB2;SOX10;WWTR1;YAP1,24,ADGRG6;ADGRV1;DAG1;DRP2;GJB1;HDAC2;HMGCR;LAMA2;LAMB1;LAMC1;MBP;MPZ;NAB1;NAB2;PMP22;POU3F2;SCD5;SMARCA4;SOX10;SREBF2;TEAD1;UTRN;WWTR1;YAP1,24,NAB2;MPZ;WWTR1;LAMB1;UTRN;DAG1;NAB1;YAP1;SREBF2;POU3F2;TEAD1;PMP22;SMARCA4;ADGRV1;HMGCR;SOX10;MBP;SCD5;LAMC1;HDAC2;GJB1;LAMA2;ADGRG6;DRP2,5,NAB2;WWTR1;NAB1;YAP1;SOX10,806,1
428,Transcriptional regulation of brown and beige adipocyte differentiation,R3_recurrent_directional,4,Astro;Micro;OPC;Oligo,3,0,0,Oligo,1.0248642158001762,1.8512812080435288,0.8260653957177673,0.049822130859552,0.8260653957177673,1.0032895431082849,1.4277115409496992,0.9468711856772912,1.0618803615651886,9,DIO2;HNRNPU;NCOA1;PPARA;PRDM16;RBBP4;RBBP7;SMAD1;SMAD4,24,BMP7;CHD3;CHD4;DIO2;GATAD2A;HDAC1;HDAC2;HNRNPU;MBD3;MTA1;MTA2;MTA3;NCOA1;PPARA;PPARG;PPARGC1A;PPARGC1B;PRDM16;RBBP4;RBBP7;RXRA;SMAD1;SMAD4;ZNF423,24,BMP7;CHD3;RXRA;HNRNPU;NCOA1;CHD4;GATAD2A;PPARG;RBBP4;SMAD1;DIO2;PRDM16;PPARA;HDAC1;MTA1;MBD3;MTA3;MTA2;RBBP7;SMAD4;ZNF423;HDAC2;PPARGC1A;PPARGC1B,9,HNRNPU;NCOA1;RBBP4;SMAD1;DIO2;PRDM16;PPARA;RBBP7;SMAD4,1059,3
430,Negative regulation of MAPK pathway,R3_recurrent_directional,4,Astro;Micro;OPC;Oligo,3,0,0,OPC,-1.4323866167164374,-1.5453701900343149,0.2904970676241297,0.2225091974068825,0.2904970676241297,-1.0400111100757985,-1.438453933251365,0.946632141269582,1.4323866167164374,12,DUSP10;DUSP8;HRAS;MAP2K1;MAPK3;PAQR3;PEBP1;PPP2R1A;PPP2R5B;PTPN7;UBA52;YWHAB,35,ARAF;BRAF;BRAP;DUSP1;DUSP10;DUSP16;DUSP4;DUSP6;DUSP8;DUSP9;HRAS;KRAS;KSR1;MAP2K1;MAP2K2;MAPK1;MAPK12;MAPK3;MARK3;PAQR3;PEBP1;PPP2CB;PPP2R1A;PPP2R5A;PPP2R5B;PPP2R5C;PPP2R5D;PPP2R5E;PPP5C;PTPN7;RPS27A;UBA52;UBB;UBC;YWHAB,35,MAPK12;MARK3;DUSP10;PEBP1;HRAS;PPP2CB;MAPK1;BRAP;UBA52;RPS27A;DUSP6;MAPK3;YWHAB;PPP5C;BRAF;PPP2R5C;DUSP8;PTPN7;DUSP1;PPP2R5D;PPP2R5B;PAQR3;UBC;PPP2R1A;MAP2K1;DUSP16;MAP2K2;PPP2R5A;UBB;ARAF;KSR1;KRAS;PPP2R5E;DUSP9;DUSP4,12,DUSP10;PEBP1;HRAS;UBA52;MAPK3;YWHAB;DUSP8;PTPN7;PPP2R5B;PAQR3;PPP2R1A;MAP2K1,709,1
431,SARS-CoV-1 activates/modulates innate immune responses,R3_recurrent_directional,4,Astro;Micro;OPC;Oligo,3,0,0,Astro,-1.147879020067379,-1.2579127540648465,0.6681013357165811,0.2780763460632607,0.6681013357165811,-0.970036783121836,-0.1434768262169542,0.9459530488496326,1.147879020067379,16,IFIH1;IFIT1;IFIT3;IRAK2;IRF3;KPNA2;KPNB1;NLRP3;PCBP2;PPIA;PPIH;RELA;RPS27A;TKFC;TRAF6;UBA52,35,BST2;IFIH1;IFIT1;IFIT2;IFIT3;IKBKE;IRAK2;IRF3;ITCH;KPNA2;KPNB1;MAVS;NFKB1;NFKBIA;NLRP3;NMI;PCBP2;PPIA;PPIB;PPIG;PPIH;PYCARD;RCAN3;RELA;RPS27A;RUNX1;TBK1;TKFC;TOMM70;TRAF3;TRAF6;TRIM25;UBA52;UBB;UBC,35,PPIH;KPNB1;ITCH;IFIH1;TBK1;RELA;PPIA;TKFC;TRAF6;IFIT1;UBA52;NMI;RPS27A;KPNA2;RUNX1;IRF3;TRAF3;TRIM25;PPIG;IFIT3;IFIT2;IRAK2;UBC;NFKBIA;NFKB1;PPIB;RCAN3;NLRP3;UBB;BST2;PYCARD;TOMM70;PCBP2;MAVS;IKBKE,16,PPIH;KPNB1;IFIH1;RELA;PPIA;TKFC;TRAF6;IFIT1;UBA52;RPS27A;KPNA2;IRF3;IFIT3;IRAK2;NLRP3;PCBP2,24,2
432,Defective B3GALTL causes PpS,R3_recurrent_directional,4,Astro;Micro;OPC;Oligo,3,0,0,Oligo,1.1094754651866985,1.0242801873999998,0.7498922625102437,0.6316127360702698,0.7498922625102437,0.9064823578043968,0.9456794334080516,0.9456794334080516,1.100789756035796,8,ADAMTS1;ADAMTS2;ADAMTS7;ADAMTS8;ADAMTS9;ADAMTSL3;B3GLCT;THSD4,31,ADAMTS1;ADAMTS10;ADAMTS12;ADAMTS13;ADAMTS14;ADAMTS16;ADAMTS17;ADAMTS18;ADAMTS19;ADAMTS2;ADAMTS3;ADAMTS4;ADAMTS5;ADAMTS6;ADAMTS7;ADAMTS8;ADAMTS9;ADAMTSL1;ADAMTSL2;ADAMTSL3;ADAMTSL5;B3GLCT;CFP;SEMA5A;SEMA5B;SPON1;THBS2;THSD1;THSD4;THSD7A;THSD7B,31,THSD7A;SPON1;ADAMTSL1;ADAMTS6;ADAMTSL3;ADAMTS4;ADAMTS2;THSD4;ADAMTS13;ADAMTS7;ADAMTS1;THSD7B;ADAMTS14;ADAMTS9;ADAMTS19;ADAMTS17;ADAMTS3;B3GLCT;SEMA5A;ADAMTS18;ADAMTS16;ADAMTS8;ADAMTS10;SEMA5B;ADAMTS12;ADAMTS5;THSD1;THBS2;ADAMTSL2;ADAMTSL5;CFP,8,ADAMTSL3;ADAMTS2;THSD4;ADAMTS7;ADAMTS1;ADAMTS9;B3GLCT;ADAMTS8,588,2
433,Arachidonate metabolism,R3_recurrent_directional,4,Astro;Micro;OPC;Oligo,3,0,0,Astro,-1.2626911961533982,-1.244166781775868,0.5136902237672061,0.2935152710481551,0.5136902237672061,-1.190465125702993,-0.6105636718953724,0.9454052828148978,1.244166781775868,10,AKR1C3;CBR1;CYP2J2;EPHX2;FAAH;FAAH2;PON1;PON3;PTGES2;TBXAS1,31,ABCC1;AKR1C3;ALOX12;ALOX15B;ALOX5;CBR1;CYP1B1;CYP2J2;CYP2U1;CYP4F3;DPEP2;EPHX2;FAAH;FAAH2;GGT1;GGT5;GPX4;HPGDS;LTA4H;LTC4S;MAPKAPK2;PON1;PON2;PON3;PTGDS;PTGES2;PTGES3;PTGR1;PTGS1;SLC27A1;TBXAS1,31,PTGES2;TBXAS1;PON1;AKR1C3;FAAH2;PTGES3;GPX4;MAPKAPK2;PON3;GGT1;ABCC1;ALOX5;PON2;CYP2J2;PTGR1;CYP2U1;ALOX15B;CYP4F3;CBR1;PTGS1;FAAH;LTC4S;EPHX2;HPGDS;LTA4H;SLC27A1;ALOX12;GGT5;DPEP2;PTGDS;CYP1B1,10,PTGES2;TBXAS1;PON1;AKR1C3;FAAH2;PON3;CYP2J2;CBR1;FAAH;EPHX2,20,1
439,Carboxyterminal post-translational modifications of tubulin,R3_recurrent_directional,4,Astro;Micro;OPC;Oligo,3,0,0,OPC,-1.4520209451718402,-1.605997626395531,0.2748223246742201,0.1775049650588927,0.2748223246742201,-0.9438010175533595,-1.76246566742469,0.9438010175533595,1.4520209451718402,10,TTL;TTLL1;TTLL3;TTLL4;TTLL6;TUBA1B;TUBB2A;TUBB2B;TUBB4A;TUBB4B,27,AGBL1;AGBL2;AGBL3;AGBL4;LRRC49;SVBP;TPGS1;TPGS2;TTL;TTLL1;TTLL12;TTLL3;TTLL4;TTLL6;TTLL7;TUBA1A;TUBA1B;TUBA1C;TUBA4A;TUBA8;TUBB2A;TUBB2B;TUBB4A;TUBB4B;TUBB8;VASH1;VASH2,27,SVBP;TTLL4;TUBA1C;TUBB4A;TTLL3;TUBB2A;TUBA1B;TTLL1;TTLL12;LRRC49;TTLL6;TUBB4B;TUBB2B;VASH2;TPGS1;TTL;AGBL3;TUBB8;AGBL1;TTLL7;TUBA1A;AGBL4;VASH1;TUBA8;TPGS2;TUBA4A;AGBL2,10,TTLL4;TUBB4A;TTLL3;TUBB2A;TUBA1B;TTLL1;TTLL6;TUBB4B;TUBB2B;TTL,716,1
441,Signaling by CSF3 (G-CSF),R3_recurrent_directional,4,Astro;Micro;OPC;Oligo,3,0,0,OPC,-0.9269881455076844,-1.1664186143545934,0.7864677294729882,0.5924236176196513,0.7864677294729882,-0.9433661676602936,-1.3136422908370422,0.9433661676602936,1.0997048691690818,7,CSF3R;GAB2;JAK2;LYN;PTPN11;SOCS3;STAT1,24,CSF3R;ELOB;ELOC;GAB2;GRB2;JAK1;JAK2;KRAS;LYN;PTPN11;RPS27A;SOCS3;STAT1;STAT3;STAT5A;STAT5B;SYK;TYK2;UBA52;UBB;UBC;UBE2D1;UBE2D2;UBE2D3,24,PTPN11;STAT3;STAT1;SYK;UBA52;RPS27A;UBE2D1;JAK2;UBE2D3;UBC;GRB2;GAB2;STAT5B;UBE2D2;SOCS3;CSF3R;UBB;LYN;TYK2;STAT5A;KRAS;JAK1;ELOB;ELOC,7,PTPN11;STAT1;JAK2;GAB2;SOCS3;CSF3R;LYN,115,2
444,Elastic fibre formation,R3_recurrent_directional,4,Astro;Micro;OPC;Oligo,3,0,0,Micro,1.4237861569664505,1.6586493480530626,0.5484183588357722,0.0732386503445133,0.5484183588357722,0.94150169895574,1.3998024564971436,0.94150169895574,1.4237861569664505,8,BMP2;EFEMP1;ITGA5;ITGAV;ITGB1;ITGB8;LTBP2;TGFB2,29,BMP2;BMP7;EFEMP1;EFEMP2;ELN;EMILIN1;EMILIN2;FBLN1;FBLN2;FBLN5;FBN1;FBN2;FN1;FURIN;ITGA5;ITGA8;ITGAV;ITGB1;ITGB5;ITGB8;LOXL1;LOXL3;LTBP1;LTBP2;LTBP3;MFAP3;TGFB1;TGFB2;TGFB3,29,FN1;ITGAV;LOXL3;ITGB5;BMP7;TGFB2;ITGB8;LTBP1;EFEMP2;ITGB1;LTBP2;FBLN2;EFEMP1;FBN2;ITGA8;EMILIN2;TGFB3;LTBP3;MFAP3;BMP2;FBN1;FBLN5;ITGA5;TGFB1;ELN;FURIN;EMILIN1;FBLN1;LOXL1,8,ITGAV;TGFB2;ITGB8;ITGB1;LTBP2;EFEMP1;BMP2;ITGA5,732,1
448,Diseases associated with glycosylation precursor biosynthesis,R3_recurrent_directional,4,Astro;Micro;OPC;Oligo,3,0,0,OPC,-1.2776528868620605,-0.949844969908138,0.4069820092787795,0.8149794991532422,0.8149794991532422,-0.9442092632338496,-1.0509948206852509,0.938505809260759,0.9763497546009036,8,DHDDS;DOLK;DPM2;GALT;MPI;NUS1;PGM1;SRD5A3,13,DHDDS;DOLK;DPM2;DPM3;GALE;GALK1;GALT;GFPT1;GNE;MPI;NUS1;PGM1;SRD5A3,13,PGM1;GALE;SRD5A3;DPM2;DOLK;MPI;GALK1;GALT;NUS1;DHDDS;GFPT1;GNE;DPM3,8,PGM1;SRD5A3;DPM2;DOLK;MPI;GALT;NUS1;DHDDS,166,1
450,Deadenylation-dependent mRNA decay,R3_recurrent_directional,4,Astro;Micro;OPC;Oligo,3,0,0,Oligo,1.3733111817153425,0.9377035857575796,0.561902731281326,0.750826880999423,0.750826880999423,1.0002628725247713,-0.0195670747260464,0.937103155884402,1.0092772434732822,22,CNOT10;CNOT11;CNOT4;CNOT6L;CNOT8;DCPS;DDX6;EDC3;EIF4B;EIF4E;EXOSC2;EXOSC5;EXOSC6;EXOSC8;LSM3;LSM4;NT5C3B;PABPC1;PAN2;PATL1;TNKS1BP1;XRN1,48,CNOT1;CNOT10;CNOT11;CNOT2;CNOT3;CNOT4;CNOT6L;CNOT7;CNOT8;CNOT9;DCP1A;DCP1B;DCP2;DCPS;DDX6;DIS3;EDC3;EIF4A2;EIF4A3;EIF4B;EIF4E;EIF4G1;EXOSC1;EXOSC2;EXOSC4;EXOSC5;EXOSC6;EXOSC7;EXOSC8;EXOSC9;HBS1L;LSM1;LSM2;LSM3;LSM4;LSM5;LSM6;LSM7;NT5C3B;PABPC1;PAIP1;PAN2;PAN3;PARN;PATL1;TNKS1BP1;TUT4;XRN1,48,LSM1;EIF4A3;PATL1;CNOT6L;PAN2;CNOT2;EXOSC1;DCP1B;EXOSC8;PABPC1;DDX6;TNKS1BP1;NT5C3B;CNOT10;LSM3;XRN1;EDC3;CNOT4;DIS3;HBS1L;PAN3;EIF4A2;LSM4;LSM5;EXOSC6;CNOT11;CNOT8;EIF4B;EXOSC9;CNOT1;CNOT3;PARN;EIF4G1;DCPS;DCP2;LSM2;PAIP1;EXOSC2;LSM7;EXOSC5;EXOSC4;LSM6;DCP1A;CNOT7;EXOSC7;TUT4;CNOT9;EIF4E,22,PATL1;CNOT6L;PAN2;EXOSC8;PABPC1;DDX6;TNKS1BP1;NT5C3B;CNOT10;LSM3;XRN1;EDC3;CNOT4;LSM4;EXOSC6;CNOT11;CNOT8;EIF4B;DCPS;EXOSC2;EXOSC5;EIF4E,245,3
451,N-glycan trimming in the ER and Calnexin/Calreticulin cycle,R3_recurrent_directional,4,Astro;Micro;OPC;Oligo,3,0,0,Astro,-1.1750329675374076,-1.613891527442682,0.633720850994235,0.0493927989467021,0.633720850994235,-1.2370870563922094,-0.936262128565989,0.936262128565989,1.1750329675374076,13,DERL2;EDEM2;GANAB;MAN1B1;MOGS;NGLY1;OS9;PSMC1;RPS27A;UBA52;UBC;UBXN1;VCP,32,AMFR;CALR;CANX;DERL1;DERL2;EDEM1;EDEM2;EDEM3;ENGASE;GANAB;MAN1B1;MLEC;MOGS;NGLY1;OS9;PDIA3;PRKCSH;PSMC1;RAD23B;RNF139;RNF185;RNF5;RPS27A;SEL1L;SYVN1;TRIM13;UBA52;UBB;UBC;UBXN1;UGGT1;VCP,32,VCP;ENGASE;PRKCSH;PDIA3;RNF5;MAN1B1;UBA52;PSMC1;RPS27A;MOGS;EDEM1;EDEM3;UBXN1;SEL1L;GANAB;TRIM13;SYVN1;UBC;CALR;MLEC;EDEM2;OS9;DERL1;RAD23B;DERL2;UBB;RNF139;CANX;AMFR;UGGT1;RNF185;NGLY1,13,VCP;MAN1B1;UBA52;PSMC1;RPS27A;MOGS;UBXN1;GANAB;UBC;EDEM2;OS9;DERL2;NGLY1,44,2
453,Nuclear RNA decay,R3_recurrent_directional,4,Astro;Micro;OPC;Oligo,3,0,0,Oligo,1.163496693893091,1.4450882812620474,0.7475298764672462,0.2107896264238309,0.7475298764672462,0.9355699892680478,0.1761476632361716,0.9355699892680478,1.163496693893091,15,EXOSC1;EXOSC2;EXOSC5;EXOSC6;EXOSC9;MTREX;PAPOLG;RBM26;TENT4B;WDR82;XRN2;YTHDC2;ZC3H18;ZC3H3;ZCCHC8,32,C1D;DIS3;DXO;EXOSC1;EXOSC10;EXOSC2;EXOSC4;EXOSC5;EXOSC6;EXOSC7;EXOSC8;EXOSC9;MPHOSPH6;MTREX;NCBP1;NCBP2;PABPN1;PAPOLG;RBM26;SRRT;TENT4A;TENT4B;WDR82;XRN2;YTHDC1;YTHDC2;ZC3H18;ZC3H3;ZC3H4;ZCCHC7;ZCCHC8;ZFC3H1,32,SRRT;NCBP2;NCBP1;ZCCHC8;YTHDC2;EXOSC1;WDR82;EXOSC8;ZC3H18;EXOSC10;RBM26;DIS3;PAPOLG;EXOSC6;DXO;MPHOSPH6;ZC3H4;EXOSC9;YTHDC1;ZCCHC7;ZFC3H1;EXOSC2;EXOSC5;EXOSC4;ZC3H3;XRN2;C1D;EXOSC7;TENT4A;TENT4B;MTREX;PABPN1,15,ZCCHC8;YTHDC2;EXOSC1;WDR82;ZC3H18;RBM26;PAPOLG;EXOSC6;EXOSC9;EXOSC2;EXOSC5;ZC3H3;XRN2;TENT4B;MTREX,242,1
455,TRAF6 mediated NF-kB activation,R3_recurrent_directional,4,Astro;Micro;OPC;Oligo,3,0,0,Oligo,1.4046415062252005,1.8809311297872904,0.5924490330756633,0.0431211835754688,0.5924490330756633,0.9336053957213052,1.3096626037983754,0.9336053957213052,1.4046415062252005,9,HMGB1;IFIH1;MAP3K1;NFKB1;NFKB2;NKIRAS1;RELA;TRAF2;TRAF6,21,APP;CHUK;HMGB1;IFIH1;IKBKB;IKBKG;MAP3K1;MAVS;NFKB1;NFKB2;NFKBIA;NFKBIB;NKIRAS1;NKIRAS2;RELA;RNF135;S100B;TRAF2;TRAF6;TRIM25;TRIM4,21,IKBKG;APP;IFIH1;S100B;RELA;TRAF6;TRAF2;MAP3K1;HMGB1;NFKB2;IKBKB;TRIM25;NKIRAS2;CHUK;NFKBIA;NFKB1;RNF135;TRIM4;NFKBIB;NKIRAS1;MAVS,9,IFIH1;RELA;TRAF6;TRAF2;MAP3K1;HMGB1;NFKB2;NFKB1;NKIRAS1,22,2
456,Kidney development,R3_recurrent_directional,4,Astro;Micro;OPC;Oligo,3,0,0,OPC,-1.0246981608309198,-1.367856521517053,0.6632766602772276,0.3596048468982579,0.6632766602772276,0.0210701286921556,-0.8809754280332912,0.9333828559887998,1.0246981608309198,9,CTNNB1;FGF2;GDNF;GFRA1;JAG1;PLAC8;SALL1;SLIT2;WFDC2,20,CTNNB1;EYA1;FGF2;GDNF;GFRA1;GREM1;ID4;ITGA8;ITGB1;JAG1;LFNG;MECOM;NPNT;PCDH19;PLAC8;RET;ROBO2;SALL1;SLIT2;WFDC2,20,CTNNB1;JAG1;ROBO2;WFDC2;NPNT;FGF2;SALL1;LFNG;ITGB1;ID4;GREM1;ITGA8;SLIT2;PLAC8;MECOM;GDNF;PCDH19;EYA1;RET;GFRA1,9,CTNNB1;JAG1;WFDC2;FGF2;SALL1;SLIT2;PLAC8;GDNF;GFRA1,311,1
459,MITF-M-dependent gene expression,R3_recurrent_directional,4,Astro;Micro;OPC;Oligo,3,0,0,Astro,-0.968772806194356,-1.3427394473370016,0.8092219526507956,0.2030067211027335,0.8092219526507956,-0.8539134397756087,0.0324539818401481,0.9316685543299784,0.9898546753005776,15,AGO1;ARID1A;ATP6V0D1;ATP6V0E2;ATP6V1D;ATP6V1F;CDC25B;CDH1;CEACAM1;GPR143;HINT1;MCM5;MOV10;PPARGC1A;TCF7L2,81,ACTB;ACTL6A;AGO1;AGO2;AGO3;AGO4;AKT2;ARID1A;ARID1B;ASAH1;ATP6AP2;ATP6V0A1;ATP6V0B;ATP6V0D1;ATP6V0E1;ATP6V0E2;ATP6V1A;ATP6V1B2;ATP6V1C1;ATP6V1D;ATP6V1E1;ATP6V1F;ATP6V1G1;ATP6V1H;BCL7A;BCL7B;BCL7C;BRCA1;CCND1;CDC25B;CDH1;CDH2;CDKN1A;CDKN2A;CEACAM1;CREB1;CTNNB1;DCT;DIAPH1;DICER1;DPF1;DPF3;EDIL3;GMPR;GPR143;GXYLT2;HDAC1;HINT1;ITGA2;LIG1;MAPK14;MCM5;MITF;MLPH;MOV10;MYO5A;MYRIP;PLK1;POU3F2;PPARGC1A;PXDN;PXN;RAB27A;SERPINE1;SIN3A;SMARCC1;SMARCD1;SMARCD2;SMARCD3;SOX10;SS18;STT3B;SYTL2;TCF7;TCF7L1;TCF7L2;TNRC6A;TNRC6B;TNRC6C;TRPM1;USF1,81,HINT1;GMPR;CTNNB1;ASAH1;ITGA2;EDIL3;CDH1;ATP6V1D;CREB1;AGO1;SIN3A;BCL7B;SYTL2;ATP6V1F;ATP6V0E2;TCF7;DIAPH1;ATP6V0D1;MYRIP;USF1;ACTL6A;MOV10;STT3B;POU3F2;LIG1;SS18;SMARCD3;ATP6V0E1;SMARCD2;AGO3;TCF7L1;DCT;CEACAM1;MCM5;SOX10;SMARCD1;MAPK14;ATP6V1E1;MYO5A;HDAC1;BRCA1;CDC25B;DPF3;RAB27A;ATP6V1A;ATP6AP2;TCF7L2;TNRC6B;SMARCC1;DICER1;AGO2;TNRC6C;ARID1B;BCL7A;MITF;GXYLT2;ACTB;MLPH;CDKN1A;GPR143;TRPM1;CCND1;PLK1;ATP6V0B;DPF1;PXN;ATP6V1H;BCL7C;TNRC6A;ATP6V1C1;CDH2;AKT2;ATP6V1B2;ATP6V1G1;PPARGC1A;ATP6V0A1;ARID1A;AGO4;CDKN2A;PXDN;SERPINE1,15,HINT1;CDH1;ATP6V1D;AGO1;ATP6V1F;ATP6V0E2;ATP6V0D1;MOV10;CEACAM1;MCM5;CDC25B;TCF7L2;GPR143;PPARGC1A;ARID1A,198,2
461,Protein localization,R3_recurrent_directional,4,Astro;Micro;OPC;Oligo,3,0,0,OPC,-1.2433775398620943,-0.9554836419929484,0.4437867170887039,0.8102370292807135,0.8102370292807135,-0.988034638310037,-1.3636164299394935,0.9304184353041468,1.0707160480047289,46,ABCD3;ACO2;ACOX1;ATAD1;ATP5F1B;ATP5MC1;BCS1L;CHCHD10;CHCHD2;CHCHD5;CHCHD7;CMC2;COA4;CS;DDO;DECR2;DHRS4;EMD;EPHX2;FIS1;GFER;GRPEL1;IDH1;IDH3G;LDHD;MTX2;NUDT7;PEX11B;PEX7;PIPOX;PITRM1;PMPCA;PXMP4;SAMM50;SLC25A12;SLC25A13;SLC25A4;TIMM10;TIMM13;TIMM17B;TIMM50;TOMM22;TOMM7;UBA52;UBL4A;VDAC1,118,ABCD1;ABCD3;ACAA1;ACBD5;ACO2;ACOT2;ACOT8;ACOX1;AGPS;ALDH3A2;APP;ATAD1;ATP5F1A;ATP5F1B;ATP5MC1;BAAT;BAG6;BCS1L;CAMLG;CAT;CHCHD10;CHCHD2;CHCHD3;CHCHD4;CHCHD5;CHCHD7;CMC2;COA4;COA6;COQ2;COX17;CRAT;CS;CYB5A;CYC1;DDO;DECR2;DHRS4;DNAJC19;ECH1;EHHADH;EMD;EPHX2;FIS1;GDAP1;GFER;GNPAT;GRPEL1;GRPEL2;GSTK1;HACL1;HMGCL;HMOX1;HSD17B4;HSPA9;HSPD1;IDE;IDH1;IDH3G;LDHD;MLYCD;MPV17;MTX1;MTX2;NUDT19;NUDT7;PAOX;PEX1;PEX10;PEX11B;PEX13;PEX14;PEX16;PEX26;PEX3;PEX7;PHYH;PIPOX;PITRM1;PMPCA;PMPCB;PRNP;PXMP4;RPS27A;SAMM50;SCP2;SEC61B;SEC61G;SERP1;SGTA;SLC25A12;SLC25A13;SLC25A4;STX1A;STX5;TIMM10;TIMM13;TIMM17A;TIMM17B;TIMM22;TIMM50;TIMM8A;TIMM8B;TIMM9;TOMM20;TOMM22;TOMM40;TOMM7;TOMM70;TYSND1;UBA52;UBB;UBC;UBE2D1;UBE2D2;UBE2D3;UBL4A;VDAC1,118,FIS1;ACAA1;IDH1;SEC61B;GSTK1;ECH1;PEX14;CAT;SGTA;CHCHD7;SCP2;APP;CRAT;DECR2;TOMM20;NUDT7;TIMM10;PEX11B;LDHD;IDH3G;PIPOX;PMPCB;PITRM1;TOMM7;TIMM17B;DDO;GDAP1;CS;CYB5A;SLC25A12;ACOX1;CHCHD4;SEC61G;IDE;ACBD5;BCS1L;TIMM13;UBA52;EMD;RPS27A;TIMM9;TOMM22;UBE2D1;PMPCA;CYC1;ALDH3A2;CHCHD5;CHCHD2;MTX2;TIMM8B;CMC2;PAOX;COA4;TIMM17A;ABCD3;PEX10;HACL1;ACO2;DHRS4;SERP1;MTX1;PEX13;PEX16;PXMP4;PEX1;UBE2D3;PEX3;GRPEL2;CHCHD10;STX1A;PHYH;UBC;COX17;PEX7;TIMM22;SAMM50;TYSND1;EHHADH;HSD17B4;UBL4A;HMGCL;MLYCD;DNAJC19;ACOT8;CAMLG;STX5;ABCD1;PRNP;COQ2;NUDT19;UBE2D2;MPV17;GNPAT;HSPD1;TIMM8A;SLC25A4;UBB;BAAT;GRPEL1;VDAC1;COA6;EPHX2;HSPA9;SLC25A13;ACOT2;BAG6;TIMM50;TOMM40;AGPS;PEX26;ATAD1;CHCHD3;ATP5F1B;ATP5MC1;ATP5F1A;TOMM70;GFER;HMOX1,46,FIS1;IDH1;CHCHD7;DECR2;NUDT7;TIMM10;PEX11B;LDHD;IDH3G;PIPOX;PITRM1;TOMM7;TIMM17B;DDO;CS;SLC25A12;ACOX1;BCS1L;TIMM13;UBA52;EMD;TOMM22;PMPCA;CHCHD5;CHCHD2;MTX2;CMC2;COA4;ABCD3;ACO2;DHRS4;PXMP4;CHCHD10;PEX7;SAMM50;UBL4A;SLC25A4;GRPEL1;VDAC1;EPHX2;SLC25A13;TIMM50;ATAD1;ATP5F1B;ATP5MC1;GFER,88,2
466,Processing of antigen in germinal center B cells,R3_recurrent_directional,4,Astro;Micro;OPC;Oligo,3,0,0,OPC,-1.3331199147654471,-1.9943063309902576,0.3675649269348406,0.0142592907963281,0.3675649269348406,-0.9262020971313032,-2.08687331605717,0.9262020971313032,1.3331199147654471,19,ACTR1A;CTSA;CTSV;DCTN1;DCTN2;DYNC1H1;DYNLL2;HLA-DMA;KIF22;KIF3A;KIF3C;KIF5A;OSBPL1A;SPTBN2;TUBA1A;TUBA1B;TUBA4A;TUBB4A;TUBB4B,60,ACTR10;ACTR1A;ACTR1B;CAPZA1;CAPZA2;CAPZB;CENPE;CTSA;CTSB;CTSL;CTSO;CTSV;DCTN1;DCTN2;DCTN3;DCTN4;DCTN5;DCTN6;DYNC1H1;DYNC1I1;DYNC1I2;DYNC1LI1;DYNC1LI2;DYNLL1;DYNLL2;HLA-DMA;HLA-DMB;HLA-DOA;HLA-DPA1;HLA-DPB1;HLA-DQA1;HLA-DRA;KIF11;KIF15;KIF22;KIF2A;KIF2C;KIF3A;KIF3B;KIF3C;KIF4A;KIF5A;KIF5B;KIF5C;KIFAP3;KLC1;KLC2;OSBPL1A;RACGAP1;RILP;SPTBN2;TUBA1A;TUBA1B;TUBA4A;TUBB2A;TUBB2B;TUBB4A;TUBB4B;TUBB6;TUBB8,60,DCTN6;KLC1;DYNC1LI1;RACGAP1;CTSB;HLA-DMA;DCTN3;CTSO;TUBB4A;KIF15;KIF22;TUBB2A;CTSA;TUBA1B;OSBPL1A;HLA-DPB1;DYNC1H1;KIF5B;CENPE;RILP;TUBB4B;KIF4A;DCTN2;KIF11;TUBB2B;ACTR1A;CTSL;KIF5C;KIF3C;KIF3B;KIF3A;DYNC1LI2;HLA-DRA;DCTN4;CAPZA1;DCTN5;CTSV;HLA-DQA1;TUBB8;SPTBN2;KIF2C;KIF5A;HLA-DMB;KLC2;TUBB6;DYNC1I1;TUBA1A;DYNLL2;DYNC1I2;ACTR1B;ACTR10;CAPZB;HLA-DOA;CAPZA2;KIF2A;DCTN1;DYNLL1;KIFAP3;TUBA4A;HLA-DPA1,19,HLA-DMA;TUBB4A;KIF22;CTSA;TUBA1B;OSBPL1A;DYNC1H1;TUBB4B;DCTN2;ACTR1A;KIF3C;KIF3A;CTSV;SPTBN2;KIF5A;TUBA1A;DYNLL2;DCTN1;TUBA4A,85,2
467,Miscellaneous transport and binding events,R3_recurrent_directional,4,Astro;Micro;OPC;Oligo,3,0,0,OPC,-1.1152865191890864,-1.4824688925001488,0.5740193241794197,0.2759815864873235,0.5740193241794197,-0.9980673108005738,-1.0181965342389363,0.926162044757042,1.1152865191890864,4,DMTN;NIPA2;NIPAL2;RHCG,18,ADD1;ADD2;ANKH;CTNS;DMTN;LRRC8A;LRRC8B;LRRC8D;MAGT1;MMGT1;NIPA1;NIPA2;NIPAL1;NIPAL2;NIPAL3;NIPAL4;RHCG;TUSC3,18,ADD2;NIPAL2;LRRC8B;DMTN;MMGT1;CTNS;LRRC8A;ADD1;MAGT1;LRRC8D;NIPA2;RHCG;NIPAL3;NIPAL4;NIPAL1;NIPA1;ANKH;TUSC3,4,NIPAL2;DMTN;NIPA2;RHCG,407,1
468,Termination of translesion DNA synthesis,R3_recurrent_directional,4,Astro;Micro;OPC;Oligo,3,0,0,OPC,-1.074586786411733,-1.091105302811696,0.618646913464342,0.6920260382830618,0.6920260382830618,0.0747914743553699,-0.9761308528637545,0.9261582008326223,1.074586786411733,18,ISG15;PCNA;POLD1;POLE;POLE2;POLE3;POLE4;REV1;RFC3;RFC4;RFC5;RPA1;RPA3;RPS27A;UBA52;UBA7;UBB;UBC,29,ISG15;PCLAF;PCNA;POLD1;POLD2;POLD3;POLD4;POLE;POLE2;POLE3;POLE4;POLI;POLK;REV1;RFC2;RFC3;RFC4;RFC5;RPA1;RPA3;RPS27A;TRIM25;UBA52;UBA7;UBB;UBC;UBE2L6;USP10;USP43,29,USP10;UBA7;POLE3;USP43;POLE4;UBA52;RPS27A;POLD3;UBE2L6;RPA1;REV1;POLK;TRIM25;ISG15;POLD4;RFC4;RFC3;UBC;POLE;POLE2;POLD2;RPA3;UBB;PCNA;RFC2;POLD1;POLI;RFC5;PCLAF,18,UBA7;POLE3;POLE4;UBA52;RPS27A;RPA1;REV1;ISG15;RFC4;RFC3;UBC;POLE;POLE2;RPA3;UBB;PCNA;POLD1;RFC5,281,3
470,Oncogene Induced Senescence,R3_recurrent_directional,4,Astro;Micro;OPC;Oligo,3,0,0,Astro,-1.3418917718620955,-1.3914329299887536,0.4837108703046205,0.1650051155895887,0.4837108703046205,-0.130408588604975,-0.7775385982018718,0.9237501267725334,1.3418917718620955,14,AGO1;CDK6;CDKN2C;CDKN2D;E2F1;E2F3;ID1;MAPK3;MOV10;RB1;TFDP1;TFDP2;UBA52;UBC,28,AGO1;AGO3;AGO4;CDK4;CDK6;CDKN2A;CDKN2C;CDKN2D;E2F1;E2F3;ETS1;ETS2;ID1;MAPK3;MDM2;MDM4;MOV10;RB1;RPS27A;SP1;TFDP1;TFDP2;TNRC6B;TNRC6C;TP53;UBA52;UBB;UBC,28,AGO1;UBA52;RPS27A;TFDP1;MAPK3;MOV10;MDM2;TFDP2;RB1;MDM4;AGO3;CDKN2C;E2F1;CDKN2D;UBC;CDK6;TNRC6B;TNRC6C;ID1;E2F3;UBB;ETS2;TP53;ETS1;CDK4;SP1;AGO4;CDKN2A,14,AGO1;UBA52;TFDP1;MAPK3;MOV10;TFDP2;RB1;CDKN2C;E2F1;CDKN2D;UBC;CDK6;ID1;E2F3,2212,1
474,Synthesis of PIPs at the plasma membrane,R3_recurrent_directional,4,Astro;Micro;OPC;Oligo,3,0,0,Astro,1.1140951020229128,0.9340002066408484,0.5634272235365407,0.8629715165258377,0.8629715165258377,0.9216882503029916,0.97872949812925,0.9197401657013458,0.93789637584414,10,INPP5D;MTMR2;MTMR8;PIK3CA;PIP5K1C;PLEKHA1;PLEKHA6;PLEKHA8;PTEN;RAB14,42,ARF1;INPP4A;INPP5D;INPP5J;INPPL1;MTM1;MTMR1;MTMR14;MTMR2;MTMR3;MTMR6;MTMR8;OCRL;PI4K2A;PI4K2B;PIK3C2B;PIK3CA;PIK3CD;PIK3R1;PIK3R5;PIK3R6;PIP4K2A;PIP4K2B;PIP4K2C;PIP5K1A;PIP5K1B;PIP5K1C;PLEKHA1;PLEKHA2;PLEKHA3;PLEKHA4;PLEKHA5;PLEKHA6;PLEKHA8;PTEN;PTPN13;RAB14;RAB4A;RAB5A;RUFY1;SYNJ1;SYNJ2,42,MTMR1;PIK3R1;RAB4A;PIP4K2B;PIK3CA;PLEKHA1;PIK3C2B;MTMR2;PLEKHA8;PTEN;PIK3CD;RAB14;PIP5K1B;INPP5D;PIP5K1A;PTPN13;PLEKHA5;INPPL1;MTMR6;PIP4K2C;PLEKHA6;MTM1;MTMR14;INPP4A;MTMR8;PIP5K1C;OCRL;PLEKHA3;MTMR3;PLEKHA4;SYNJ2;ARF1;PI4K2B;PLEKHA2;RAB5A;PI4K2A;RUFY1;PIP4K2A;SYNJ1;PIK3R5;INPP5J;PIK3R6,10,PIK3CA;PLEKHA1;MTMR2;PLEKHA8;PTEN;RAB14;INPP5D;PLEKHA6;MTMR8;PIP5K1C,39,2
476,TP53 Regulates Transcription of Cell Death Genes,R3_recurrent_directional,4,Astro;Micro;OPC;Oligo,3,0,0,Oligo,1.0875040142941583,1.4780174502716126,0.7579655543288587,0.1902958534677826,0.7579655543288587,1.1741724247095735,0.9187951662354464,0.9186799376731042,1.0875040142941583,17,APAF1;ATM;BCL6;BID;BNIP3L;CASP1;CASP2;CASP6;CHM;CRADD;CREBBP;NDRG1;PRELID3A;RABGGTA;STEAP3;TP63;ZNF420,36,APAF1;ATM;BBC3;BCL2L14;BCL6;BID;BIRC5;BNIP3L;CASP1;CASP10;CASP2;CASP6;CHM;CRADD;CREBBP;FAS;NDRG1;NLRC4;PERP;PIDD1;PMAIP1;PPP1R13B;PRELID1;PRELID3A;RABGGTA;STEAP3;TNFRSF10B;TNFRSF10D;TP53;TP53BP2;TP53I3;TP53INP1;TP63;TP73;TRIAP1;ZNF420,36,NDRG1;BID;FAS;BNIP3L;PPP1R13B;PRELID1;BCL2L14;CRADD;ATM;TP53INP1;STEAP3;ZNF420;BCL6;RABGGTA;PIDD1;APAF1;CASP2;CHM;NLRC4;TP53I3;CREBBP;CASP1;TP63;TRIAP1;BBC3;TP73;TP53;CASP6;PRELID3A;CASP10;PERP;TP53BP2;TNFRSF10B;TNFRSF10D;BIRC5;PMAIP1,17,NDRG1;BID;BNIP3L;CRADD;ATM;STEAP3;ZNF420;BCL6;RABGGTA;APAF1;CASP2;CHM;CREBBP;CASP1;TP63;CASP6;PRELID3A,470,2
479,Pentose phosphate pathway,R3_recurrent_directional,4,Astro;Micro;OPC;Oligo,3,0,0,Oligo,-1.6398364202796485,-1.1360273224127584,0.7358282047534203,0.5128433384616244,0.7358282047534203,-0.7745581203739582,-1.2525572576349866,0.918607581096569,1.1360273224127584,7,G6PD;PGLS;PGM2;PRPS1;RBKS;RPE;TKT,12,DERA;G6PD;PGD;PGLS;PGM2;PRPS1;PRPS2;RBKS;RPE;RPIA;TALDO1;TKT,12,RPE;PRPS2;PGD;PGLS;PRPS1;TKT;TALDO1;G6PD;RBKS;RPIA;DERA;PGM2,7,RPE;PGLS;PRPS1;TKT;G6PD;RBKS;PGM2,149,1
480,Nucleotide salvage,R3_recurrent_directional,4,Astro;Micro;OPC;Oligo,3,0,0,Micro,-1.6539186125565617,-1.3138783667469789,0.2278122564443033,0.2234804086696632,0.2278122564443033,-0.8963471459804199,-1.0739187124703005,0.918587328491,1.3138783667469789,11,ADK;AMPD1;APRT;DGUOK;GMPR2;PNP;TK2;TYMP;UCK1;UCKL1;UPP1,19,ADA;ADK;AMPD1;APRT;DCK;DGUOK;GMPR;GMPR2;HPRT1;PNP;PUDP;TK1;TK2;TYMP;UCK1;UCK2;UCKL1;UPP1;UPP2,19,GMPR2;APRT;ADK;GMPR;HPRT1;DGUOK;UPP1;PNP;DCK;TK2;UCKL1;TYMP;ADA;UCK1;UPP2;TK1;UCK2;PUDP;AMPD1,11,GMPR2;APRT;ADK;DGUOK;UPP1;PNP;TK2;UCKL1;TYMP;UCK1;AMPD1,27,1
481,O-linked glycosylation of mucins,R3_recurrent_directional,4,Astro;Micro;OPC;Oligo,3,0,0,OPC,-1.3253118877499557,-1.1179051498304524,0.3628059579618782,0.6390195180696485,0.6390195180696485,-0.0460158208829104,0.8045507073560266,0.9185217265198672,1.1179051498304524,9,B3GNT2;B3GNT5;GALNT10;GALNT15;GALNTL6;GCNT1;ST3GAL1;ST3GAL2;ST6GAL1,34,B3GNT2;B3GNT5;B3GNT7;B3GNT9;B4GALT5;B4GALT6;C1GALT1C1;GALNT1;GALNT10;GALNT11;GALNT12;GALNT13;GALNT14;GALNT15;GALNT16;GALNT17;GALNT18;GALNT2;GALNT3;GALNT6;GALNT7;GALNT8;GALNT9;GALNTL6;GCNT1;GCNT4;ST3GAL1;ST3GAL2;ST3GAL3;ST3GAL4;ST6GAL1;ST6GALNAC2;ST6GALNAC3;ST6GALNAC4,34,GALNT11;C1GALT1C1;GALNT14;GALNT1;GCNT1;B3GNT2;ST3GAL2;ST6GAL1;ST3GAL4;ST3GAL1;B3GNT5;ST3GAL3;GALNT13;GALNT8;GALNT2;GALNT7;GALNT10;GALNT15;B4GALT6;ST6GALNAC4;GALNT18;ST6GALNAC2;GALNT3;GALNTL6;B3GNT9;ST6GALNAC3;GALNT6;GALNT12;B4GALT5;GALNT17;GALNT16;GALNT9;B3GNT7;GCNT4,9,GCNT1;B3GNT2;ST3GAL2;ST6GAL1;ST3GAL1;B3GNT5;GALNT10;GALNT15;GALNTL6,227,1
492,Metabolism of steroid hormones,R3_recurrent_directional,4,Astro;Micro;OPC;Oligo,3,0,0,Astro,-0.9914228046231396,-1.3156657692011402,0.7948025901830836,0.2292429127195755,0.7948025901830836,-0.9098300539180282,-1.3395148408770838,0.9098300539180282,1.2586867796518848,3,HSD17B14;SRD5A3;STARD4,19,AKR1B1;CYP11A1;FDX1;FDXR;HSD11B1;HSD17B11;HSD17B12;HSD17B14;POMC;SRD5A1;SRD5A2;SRD5A3;STARD3;STARD3NL;STARD4;STARD6;STS;TSPO;TSPOAP1,19,HSD17B11;SRD5A3;STS;AKR1B1;FDXR;FDX1;TSPO;STARD4;STARD3;STARD3NL;SRD5A1;HSD17B12;SRD5A2;STARD6;HSD17B14;CYP11A1;TSPOAP1;HSD11B1;POMC,3,SRD5A3;STARD4;HSD17B14,359,1
494,Regulation of gene expression in late stage (branching morphogenesis) pancreatic bud precursor cells,R3_recurrent_directional,4,Astro;Micro;OPC;Oligo,3,0,0,OPC,0.8895541863182702,1.7705127320535066,0.8892035587193964,0.1668606020165769,0.8892035587193964,0.8320421362234371,1.7401114221743252,0.908549572836164,1.0013536434482604,8,CREBBP;EP300;KAT2A;KAT2B;MAML2;MAML3;NOTCH1;RBPJ,13,CREBBP;EP300;HES1;KAT2A;KAT2B;MAML1;MAML2;MAML3;MAMLD1;NOTCH1;ONECUT1;RBPJ;SNW1,13,NOTCH1;MAML2;EP300;SNW1;ONECUT1;MAMLD1;KAT2A;RBPJ;MAML3;KAT2B;CREBBP;MAML1;HES1,8,NOTCH1;MAML2;EP300;KAT2A;RBPJ;MAML3;KAT2B;CREBBP,1082,2
497,RHOBTB1 GTPase cycle,R3_recurrent_directional,4,Astro;Micro;OPC;Oligo,3,0,0,Oligo,1.5729057855792172,1.0806813249303826,0.5769713630983668,0.5639309318177433,0.5769713630983668,1.2272297295282943,1.040001675545465,0.9041754707146106,1.0806813249303826,13,COPS4;CUL3;DBN1;HNRNPC;PDE5A;RBBP6;RBMX;RHOBTB1;ROCK2;SPEN;STK38;TRA2B;VIM,22,CCT2;CCT7;COPS2;COPS4;CPSF7;CUL3;DBN1;GPS1;HNRNPC;MYO6;PDE5A;RBBP6;RBMX;RHOBTB1;ROCK1;ROCK2;SPEN;SRRM1;STK38;TRA2B;TXNL1;VIM,22,CCT7;MYO6;VIM;TRA2B;GPS1;STK38;ROCK2;RBBP6;COPS2;RBMX;SPEN;TXNL1;SRRM1;DBN1;COPS4;CCT2;HNRNPC;ROCK1;RHOBTB1;CUL3;PDE5A;CPSF7,13,VIM;TRA2B;STK38;ROCK2;RBBP6;RBMX;SPEN;DBN1;COPS4;HNRNPC;RHOBTB1;CUL3;PDE5A,109,2
500,Regulation of NF-kappa B signaling,R3_recurrent_directional,4,Astro;Micro;OPC;Oligo,3,0,0,OPC,-0.8807891277035621,-1.289136304292401,0.8460944136849101,0.4682706493671978,0.8460944136849101,-0.072828696940134,-1.1343746019667864,0.9010662761359892,0.9900029042631832,11,IKBKB;IKBKG;NLRC5;NLRX1;TP53;TRAF2;TRAF6;UBA52;UBC;USP14;USP18,17,CHUK;IKBIP;IKBKB;IKBKG;LRRC14;N4BP1;NLRC5;NLRX1;RPS27A;TP53;TRAF2;TRAF6;UBA52;UBB;UBC;USP14;USP18,17,IKBKG;USP14;TRAF6;TRAF2;UBA52;RPS27A;IKBIP;NLRX1;IKBKB;CHUK;USP18;NLRC5;UBC;N4BP1;UBB;TP53;LRRC14,11,IKBKG;USP14;TRAF6;TRAF2;UBA52;NLRX1;IKBKB;USP18;NLRC5;UBC;TP53,22,4
502,p38MAPK events,R3_recurrent_directional,4,Astro;Micro;OPC;Oligo,3,0,0,OPC,-1.0136242661260326,-1.2621282039688342,0.6744078617258519,0.4854765354090708,0.6744078617258519,-0.0495616418567653,-0.9029850097581212,0.8985159105812455,1.05303962841833,6,HRAS;MAPK14;MAPKAPK2;MAPKAPK3;RALA;RALB,12,HRAS;KRAS;MAPK11;MAPK12;MAPK13;MAPK14;MAPKAPK2;MAPKAPK3;RALA;RALB;RALGDS;SRC,12,MAPK12;HRAS;MAPK13;MAPKAPK2;MAPKAPK3;SRC;MAPK14;RALGDS;RALA;KRAS;RALB;MAPK11,6,HRAS;MAPKAPK2;MAPKAPK3;MAPK14;RALA;RALB,709,2
509,Triglyceride metabolism,R3_recurrent_directional,4,Astro;Micro;OPC;Oligo,3,0,0,Astro,-1.2849623432678536,-1.4043392112285438,0.5196696662325707,0.1583719431483959,0.5196696662325707,-0.029487626182191,0.8482443719829045,0.8966609215404616,1.2849623432678536,10,ABHD5;DGAT1;FABP7;GPAT2;LIPE;LPIN1;LPIN2;MOGAT1;PPP1CB;PRKACA,25,ABHD5;AGMO;CAV1;DGAT1;FABP5;FABP6;FABP7;GK;GPAM;GPAT2;GPD2;LIPE;LPIN1;LPIN2;LPIN3;MGLL;MOGAT1;PLIN1;PLIN3;PNPLA4;PPP1CA;PPP1CB;PPP1CC;PRKACA;PRKACB,25,PRKACA;PPP1CB;DGAT1;LPIN2;LIPE;GPAM;PPP1CC;PRKACB;FABP7;CAV1;AGMO;PNPLA4;MGLL;LPIN1;GK;MOGAT1;GPAT2;GPD2;PPP1CA;PLIN1;ABHD5;FABP5;PLIN3;LPIN3;FABP6,10,PRKACA;PPP1CB;DGAT1;LPIN2;LIPE;FABP7;LPIN1;MOGAT1;GPAT2;ABHD5,1871,1
510,Depolymerization of the Nuclear Lamina,R3_recurrent_directional,4,Astro;Micro;OPC;Oligo,3,0,0,OPC,1.021074015759993,1.106459477081309,0.8890679244474994,0.6647100911164606,0.8890679244474994,0.9496180630857184,0.1054700100006316,0.8950361722742559,1.021074015759993,5,LEMD3;LMNB1;LPIN1;LPIN2;TMPO,12,CNEP1R1;EMD;LEMD2;LEMD3;LMNA;LMNB1;LPIN1;LPIN2;LPIN3;PRKCA;PRKCB;TMPO,12,PRKCA;TMPO;EMD;LPIN2;LEMD3;PRKCB;LEMD2;LMNA;LMNB1;CNEP1R1;LPIN1;LPIN3,5,TMPO;LPIN2;LEMD3;LMNB1;LPIN1,295,1
516,Intra-Golgi traffic,R3_recurrent_directional,4,Astro;Micro;OPC;Oligo,3,0,0,OPC,-0.9819342381214596,-0.8978440902589745,0.7312389128589976,0.8478632247610576,0.8478632247610576,0.194519282810828,-0.8020617035802579,0.8928121523108439,1.3038857394056562,9,CYTH1;CYTH3;GOLIM4;MAN1A1;NAPA;RAB30;RGP1;VPS45;YKT6,36,ARF1;BET1L;COG1;COG2;COG3;COG6;COG7;COG8;CUX1;CYTH1;CYTH2;CYTH3;CYTH4;GOLGA5;GOLIM4;MAN1A1;MAN1A2;MAN1C1;MAN2A1;MAN2A2;NAPA;NAPB;NAPG;NSF;RAB30;RAB33B;RAB39A;RGP1;RIC1;SNAP29;STX5;STX6;TRIP11;VPS45;VTI1A;YKT6,36,BET1L;NAPB;MAN1A2;STX6;MAN1C1;MAN1A1;YKT6;GOLIM4;RAB39A;RAB33B;CYTH3;COG3;MAN2A2;TRIP11;COG7;VTI1A;RGP1;COG8;CYTH1;NSF;STX5;COG2;COG6;COG1;RAB30;GOLGA5;RIC1;VPS45;MAN2A1;CYTH2;NAPA;ARF1;CUX1;SNAP29;NAPG;CYTH4,9,MAN1A1;YKT6;GOLIM4;CYTH3;RGP1;CYTH1;RAB30;VPS45;NAPA,208,1
522,Ephrin signaling,R3_recurrent_directional,4,Astro;Micro;OPC;Oligo,3,0,0,Oligo,1.2878476537855224,1.226043585735272,0.6429502303073389,0.3852926507497265,0.6429502303073389,0.7559555679731755,0.1614031322962555,0.8850524346760867,1.226043585735272,10,ARHGEF7;EFNB1;EFNB2;EPHB2;EPHB3;EPHB6;GIT1;NCK2;PAK1;SDCBP,19,ARHGEF7;EFNB1;EFNB2;EFNB3;EPHB1;EPHB2;EPHB3;EPHB4;EPHB6;FYN;GIT1;MYL12A;NCK2;PAK1;PAK2;PAK3;RAC1;SDCBP;SRC,19,EFNB2;EFNB1;EPHB1;ARHGEF7;PAK2;SRC;NCK2;GIT1;MYL12A;PAK1;RAC1;SDCBP;FYN;PAK3;EPHB6;EPHB2;EPHB3;EFNB3;EPHB4,10,EFNB2;EFNB1;ARHGEF7;NCK2;GIT1;PAK1;SDCBP;EPHB6;EPHB2;EPHB3,714,1
529,Cristae formation,R3_recurrent_directional,4,Astro;Micro;OPC;Oligo,3,0,0,OPC,-0.8195841239467874,-1.2421181103131331,0.8964235415494027,0.5009016301541377,0.8964235415494027,-0.7880129750967326,-1.7291058787863711,0.8789022202538499,1.114747926239582,8,APOOL;ATP5F1D;ATP5MC1;ATP5MC3;ATP5PB;CHCHD6;MTX2;SAMM50,20,APOO;APOOL;ATP5F1A;ATP5F1B;ATP5F1C;ATP5F1D;ATP5MC1;ATP5MC3;ATP5ME;ATP5PB;ATP5PD;CHCHD3;CHCHD6;DNAJC11;HSPA9;IMMT;MTX1;MTX2;SAMM50;TMEM11,20,MTX2;MTX1;DNAJC11;SAMM50;CHCHD6;APOOL;HSPA9;TMEM11;IMMT;APOO;CHCHD3;ATP5F1B;ATP5MC1;ATP5F1D;ATP5PB;ATP5F1C;ATP5F1A;ATP5ME;ATP5PD;ATP5MC3,8,MTX2;SAMM50;CHCHD6;APOOL;ATP5MC1;ATP5F1D;ATP5PB;ATP5MC3,3623,1
531,Biotin transport and metabolism,R3_recurrent_directional,4,Astro;Micro;OPC;Oligo,3,0,0,Astro,-1.707590886035676,-1.058937157221668,0.102724735071918,0.5286564914525982,0.5286564914525982,-1.7189207166907656,-0.8408462131252683,0.8776491682105576,1.058937157221668,9,ACACA;ACACB;BTD;HLCS;MCCC1;MCCC2;PCCB;PDZD11;SLC5A6,11,ACACA;ACACB;BTD;HLCS;MCCC1;MCCC2;PC;PCCA;PCCB;PDZD11;SLC5A6,11,PC;PDZD11;SLC5A6;ACACB;MCCC2;PCCB;MCCC1;ACACA;HLCS;PCCA;BTD,9,PDZD11;SLC5A6;ACACB;MCCC2;PCCB;MCCC1;ACACA;HLCS;BTD,488,1
532,Phase 2 - plateau phase,R3_recurrent_directional,3,Astro;Micro;OPC,3,0,0,OPC,-0.8772536930150783,-1.556498218772446,0.8504806961708112,0.2147303836243059,0.8504806961708112,-0.8772536930150783,-0.7354551156469425,0.8772536930150783,0.9255033322360277,5,CACNA1C;CACNB1;CACNB2;CACNG8;KCNE1,12,AKAP9;CACNA1C;CACNA2D2;CACNB1;CACNB2;CACNG4;CACNG7;CACNG8;KCNE1;KCNE2;KCNE3;KCNQ1,12,CACNB1;CACNG8;KCNE1;CACNA2D2;CACNA1C;CACNB2;CACNG4;CACNG7;KCNQ1;AKAP9;KCNE2;KCNE3,5,CACNB1;CACNG8;KCNE1;CACNA1C;CACNB2,1607,1
535,"Phosphorylation of CLOCK, acetylation of BMAL1 (ARNTL) at target gene promoters",R3_recurrent_directional,4,Astro;Micro;OPC;Oligo,3,0,0,Oligo,0.9835506521409394,1.1802734150025789,0.8733018079437517,0.4298451326580022,0.8733018079437517,0.0836116565398558,0.9715810478201496,0.8732196663893299,1.044275816525756,5,CLOCK;CREBBP;CRY1;CRY2;NR1D1,10,CLOCK;CREBBP;CRY1;CRY2;KMT2A;NR1D1;PER1;PER2;PER3;RORA,10,NR1D1;CRY2;PER3;CLOCK;PER2;CRY1;RORA;CREBBP;KMT2A;PER1,5,NR1D1;CRY2;CLOCK;CRY1;CREBBP,818,3
541,Activation of HOX genes during differentiation,R3_recurrent_directional,4,Astro;Micro;OPC;Oligo,3,0,0,Astro,-0.922037941475928,-0.929966989643792,0.8508547463280981,0.7133988298858233,0.8508547463280981,0.9110215772999564,0.1895602514053441,0.8699425967563401,1.0041959025631606,16,CREBBP;EED;EP300;EZH2;HDAC3;JUN;KDM6A;PAXIP1;PKNOX1;POLR2C;POLR2G;RARA;RBBP5;RXRA;SUZ12;YY1,45,ASH2L;CNOT9;CREBBP;CTCF;DPY30;EED;EP300;EZH2;HDAC3;HOXB3;HOXC4;JUN;KDM6A;KMT2C;KMT2D;MAFB;PAX6;PAXIP1;PBX1;PCGF2;PIAS2;PKNOX1;POLR2A;POLR2B;POLR2C;POLR2D;POLR2E;POLR2F;POLR2G;POLR2H;POLR2I;POLR2J;POLR2K;POLR2L;RARA;RARB;RARG;RBBP4;RBBP5;RBBP7;RXRA;SUZ12;WDR5;YY1;ZNF335,45,CTCF;POLR2C;WDR5;POLR2F;KMT2D;RBBP5;POLR2H;EED;PKNOX1;RXRA;PBX1;POLR2B;JUN;POLR2G;RARG;EP300;POLR2A;RARA;POLR2L;POLR2J;ASH2L;SUZ12;HDAC3;KDM6A;YY1;KMT2C;PAXIP1;PIAS2;POLR2D;RBBP4;RARB;CREBBP;ZNF335;PCGF2;DPY30;HOXB3;EZH2;MAFB;POLR2E;POLR2K;POLR2I;RBBP7;PAX6;CNOT9;HOXC4,16,POLR2C;RBBP5;EED;PKNOX1;RXRA;JUN;POLR2G;EP300;RARA;SUZ12;HDAC3;KDM6A;YY1;PAXIP1;CREBBP;EZH2,6,2
546,Signaling by Hippo,R3_recurrent_directional,4,Astro;Micro;OPC;Oligo,3,0,0,Oligo,1.2252446766207117,1.880774343702536,0.6900750159286817,0.0416146678117958,0.6900750159286817,0.8665124964324371,1.6767924573149993,0.8665124964324371,1.2252446766207117,7,AMOTL1;MOB1B;SAV1;STK4;WWTR1;YAP1;YWHAB,18,AMOT;AMOTL1;AMOTL2;CASP3;DVL2;LATS1;LATS2;MOB1A;MOB1B;SAV1;STK3;STK4;TJP1;WWC1;WWTR1;YAP1;YWHAB;YWHAE,18,TJP1;MOB1B;WWTR1;CASP3;SAV1;YAP1;YWHAB;STK4;LATS1;DVL2;MOB1A;STK3;AMOTL2;LATS2;AMOTL1;WWC1;YWHAE;AMOT,7,MOB1B;WWTR1;SAV1;YAP1;YWHAB;STK4;AMOTL1,112,1
551,Cytosolic iron-sulfur cluster assembly,R3_recurrent_directional,4,Astro;Micro;OPC;Oligo,3,0,0,OPC,-1.4285530741778574,-1.0350905323738724,0.2916786742034279,0.7645297735088892,0.7645297735088892,-0.8478502100291943,-1.1500358841862837,0.8648460996173217,1.0350905323738724,5,BRIP1;CIAO1;CIAPIN1;ERCC2;NUBP2,9,ABCB7;BRIP1;CIAO1;CIAPIN1;ERCC2;MMS19;NDOR1;NUBP1;NUBP2,9,CIAO1;NUBP2;ERCC2;NDOR1;ABCB7;CIAPIN1;BRIP1;MMS19;NUBP1,5,CIAO1;NUBP2;ERCC2;CIAPIN1;BRIP1,79,1
558,Sodium/Calcium exchangers,R3_recurrent_directional,4,Astro;Micro;OPC;Oligo,3,0,0,Astro,-1.075327178063264,-1.5858271743290309,0.7250920554536916,0.0590915508305313,0.7250920554536916,-0.9554151061273012,-1.543075452006827,0.8628709112317783,1.075327178063264,6,CALM1;SLC24A1;SLC24A2;SLC8A2;SLC8A3;SLC8B1,9,CALM1;SLC24A1;SLC24A2;SLC24A3;SLC24A4;SLC8A1;SLC8A2;SLC8A3;SLC8B1,9,SLC8B1;SLC24A3;SLC24A4;SLC24A2;SLC24A1;CALM1;SLC8A2;SLC8A3;SLC8A1,6,SLC8B1;SLC24A2;SLC24A1;CALM1;SLC8A2;SLC8A3,1490,1
560,Formation of Incision Complex in GG-NER,R3_recurrent_directional,4,Astro;Micro;OPC;Oligo,3,0,0,Micro,-1.2104628540475957,-1.0779870302926062,0.8385195876516438,0.5071743597679311,0.8385195876516438,-1.116793125537912,-0.9450562533016292,0.8607050647171705,1.0779870302926062,9,CDK7;ERCC1;ERCC2;GTF2H5;MNAT1;PARP2;RBX1;UBA52;XPA,36,CDK7;CETN2;CHD1L;CUL4B;DDB1;DDB2;ERCC1;ERCC2;ERCC3;ERCC4;GTF2H1;GTF2H2;GTF2H3;GTF2H5;MNAT1;PARP1;PARP2;PIAS1;PIAS3;RAD23A;RAD23B;RBX1;RNF111;RPA1;RPA2;RPA3;RPS27A;SUMO1;SUMO3;UBA52;UBB;UBC;UBE2I;UBE2N;UBE2V2;XPA,36,CUL4B;RPA2;MNAT1;ERCC4;GTF2H2;UBA52;PARP2;RPS27A;RBX1;ERCC2;RPA1;PIAS1;XPA;UBE2I;DDB2;ERCC1;UBC;PIAS3;RAD23A;CDK7;RNF111;GTF2H3;UBE2V2;RAD23B;GTF2H1;GTF2H5;RPA3;CETN2;UBB;SUMO3;CHD1L;SUMO1;ERCC3;PARP1;DDB1;UBE2N,9,MNAT1;UBA52;PARP2;RBX1;ERCC2;XPA;ERCC1;CDK7;GTF2H5,238,1
562,Golgi Associated Vesicle Biogenesis,R3_recurrent_directional,4,Astro;Micro;OPC;Oligo,3,0,0,Micro,1.057680348531954,0.909986056750947,0.8940262753607444,0.7894859717419381,0.8940262753607444,0.9320074300187924,0.8906007649946607,0.8581602841282889,1.1521740600943793,10,ARF1;ARRB1;CLTC;HSPA8;NAPA;PICALM;SNX2;SORT1;TBC1D8B;TPD52L1,39,AP1B1;AP1G1;AP1M1;AP1S1;AP1S2;AP1S3;AP3B1;AP3S1;AP4B1;AP4E1;ARF1;ARRB1;BLOC1S4;CLTA;CLTC;CPD;DNM2;DTNBP1;FTH1;FTL;GOLGB1;HIP1R;HSPA8;IGF2R;NAPA;OCRL;PICALM;SH3D19;SNAPIN;SNX2;SNX5;SNX9;SORT1;TBC1D8B;TFRC;TGOLN2;TPD52;TPD52L1;VAMP8,39,TPD52L1;HIP1R;DNM2;CLTC;IGF2R;FTH1;TBC1D8B;SNX2;AP3S1;TFRC;SORT1;CLTA;AP4B1;CPD;GOLGB1;AP1B1;AP1S3;PICALM;BLOC1S4;TGOLN2;TPD52;ARRB1;AP1S1;SNX9;OCRL;SNX5;AP1M1;AP4E1;AP1G1;FTL;NAPA;VAMP8;ARF1;SH3D19;HSPA8;SNAPIN;AP1S2;DTNBP1;AP3B1,10,TPD52L1;CLTC;TBC1D8B;SNX2;SORT1;PICALM;ARRB1;NAPA;ARF1;HSPA8,63,1
564,Dengue Virus Attachment and Entry,R3_recurrent_directional,4,Astro;Micro;OPC;Oligo,3,0,0,Micro,1.3897032660127164,1.0431490226867255,0.6001818166361486,0.6589603198058765,0.6589603198058765,0.8573878266974764,0.0203416967383157,0.8573878266974764,1.0431490226867255,10,AP2A1;ATG7;AXL;EMC4;GPC5;LY6E;RPSA;SDC3;UBA3;UBA7,39,AGRN;AP2A1;AP2A2;AP2B1;AP2M1;AP2S1;ATG7;AXL;CD14;CD209;EMC4;FURIN;GAS6;GPC1;GPC2;GPC4;GPC5;GPC6;HAVCR1;HSPA5;HSPG2;LY6E;MAPRE3;MERTK;MRC1;PIK3R1;PROS1;RPSA;SDC1;SDC2;SDC3;SDC4;TIMD4;TYRO3;UBA1;UBA3;UBA5;UBA6;UBA7,39,GPC6;PIK3R1;UBA1;TYRO3;CD209;MERTK;HSPG2;SDC3;GAS6;HSPA5;TIMD4;PROS1;AP2A1;UBA7;EMC4;UBA3;LY6E;AP2A2;ATG7;UBA6;GPC5;SDC2;GPC2;RPSA;AP2S1;MAPRE3;AP2B1;SDC1;GPC1;HAVCR1;GPC4;UBA5;AXL;FURIN;AP2M1;AGRN;SDC4;MRC1;CD14,10,SDC3;AP2A1;UBA7;EMC4;UBA3;LY6E;ATG7;GPC5;RPSA;AXL,253,1
567,Endogenous sterols,R3_recurrent_directional,4,Astro;Micro;OPC;Oligo,3,0,0,Oligo,1.0664046927167194,0.8792256439086916,0.7890886986809816,0.8286570496422453,0.8286570496422453,0.9478096343052568,0.9914374250419664,0.854220109901243,1.146963241959171,6,ARNT2;CYP27A1;CYP39A1;FDX1;NCOA1;NCOA2,15,AHR;ARNT;ARNT2;CYP19A1;CYP1B1;CYP27A1;CYP39A1;CYP46A1;CYP4V2;CYP7B1;FDX1;FDXR;NCOA1;NCOA2;RXRA,15,ARNT;CYP46A1;RXRA;NCOA1;CYP39A1;CYP7B1;FDXR;FDX1;NCOA2;AHR;ARNT2;CYP19A1;CYP4V2;CYP27A1;CYP1B1,6,NCOA1;CYP39A1;FDX1;NCOA2;ARNT2;CYP27A1,692,1
568,Maternal to zygotic transition (MZT),R3_recurrent_directional,4,Astro;Micro;OPC;Oligo,3,0,0,Oligo,1.158961155700731,1.4633465605053602,0.7516504014990502,0.192395107792567,0.7516504014990502,-0.0342627342465254,1.3256082613888407,0.8537639231912983,1.158961155700731,26,AGO2;CNOT1;CNOT2;CNOT4;CNOT6L;CNOT7;CNOT8;CREBBP;EP300;KDM1B;KDM4B;KDM4C;KDM6A;KDM6B;MED12L;METTL23;PABPC1;PABPN1;PAIP2;SRPK1;TET3;TUT7;UHRF1;UNG;YAP1;ZFP36L2,54,AGO2;BIRC5;CNOT1;CNOT10;CNOT11;CNOT2;CNOT3;CNOT4;CNOT6L;CNOT7;CNOT8;CNOT9;CPEB1;CREBBP;DICER1;DIS3L2;EIF4A2;EIF4A3;EIF4B;EIF4E;EIF4G1;ELL2;ELOC;EP300;HIRA;KDM1B;KDM4B;KDM4C;KDM5A;KDM6A;KDM6B;KPNA2;MED12L;MED13;METTL23;NPM2;PABPC1;PABPN1;PAIP1;PAIP2;POLR2D;RPS2;SRPK1;STPG4;TET3;TNKS1BP1;TP53;TUBB4B;TUT4;TUT7;UHRF1;UNG;YAP1;ZFP36L2,54,EIF4A3;CNOT6L;METTL23;KDM1B;SRPK1;CNOT2;MED13;YAP1;KPNA2;EP300;PABPC1;TNKS1BP1;CNOT10;CPEB1;KDM6A;CNOT4;HIRA;MED12L;POLR2D;EIF4A2;ZFP36L2;TUBB4B;KDM6B;UHRF1;ELL2;CNOT11;CNOT8;EIF4B;TET3;CNOT1;KDM5A;CREBBP;CNOT3;DICER1;EIF4G1;AGO2;DIS3L2;PAIP1;TP53;RPS2;KDM4B;CNOT7;UNG;PAIP2;KDM4C;TUT7;TUT4;CNOT9;NPM2;PABPN1;ELOC;EIF4E;STPG4;BIRC5,26,CNOT6L;METTL23;KDM1B;SRPK1;CNOT2;YAP1;EP300;PABPC1;KDM6A;CNOT4;MED12L;ZFP36L2;KDM6B;UHRF1;CNOT8;TET3;CNOT1;CREBBP;AGO2;KDM4B;CNOT7;UNG;PAIP2;KDM4C;TUT7;PABPN1,443,1
573,Ca2+ pathway,R3_recurrent_directional,4,Astro;Micro;OPC;Oligo,3,0,0,Oligo,1.3062683296563675,1.5093137516260813,0.6315608113473675,0.1736133148970894,0.6315608113473675,1.0399405056874431,-0.0203094219219048,0.8491170562558963,1.3062683296563675,14,CAMK2A;FZD2;FZD3;FZD5;FZD6;GNG3;GNG7;ITPR1;ITPR2;NFATC1;PLCB2;PPP3CB;PRKG1;TCF7L1,43,AGO1;AGO2;AGO3;AXIN2;CALM1;CAMK2A;CTNNB1;FZD2;FZD3;FZD4;FZD5;FZD6;GNAO1;GNB1;GNB4;GNB5;GNG12;GNG3;GNG4;GNG7;ITPR1;ITPR2;ITPR3;KRAS;MAP3K7;MOV10;NFATC1;NLK;PDE6A;PDE6B;PLCB1;PLCB2;PLCB3;PPP3CB;PRKCA;PRKG1;PRKG2;TCF7;TCF7L1;TCF7L2;TNRC6A;TNRC6B;TNRC6C,43,CAMK2A;PRKCA;CTNNB1;PLCB1;FZD5;FZD2;NFATC1;FZD6;FZD3;AGO1;PLCB3;TCF7;ITPR1;MOV10;MAP3K7;GNG4;GNB1;GNG7;AGO3;GNG3;TCF7L1;PPP3CB;PRKG1;TCF7L2;TNRC6B;CALM1;AXIN2;ITPR2;AGO2;TNRC6C;NLK;PDE6B;ITPR3;GNG12;PLCB2;PDE6A;GNAO1;GNB4;PRKG2;GNB5;FZD4;TNRC6A;KRAS,14,CAMK2A;FZD5;FZD2;NFATC1;FZD6;FZD3;ITPR1;GNG7;GNG3;TCF7L1;PPP3CB;PRKG1;ITPR2;PLCB2,62,1
575,Insertion of tail-anchored proteins into the endoplasmic reticulum membrane,R3_recurrent_directional,4,Astro;Micro;OPC;Oligo,3,0,0,OPC,0.9445307321653686,0.9290637626032135,0.8878685941586691,0.8654326287121005,0.8878685941586691,1.1677313939971885,0.7297258999066558,0.8484331937534761,1.4524300495839917,5,ALDH3A2;HMOX1;SEC61G;SERP1;VAPA,16,ALDH3A2;APP;BAG6;CAMLG;CYB5A;EMD;HMOX1;PRNP;SEC61G;SERP1;SGTA;STX1A;STX5;UBE2J2;UBL4A;VAPA,16,SGTA;APP;CYB5A;SEC61G;EMD;ALDH3A2;SERP1;VAPA;UBE2J2;STX1A;UBL4A;CAMLG;STX5;PRNP;BAG6;HMOX1,5,SEC61G;ALDH3A2;SERP1;VAPA;HMOX1,319,1
576,MTOR signalling,R3_recurrent_directional,4,Astro;Micro;OPC;Oligo,3,0,0,OPC,-0.9101386185156298,-1.2860764376463667,0.8082942606381114,0.4674413071885384,0.8082942606381114,-0.8362447544997363,-1.1059065163259534,0.8477168688132475,0.923185980028106,15,AGO1;LAMTOR1;LAMTOR2;MLST8;MOV10;MTOR;PGK1;PRKAA1;PRKAG1;RHEB;RPS6;RRAGA;RRAGD;TSC2;YWHAB,41,AGO1;AGO3;AGO4;AKT1;AKT2;AKT3;CAB39;CAB39L;EIF4B;EIF4E;EIF4EBP1;EIF4G1;LAMTOR1;LAMTOR2;LAMTOR4;LAMTOR5;MLST8;MOV10;MTOR;PGK1;PPM1A;PRKAA1;PRKAA2;PRKAB1;PRKAG1;PRKAG2;RHEB;RPS6;RPS6KB1;RRAGA;RRAGB;RRAGC;RRAGD;SLC38A9;STK11;STRADA;STRADB;TNRC6C;TSC1;TSC2;YWHAB,41,PRKAA1;LAMTOR2;CAB39L;MLST8;RPS6;PRKAA2;AGO1;EIF4EBP1;RRAGD;MOV10;YWHAB;LAMTOR4;TSC1;CAB39;STK11;RRAGC;AGO3;PRKAB1;RHEB;AKT1;LAMTOR1;PRKAG1;STRADB;SLC38A9;EIF4B;TSC2;EIF4G1;TNRC6C;RRAGA;LAMTOR5;AKT3;MTOR;RRAGB;AKT2;PGK1;PRKAG2;PPM1A;RPS6KB1;AGO4;EIF4E;STRADA,15,PRKAA1;LAMTOR2;MLST8;RPS6;AGO1;RRAGD;MOV10;YWHAB;RHEB;LAMTOR1;PRKAG1;TSC2;RRAGA;MTOR;PGK1,268,1
580,Transcriptional regulation of granulopoiesis,R3_recurrent_directional,4,Astro;Micro;OPC;Oligo,3,0,0,OPC,1.87212884097403,1.8126686735148465,0.0633182026196601,0.1463310781654848,0.1463310781654848,1.2224506522206997,1.335939234920827,0.8452569923064612,1.8126686735148465,8,CREB1;DEK;EP300;FLI1;RARA;RUNX1;RXRA;TFDP2,20,CBFB;CDK2;CDK4;CDKN1A;CEBPB;CREB1;CSF3R;DEK;EP300;FLI1;IL6R;KMT2A;RARA;RUNX1;RXRA;SPI1;STAT3;TAL1;TFDP1;TFDP2,20,STAT3;IL6R;DEK;RXRA;CREB1;TFDP1;EP300;RARA;RUNX1;TFDP2;FLI1;KMT2A;CSF3R;CEBPB;CDKN1A;CDK2;CBFB;TAL1;CDK4;SPI1,8,DEK;RXRA;CREB1;EP300;RARA;RUNX1;TFDP2;FLI1,480,1
582,Late SARS-CoV-2 Infection Events,R3_recurrent_directional,4,Astro;Micro;OPC;Oligo,3,0,0,Astro,0.8899278780990483,1.248293216960941,0.8555976739961709,0.6092682374221109,0.8555976739961709,0.8450445732267441,1.2552771199900867,0.8450445732267441,0.9327443745491896,19,ANO2;ANO6;GALNT1;GOLGA7;GSK3B;MAN2A1;MGAT1;MGAT4A;PARP16;PARP9;SRPK1;ST3GAL1;ST3GAL2;ST6GAL1;ST6GALNAC3;STT3B;ZDHHC11;ZDHHC2;ZDHHC5,59,ANO10;ANO2;ANO3;ANO4;ANO5;ANO6;ANO7;ANO8;CANX;CSNK1A1;DAD1;FURIN;FUT8;GALNT1;GANAB;GOLGA7;GSK3A;GSK3B;MAGT1;MAN2A1;MGAT1;MGAT4A;MGAT4B;MGAT4C;MGAT5;MOGS;OSTC;PARP10;PARP14;PARP16;PARP4;PARP6;PARP8;PARP9;PRKCSH;RPN2;RPS27A;SRPK1;ST3GAL1;ST3GAL2;ST3GAL4;ST6GAL1;ST6GALNAC2;ST6GALNAC3;ST6GALNAC4;STT3A;STT3B;SUMO1;TMEM258;UBA52;UBC;UBE2I;ZDHHC11;ZDHHC2;ZDHHC20;ZDHHC3;ZDHHC5;ZDHHC8;ZDHHC9,59,MGAT4A;FUT8;PRKCSH;GALNT1;MGAT5;PARP16;ST3GAL2;ANO6;ST6GAL1;SRPK1;ST3GAL4;GSK3B;ST3GAL1;MGAT4C;UBA52;ZDHHC2;RPS27A;TMEM258;ZDHHC5;MOGS;PARP14;PARP9;PARP8;STT3B;RPN2;GOLGA7;ZDHHC3;GANAB;UBE2I;CSNK1A1;ANO3;UBC;ANO2;ST6GALNAC4;ANO7;OSTC;ZDHHC11;ZDHHC9;PARP10;MGAT4B;MAGT1;ZDHHC20;PARP6;ANO10;PARP4;ST6GALNAC2;ST6GALNAC3;ANO5;MAN2A1;ANO4;CANX;SUMO1;FURIN;MGAT1;ANO8;ZDHHC8;DAD1;STT3A;GSK3A,19,MGAT4A;GALNT1;PARP16;ST3GAL2;ANO6;ST6GAL1;SRPK1;GSK3B;ST3GAL1;ZDHHC2;ZDHHC5;PARP9;STT3B;GOLGA7;ANO2;ZDHHC11;ST6GALNAC3;MAN2A1;MGAT1,551,1
583,HDACs deacetylate histones,R3_recurrent_directional,4,Astro;Micro;OPC;Oligo,3,0,0,OPC,0.840689302810631,0.926535947214664,0.907931581172002,0.8665598180949141,0.907931581172002,0.765072777047302,0.8843842115832099,0.8414608893811935,0.847416939989413,9,HDAC10;HDAC3;KDM1A;MTA1;MTA2;PHF21A;SAP30;TBL1X;TBL1XR1,27,ARID4A;ARID4B;BRMS1;CHD3;CHD4;GATAD2B;GPS2;HDAC10;HDAC2;HDAC3;HMG20B;KDM1A;MBD3;MTA1;MTA2;MTA3;NCOR2;PHF21A;RBBP4;RBBP7;RCOR1;REST;SAP30;SAP30L;SUDS3;TBL1X;TBL1XR1,27,HMG20B;CHD3;PHF21A;SAP30;SUDS3;ARID4B;CHD4;HDAC3;TBL1XR1;TBL1X;BRMS1;ARID4A;RBBP4;REST;MTA1;SAP30L;MBD3;MTA3;GATAD2B;MTA2;RBBP7;KDM1A;GPS2;RCOR1;HDAC2;NCOR2;HDAC10,9,PHF21A;SAP30;HDAC3;TBL1XR1;TBL1X;MTA1;MTA2;KDM1A;HDAC10,800,1
584,Regulation of PTEN gene transcription,R3_recurrent_directional,4,Astro;Micro;OPC;Oligo,3,0,0,Astro,-1.1820423684654129,-0.914899722601112,0.6311145497337735,0.7317264769679507,0.7317264769679507,-0.0867494177986082,-0.8173889563140089,0.8400512678163997,1.1061653221763568,21,ATF2;BMI1;CHD3;CHD4;EGR1;EZH2;GATAD2A;HDAC3;HDAC5;HDAC7;JUN;LAMTOR3;MAPK3;MLST8;MTOR;RHEB;RRAGA;RRAGC;RRAGD;SUZ12;TP53,54,ATF2;ATN1;BMI1;CBX4;CBX6;CBX8;CHD3;CHD4;EED;EGR1;EZH2;GATAD2A;GATAD2B;HDAC1;HDAC2;HDAC3;HDAC5;HDAC7;JUN;KDM1A;LAMTOR1;LAMTOR3;LAMTOR4;LAMTOR5;MAF1;MAPK1;MAPK3;MBD3;MECOM;MLST8;MTA1;MTA2;MTA3;MTOR;PHC1;PHC2;PHC3;PPARG;PTEN;RBBP4;RBBP7;RCOR1;REST;RHEB;RING1;RNF2;RRAGA;RRAGB;RRAGC;RRAGD;SCMH1;SNAI1;SUZ12;TP53,54,CHD3;MLST8;BMI1;ATF2;EED;PTEN;MAPK1;PHC3;JUN;RRAGD;CHD4;MAPK3;LAMTOR4;GATAD2A;MAF1;SUZ12;PPARG;HDAC3;CBX4;RRAGC;RBBP4;RHEB;CBX8;REST;LAMTOR3;LAMTOR1;HDAC1;MTA1;MBD3;MTA3;SCMH1;GATAD2B;HDAC5;CBX6;RNF2;HDAC7;PHC1;EGR1;EZH2;MECOM;RRAGA;LAMTOR5;MTA2;TP53;RING1;RBBP7;KDM1A;RCOR1;MTOR;ATN1;RRAGB;HDAC2;PHC2;SNAI1,21,CHD3;MLST8;BMI1;ATF2;JUN;RRAGD;CHD4;MAPK3;GATAD2A;SUZ12;HDAC3;RRAGC;RHEB;LAMTOR3;HDAC5;HDAC7;EGR1;EZH2;RRAGA;TP53;MTOR,1311,1
585,Metabolism of vitamins and cofactors,R3_recurrent_directional,4,Astro;Micro;OPC;Oligo,3,0,0,OPC,-1.503658133464192,-1.3879442913583149,0.2359440882674048,0.3540504939726825,0.3540504939726825,-0.1907289433766736,0.7876960349924518,0.8399485554737822,1.3879442913583149,38,AASDHPPT;AKR1C3;AOX1;BCO1;CALM1;COQ8A;COQ8B;ENPP1;ENPP2;GPC5;GPC6;HSP90AA1;IDH1;LPL;LRP10;LRP2;LRP8;MMAB;MOCS2;MTHFD1;MTHFD2;MTHFD2L;MTHFS;NADK2;NADSYN1;NAXE;PANK4;PARP14;PARP16;PARP9;PPCDC;PTS;SDC2;SDC3;SLC2A1;STARD7;TCN2;VKORC1L1,141,AASDHPPT;ABCC1;ABCD4;ACACA;ACACB;ACO1;AGRN;AKR1C1;AKR1C3;ALDH1L1;ALDH1L2;AOX1;APOE;BCO1;BCO2;BTD;CALM1;CD320;CD38;COASY;COQ2;COQ4;COQ5;COQ6;COQ7;COQ8A;COQ8B;COQ9;CUBN;CYB5R3;DCAKD;DHFR;DHFR2;ENPP1;ENPP2;ENPP3;FASN;FLAD1;FPGS;GCH1;GPC1;GPC2;GPC4;GPC5;GPC6;GPHN;GPIHBP1;GSTO1;GSTO2;HLCS;HSP90AA1;HSPG2;IDH1;LDLR;LDLRAP1;LPL;LRAT;LRP1;LRP10;LRP12;LRP2;LRP8;MCCC1;MCCC2;MMAB;MMACHC;MMADHC;MOCOS;MOCS1;MOCS2;MTHFD1;MTHFD1L;MTHFD2;MTHFD2L;MTHFR;MTHFS;MTR;MTRR;NADK;NADK2;NADSYN1;NAMPT;NAPRT;NAXD;NAXE;NFS1;NMNAT1;NNMT;NT5E;NUDT12;NUDT8;PANK1;PANK2;PANK3;PANK4;PARP10;PARP14;PARP16;PARP4;PARP6;PARP8;PARP9;PC;PCCA;PCCB;PDSS1;PDSS2;PDXK;PDZD11;PLB1;PPCDC;PPCS;PTS;QPRT;RBP1;RDH11;RETSAT;RFK;RNLS;SDC1;SDC2;SDC3;SDC4;SHMT1;SHMT2;SLC19A1;SLC19A2;SLC19A3;SLC23A2;SLC25A16;SLC25A42;SLC2A1;SLC2A3;SLC46A1;SLC52A1;SLC52A2;STARD7;TCN2;TTPA;UBIAD1;VKORC1L1,141,CD38;IDH1;HSP90AA1;FASN;QPRT;GPC6;PPCDC;AKR1C3;PC;LRP10;PANK1;HSPG2;GCH1;SDC3;NMNAT1;LRP1;TCN2;APOE;PTS;SHMT1;GSTO2;RETSAT;PARP16;MMAB;NFS1;VKORC1L1;MTHFD2;NADK2;MTRR;MOCS2;LPL;RBP1;PDZD11;LDLRAP1;PANK4;CD320;PARP14;PARP9;PARP8;MTHFD2L;ACACB;MTHFR;SLC46A1;MCCC2;MTR;ABCD4;CYB5R3;CUBN;STARD7;AASDHPPT;NADK;MMACHC;PCCB;MCCC1;PANK3;LRP12;PANK2;GPC5;SHMT2;SDC2;COQ4;LRP8;BCO1;GPC2;MOCOS;ENPP3;PLB1;PDSS1;PPCS;ENPP1;MTHFD1;NNMT;ABCC1;AOX1;FPGS;RNLS;RDH11;PARP10;ACO1;ACACA;AKR1C1;SLC25A42;NAMPT;UBIAD1;COQ5;CALM1;HLCS;COQ2;ALDH1L1;PARP6;SLC25A16;PARP4;MTHFD1L;GPHN;MMADHC;PCCA;LRAT;SDC1;NUDT8;ALDH1L2;SLC2A1;NAPRT;ENPP2;SLC52A2;LDLR;GPC1;GPC4;GPIHBP1;TTPA;SLC19A1;COQ6;BCO2;SLC19A2;DHFR;COQ7;PDSS2;NUDT12;SLC23A2;COASY;SLC52A1;FLAD1;COQ9;SLC19A3;AGRN;GSTO1;NAXE;COQ8A;NAXD;COQ8B;DHFR2;RFK;LRP2;SLC2A3;PDXK;MTHFS;BTD;MOCS1;DCAKD;NADSYN1;SDC4;NT5E,38,IDH1;HSP90AA1;GPC6;PPCDC;AKR1C3;LRP10;SDC3;TCN2;PTS;PARP16;MMAB;VKORC1L1;MTHFD2;NADK2;MOCS2;LPL;PANK4;PARP14;PARP9;MTHFD2L;STARD7;AASDHPPT;GPC5;SDC2;LRP8;BCO1;ENPP1;MTHFD1;AOX1;CALM1;SLC2A1;ENPP2;NAXE;COQ8A;COQ8B;LRP2;MTHFS;NADSYN1,5,1
587,Other interleukin signaling,R3_recurrent_directional,4,Astro;Micro;OPC;Oligo,3,0,0,Micro,-1.0495886488347264,-0.9555064856901732,0.9396270831320552,0.6946021874128961,0.9396270831320552,1.0158061875199562,-0.1971861716673265,0.8397456945994878,0.9555064856901732,7,CD4;CSF1;CSF3R;SNAP25;STX1A;STX3;TXLNA,17,CASP3;CD4;CSF1;CSF1R;CSF3R;IL10RB;IL16;IL34;JAK1;PTPRZ1;SDC1;SNAP25;STX1A;STX3;STXBP2;TXLNA;TYK2,17,STX3;CD4;CSF1R;IL16;PTPRZ1;CASP3;TXLNA;CSF1;STX1A;IL34;SDC1;CSF3R;TYK2;IL10RB;JAK1;SNAP25;STXBP2,7,STX3;CD4;TXLNA;CSF1;STX1A;CSF3R;SNAP25,545,1
589,ERK/MAPK targets,R3_recurrent_directional,4,Astro;Micro;OPC;Oligo,3,0,0,Astro,0.8954718507619185,1.3550739387896775,0.850596046603842,0.5430524010382868,0.850596046603842,0.7725131344281935,0.264496773730169,0.8380817505415254,0.8954718507619185,8,DUSP7;MAPK3;MEF2A;MEF2C;PPP2R5D;RPS6KA1;RPS6KA2;RPS6KA3,19,DUSP3;DUSP4;DUSP6;DUSP7;ELK1;MAPK1;MAPK14;MAPK3;MEF2A;MEF2C;PPP2CB;PPP2R1A;PPP2R1B;PPP2R5D;RPS6KA1;RPS6KA2;RPS6KA3;RPS6KA5;VRK3,19,MEF2C;RPS6KA3;RPS6KA2;PPP2CB;MAPK1;DUSP7;DUSP6;MAPK3;RPS6KA1;RPS6KA5;MEF2A;ELK1;PPP2R5D;PPP2R1A;MAPK14;DUSP3;VRK3;PPP2R1B;DUSP4,8,MEF2C;RPS6KA3;RPS6KA2;DUSP7;MAPK3;RPS6KA1;MEF2A;PPP2R5D,836,1
593,Lysine catabolism,R3_recurrent_directional,4,Astro;Micro;OPC;Oligo,3,0,0,Astro,-1.7116782086993445,-1.6986460986170535,0.1033857694031401,0.0289776968464663,0.1033857694031401,-1.5816786713200657,-0.8357886705898208,0.8357886705898208,1.6986460986170535,8,AADAT;AASS;DHTKD1;GCDH;HYKK;PHYKPL;PIPOX;SLC25A21,12,AADAT;AASS;ALDH7A1;CRYM;DHTKD1;DLD;DLST;GCDH;HYKK;PHYKPL;PIPOX;SLC25A21,12,DLST;GCDH;PIPOX;AADAT;AASS;DHTKD1;CRYM;SLC25A21;PHYKPL;DLD;HYKK;ALDH7A1,8,GCDH;PIPOX;AADAT;AASS;DHTKD1;SLC25A21;PHYKPL;HYKK,180,1
594,Other semaphorin interactions,R3_recurrent_directional,4,Astro;Micro;OPC;Oligo,3,0,0,OPC,0.9832439639749596,0.9705498136985602,0.8956556197149731,0.808021599142121,0.8956556197149731,0.8326167112797369,0.8830544301539673,0.8326167112797369,0.9705498136985602,2,ITGA1;SEMA3E,14,ITGA1;ITGB1;PLXNA1;PLXNA2;PLXNA4;PLXNC1;PLXND1;PTPRC;SEMA3E;SEMA4A;SEMA4D;SEMA5A;SEMA6A;SEMA6D,14,ITGA1;SEMA3E;PLXNA4;PLXND1;PLXNC1;SEMA4A;PLXNA2;SEMA4D;ITGB1;SEMA6A;PLXNA1;SEMA6D;SEMA5A;PTPRC,2,ITGA1;SEMA3E,514,1
595,Maturation of nucleoprotein_9694631,R3_recurrent_directional,4,Astro;Micro;OPC;Oligo,3,0,0,Oligo,1.2596952458300592,1.090842480439668,0.6431923074014271,0.5499132698052577,0.6431923074014271,1.018516515825168,0.9006343174689164,0.8312324444187248,1.090842480439668,6,CSNK1A1;GSK3B;PARP16;PARP8;PARP9;SRPK1,12,CSNK1A1;GSK3A;GSK3B;PARP14;PARP16;PARP4;PARP6;PARP8;PARP9;SRPK1;SUMO1;UBE2I,12,PARP16;SRPK1;GSK3B;PARP14;PARP9;PARP8;UBE2I;CSNK1A1;PARP6;PARP4;SUMO1;GSK3A,6,PARP16;SRPK1;GSK3B;PARP9;PARP8;CSNK1A1,1418,1
599,Caspase activation via extrinsic apoptotic signalling pathway,R3_recurrent_directional,4,Astro;Micro;OPC;Oligo,3,0,0,Oligo,0.9985163125797522,1.249150424351886,0.8502611806217772,0.3728282704025152,0.8502611806217772,1.175157785599542,1.0316574114845205,0.82664547910594,0.9985163125797522,7,CFLAR;DCC;FAS;LY96;RIPK1;TRAF2;UNC5B,19,APPL1;CASP3;CASP8;CFLAR;DAPK1;DAPK3;DCC;FADD;FAS;LY96;MAGED1;RIPK1;TICAM1;TNFRSF10B;TNFSF10;TRADD;TRAF2;UNC5A;UNC5B,19,UNC5B;TNFSF10;FAS;TRAF2;CASP3;DCC;LY96;DAPK1;RIPK1;FADD;TICAM1;CFLAR;TRADD;CASP8;MAGED1;APPL1;DAPK3;UNC5A;TNFRSF10B,7,UNC5B;FAS;TRAF2;DCC;LY96;RIPK1;CFLAR,769,1
602,Defects in cobalamin (B12) metabolism,R3_recurrent_directional,4,Astro;Micro;OPC;Oligo,3,0,0,Oligo,-1.2738565941421034,-0.8175751681148372,0.8043205625954053,0.9467461681124894,0.9467461681124894,-1.0143511498886186,0.1079068623955027,0.8255876046435415,0.9538270652392818,4,MMAB;MMACHC;MTR;TCN2,9,ABCD4;CD320;CUBN;LMBRD1;MMAB;MMACHC;MTR;MTRR;TCN2,9,TCN2;MMAB;MTRR;CD320;MTR;ABCD4;CUBN;MMACHC;LMBRD1,4,TCN2;MMAB;MTR;MMACHC,815,1
604,Carnitine shuttle,R3_recurrent_directional,4,Astro;Micro;OPC;Oligo,3,0,0,Astro,-1.2660594697921177,-0.9859818565485904,0.5132133920451964,0.6278170404606244,0.6278170404606244,-1.218694205407283,-0.8224227128660002,0.8224227128660002,1.0229151725268837,4,ACACB;CPT1A;MID1IP1;SLC25A20,10,ACACA;ACACB;CPT1A;CPT2;MID1IP1;PRKAA2;PRKAB2;PRKAG2;SLC22A5;SLC25A20,10,CPT2;PRKAA2;CPT1A;ACACB;MID1IP1;PRKAB2;SLC22A5;SLC25A20;ACACA;PRKAG2,4,CPT1A;ACACB;MID1IP1;SLC25A20,1534,1
606,Transcriptional Regulation by NPAS4,R3_recurrent_directional,4,Astro;Micro;OPC;Oligo,3,0,0,Micro,0.901172602379961,1.0910632119556067,0.9793247233893112,0.5918216152000363,0.9793247233893112,0.8275305361884164,0.10357703018245,0.8188988107937892,0.901172602379961,8,ARNT2;BDNF;CDK5R1;CREBBP;KCNIP3;MAPK3;REST;XPO1,26,AGO1;AGO2;AGO3;ARNT;ARNT2;BDNF;CDK5R1;CREBBP;FOS;IQSEC3;KCNIP3;MAGED1;MAPK1;MAPK3;MDM2;MOV10;NAMPT;NR3C1;RBFOX3;REST;RET;SRF;TNRC6A;TNRC6B;TNRC6C;XPO1,26,ARNT;AGO1;MAPK1;NR3C1;CDK5R1;MAPK3;MOV10;MDM2;XPO1;AGO3;KCNIP3;FOS;REST;SRF;RBFOX3;MAGED1;NAMPT;TNRC6B;CREBBP;AGO2;TNRC6C;ARNT2;RET;IQSEC3;TNRC6A;BDNF,8,CDK5R1;MAPK3;XPO1;KCNIP3;REST;CREBBP;ARNT2;BDNF,692,1
609,Surfactant metabolism,R3_recurrent_directional,3,Astro;Micro;Oligo,3,0,0,Oligo,1.451232293750401,0.8630711317542525,0.5902272271780192,0.8433147861430146,0.8433147861430146,1.2993938910824727,0.8630711317542525,0.8165925816595104,0.8630711317542525,4,ABCA3;CCDC59;NAPSA;ZDHHC2,8,ABCA3;ADORA2B;ADRA2C;CCDC59;CTSH;LMCD1;NAPSA;ZDHHC2,8,CCDC59;ZDHHC2;ABCA3;NAPSA;CTSH;LMCD1;ADRA2C;ADORA2B,4,CCDC59;ZDHHC2;ABCA3;NAPSA,3034,1
613,Downregulation of SMAD2/3:SMAD4 transcriptional activity,R3_recurrent_directional,4,Astro;Micro;OPC;Oligo,3,0,0,Oligo,1.3888792727349857,0.9583639963562822,0.5871103134975653,0.7198890041735656,0.7198890041735656,1.0098805884988615,0.9244497433698972,0.8152714613398865,0.9583639963562822,9,NEDD4L;SKI;SMAD2;SMAD3;SMAD7;TGIF1;UBE2D1;USP9X;WWTR1,27,HDAC1;MAPK1;MAPK3;NCOR1;NCOR2;NEDD4L;PARP1;PPM1A;RNF111;RPS27A;SERPINE1;SKI;SKIL;SMAD2;SMAD3;SMAD4;SMAD7;SMURF2;STAT1;TGIF1;UBA52;UBB;UBC;UBE2D1;UBE2D3;USP9X;WWTR1,27,WWTR1;STAT1;TGIF1;NEDD4L;SMAD2;MAPK1;SMAD3;UBA52;RPS27A;UBE2D1;SMAD7;MAPK3;SKI;USP9X;UBE2D3;UBC;HDAC1;RNF111;NCOR1;SMURF2;UBB;SMAD4;SKIL;PARP1;NCOR2;PPM1A;SERPINE1,9,WWTR1;TGIF1;NEDD4L;SMAD2;SMAD3;UBE2D1;SMAD7;SKI;USP9X,1128,1
614,Activation of RAC1,R3_recurrent_directional,4,Astro;Micro;OPC;Oligo,3,0,0,Astro,1.947062264644466,0.9131025802015292,0.044747787498629,0.8796121506949659,0.8796121506949659,0.9682734208842818,0.7658065232138817,0.8135177272164,0.9131025802015292,3,NCK2;ROBO1;SOS1,11,NCK1;NCK2;PAK1;PAK2;PAK3;PAK4;PAK5;ROBO1;SLIT2;SOS1;SOS2,11,NCK1;SOS1;ROBO1;PAK2;NCK2;PAK1;PAK4;SLIT2;PAK3;PAK5;SOS2,3,SOS1;ROBO1;NCK2,121,1
618,Metalloprotease DUBs,R3_recurrent_directional,4,Astro;Micro;OPC;Oligo,3,0,0,OPC,0.821287786111063,1.1701173693588256,0.92469374768017,0.578657913073214,0.92469374768017,0.8956014453899315,0.0741958971677486,0.8055348209287132,0.8627457417805178,5,BABAM2;BARD1;EP300;STAMBPL1;UIMC1,16,ABRAXAS1;ABRAXAS2;BABAM2;BARD1;BRCA1;EP300;KAT2B;MYSM1;NLRP3;PSMD14;STAM;STAMBP;STAMBPL1;UBB;UBC;UIMC1,16,BARD1;STAMBPL1;EP300;PSMD14;UBC;BRCA1;UIMC1;KAT2B;STAMBP;NLRP3;UBB;STAM;MYSM1;ABRAXAS2;ABRAXAS1;BABAM2,5,BARD1;STAMBPL1;EP300;UIMC1;BABAM2,3037,1
622,Downregulation of ERBB2:ERBB3 signaling,R3_recurrent_directional,4,Astro;Micro;OPC;Oligo,3,0,0,OPC,-1.244622541064959,-1.169662021859294,0.4424672031701175,0.5927059582017455,0.5927059582017455,-0.1132186621538754,-1.0002290605919557,0.8005875128165438,1.169662021859294,6,ERBB2;ERBB3;NRG1;NRG2;RNF41;UBA52,12,AKT2;AKT3;ERBB2;ERBB3;NRG1;NRG2;RNF41;RPS27A;UBA52;UBB;UBC;USP8,12,USP8;RNF41;ERBB2;ERBB3;UBA52;RPS27A;UBC;NRG2;NRG1;UBB;AKT3;AKT2,6,RNF41;ERBB2;ERBB3;UBA52;NRG2;NRG1,261,1
626,CRMPs in Sema3A signaling,R3_recurrent_directional,4,Astro;Micro;OPC;Oligo,3,0,0,Micro,1.3207135035352144,1.003865401303805,0.6179357762146561,0.7055001780730574,0.7055001780730574,0.3244425683323755,-1.0218097575904823,0.7919745637745487,1.121952065696746,7,CDK5;CDK5R1;CRMP1;DPYSL3;FYN;NRP1;PLXNA1,16,CDK5;CDK5R1;CRMP1;DPYSL2;DPYSL3;DPYSL4;DPYSL5;FES;FYN;GSK3B;NRP1;PLXNA1;PLXNA2;PLXNA3;PLXNA4;SEMA3A,16,CDK5;PLXNA4;NRP1;DPYSL4;GSK3B;PLXNA3;CDK5R1;PLXNA2;CRMP1;SEMA3A;DPYSL3;PLXNA1;DPYSL2;FYN;FES;DPYSL5,7,CDK5;NRP1;CDK5R1;CRMP1;DPYSL3;PLXNA1;FYN,182,1
630,Chromosome Maintenance,R3_recurrent_directional,4,Astro;Micro;OPC;Oligo,3,0,0,OPC,0.9238740976065618,0.981001448755391,0.8844398536766744,0.7983968878335094,0.8844398536766744,0.7801433986393671,0.0465621715271888,0.7835293825656221,0.9238740976065618,24,ANKRD28;CCNA2;CENPK;CENPL;CENPN;CTC1;DAXX;ITGB3BP;PCNA;PIF1;POLD1;POLD3;POLR2C;POLR2G;POT1;PPP6R3;PRIM1;PRIM2;RFC3;RFC4;RFC5;RPA1;RUVBL1;TERF2IP,77,ACD;ANKRD28;BLM;CCNA2;CENPA;CENPC;CENPH;CENPI;CENPK;CENPL;CENPN;CENPO;CENPP;CENPT;CENPU;CENPX;CHTF18;CHTF8;CTC1;DAXX;DKC1;DNA2;DSCC1;GAR1;ITGB3BP;KNL1;LIG1;MIS18A;MIS18BP1;NHP2;NOP10;NPM1;OIP5;PCNA;PIF1;POLA1;POLD1;POLD3;POLD4;POLR2A;POLR2B;POLR2C;POLR2D;POLR2E;POLR2F;POLR2G;POLR2H;POLR2I;POLR2J;POLR2K;POLR2L;POT1;PPP6C;PPP6R3;PRIM1;PRIM2;RBBP4;RBBP7;RFC1;RFC2;RFC3;RFC4;RFC5;RPA1;RPA3;RSF1;RUVBL1;RUVBL2;SHQ1;SMARCA5;STN1;TERF1;TERF2;TERF2IP;TINF2;WRAP53;WRN,77,POLR2C;POLR2F;CCNA2;PRIM1;TERF2IP;POLR2H;DNA2;PPP6R3;POLR2B;ACD;PIF1;DSCC1;CENPL;CENPI;NHP2;POLR2G;RUVBL2;OIP5;ITGB3BP;POLD3;RPA1;POLR2A;CENPA;POLR2L;POLR2J;LIG1;RUVBL1;RSF1;POLR2D;CENPC;TERF2;RBBP4;POLD4;RFC4;RFC3;CENPO;CENPT;ANKRD28;SHQ1;PRIM2;CHTF18;RFC1;DKC1;GAR1;TINF2;DAXX;WRN;CHTF8;TERF1;POLA1;CENPU;RPA3;CENPK;POLR2E;MIS18BP1;POLR2K;MIS18A;CTC1;PCNA;CENPN;CENPH;POLR2I;RBBP7;RFC2;POLD1;NOP10;BLM;CENPP;SMARCA5;POT1;CENPX;KNL1;STN1;RFC5;NPM1;WRAP53;PPP6C,24,POLR2C;CCNA2;PRIM1;TERF2IP;PPP6R3;PIF1;CENPL;POLR2G;ITGB3BP;POLD3;RPA1;RUVBL1;RFC4;RFC3;ANKRD28;PRIM2;DAXX;CENPK;CTC1;PCNA;CENPN;POLD1;POT1;RFC5,144,3
635,Keratan sulfate/keratin metabolism,R3_recurrent_directional,4,Astro;Micro;OPC;Oligo,3,0,0,OPC,-0.8694151062712889,-1.3598311799515823,0.8530647266971342,0.3711008610160988,0.8530647266971342,-0.8519807362208628,-0.8009545551179953,0.7778263905317857,0.8694151062712889,9,B3GNT2;B4GALT2;B4GALT4;B4GALT6;B4GAT1;GALNS;GLB1;GLB1L2;ST3GAL3,26,B3GNT2;B3GNT7;B4GALT1;B4GALT2;B4GALT3;B4GALT4;B4GALT5;B4GALT6;B4GAT1;CHST1;CHST2;CHST3;CHST6;GALNS;GLB1;GLB1L;GLB1L2;GNS;HEXB;OGN;PRELP;SLC35D2;ST3GAL1;ST3GAL2;ST3GAL3;ST3GAL4,26,B4GALT3;HEXB;CHST2;B3GNT2;B4GALT2;B4GALT1;ST3GAL2;ST3GAL4;GALNS;ST3GAL1;ST3GAL3;CHST6;GLB1;B4GALT4;CHST1;GLB1L;B4GALT6;B4GAT1;CHST3;GLB1L2;PRELP;SLC35D2;GNS;B4GALT5;B3GNT7;OGN,9,B3GNT2;B4GALT2;GALNS;ST3GAL3;GLB1;B4GALT4;B4GALT6;B4GAT1;GLB1L2,531,1
636,"Transport of vitamins, nucleosides, and related molecules",R3_recurrent_directional,4,Astro;Micro;OPC;Oligo,3,0,0,Astro,-0.7788885434866752,-1.251390033705691,0.9470708010576092,0.2850018952468048,0.9470708010576092,-0.8370340423343843,-0.8757323518217176,0.7747267859761502,0.8951795411820934,12,APOD;LCN12;PDZD11;SLC25A4;SLC25A5;SLC27A1;SLC27A4;SLC29A3;SLC35A2;SLC35B4;SLC35D2;SLC5A6,22,APOD;ARL2BP;LCN12;PDZD11;SLC25A4;SLC25A5;SLC27A1;SLC27A4;SLC27A6;SLC28A2;SLC29A1;SLC29A2;SLC29A3;SLC29A4;SLC35A1;SLC35A2;SLC35B2;SLC35B3;SLC35B4;SLC35C1;SLC35D2;SLC5A6,22,PDZD11;SLC35A2;SLC5A6;SLC25A5;SLC29A3;SLC27A4;SLC27A6;APOD;SLC35B3;SLC35B4;SLC35B2;SLC35A1;LCN12;SLC25A4;SLC29A4;SLC29A2;SLC28A2;SLC35D2;SLC27A1;SLC35C1;ARL2BP;SLC29A1,12,PDZD11;SLC35A2;SLC5A6;SLC25A5;SLC29A3;SLC27A4;APOD;SLC35B4;LCN12;SLC25A4;SLC35D2;SLC27A1,2757,1
637,Signaling by Retinoic Acid,R3_recurrent_directional,4,Astro;Micro;OPC;Oligo,3,0,0,Astro,-1.1019398347349147,-1.1521691971371355,0.7170080497579983,0.400034355095604,0.7170080497579983,-0.1755319288885418,-0.8255668456242047,0.7742735565280258,1.1019398347349147,16,AKR1C3;ALDH1A1;ALDH1A2;ALDH1A3;DHRS3;DHRS4;DLAT;DLD;PDHA1;PDK3;PDK4;PPARD;RARA;RARG;RDH13;RXRB,31,AKR1C3;ALDH1A1;ALDH1A2;ALDH1A3;ALDH8A1;CYP26B1;DHRS3;DHRS4;DHRS9;DLAT;DLD;FABP5;PDHA1;PDHB;PDHX;PDK1;PDK2;PDK3;PDK4;PPARD;RARA;RARB;RARG;RDH10;RDH11;RDH13;RDH14;RDH16;RXRA;RXRB;RXRG,31,PDHX;AKR1C3;PDK2;RXRB;RXRA;PDK4;RDH10;RARG;RARA;DHRS4;DLAT;PDHA1;ALDH1A1;ALDH1A3;ALDH1A2;ALDH8A1;RARB;DHRS3;PDK3;PDK1;DLD;RDH11;RDH14;CYP26B1;PDHB;FABP5;PPARD;RDH13;RDH16;DHRS9;RXRG,16,AKR1C3;RXRB;PDK4;RARG;RARA;DHRS4;DLAT;PDHA1;ALDH1A1;ALDH1A3;ALDH1A2;DHRS3;PDK3;DLD;PPARD;RDH13,375,1
638,"Inactivation, recovery and regulation of the phototransduction cascade",R3_recurrent_directional,4,Astro;Micro;OPC;Oligo,3,0,0,OPC,-0.7699931723380339,-0.8268914501479762,0.9360136477390296,0.9041772249004248,0.9360136477390296,-0.7899397730661756,-0.0647767335482443,0.7726552666592513,0.8098863737943173,13,CALM1;CAMKMT;GNB1;GNB5;GRK4;METAP1;NMT1;NMT2;PDE6A;PDE6B;PPEF1;PRKCQ;RGS9,21,CALM1;CAMKMT;CNGA1;CNGB1;FNTA;FNTB;GNB1;GNB5;GNGT1;GRK4;GUCA1B;METAP1;METAP2;NMT1;NMT2;PDE6A;PDE6B;PPEF1;PRKCA;PRKCQ;RGS9,21,PRKCA;NMT2;CAMKMT;PRKCQ;FNTB;METAP2;GNB1;RGS9;GRK4;GUCA1B;METAP1;FNTA;CALM1;PDE6B;PDE6A;PPEF1;GNB5;NMT1;GNGT1;CNGB1;CNGA1,13,NMT2;CAMKMT;PRKCQ;GNB1;RGS9;GRK4;METAP1;CALM1;PDE6B;PDE6A;PPEF1;GNB5;NMT1,295,2
639,Disorders of Developmental Biology,R3_recurrent_directional,4,Astro;Micro;OPC;Oligo,3,0,0,Oligo,0.9004845362751124,1.4384259400462,0.9283979777238404,0.2172837227670739,0.9283979777238404,0.0121778203710173,-0.7725593944339362,0.7725593944339362,0.9004845362751124,4,ASH2L;BDNF;HDAC3;PRKACA,17,ASH2L;BDNF;CALM1;CAMK4;DPY30;GPS2;HDAC1;HDAC3;KMT2D;MECP2;NCOR1;NCOR2;PRKACA;RBBP5;SIN3A;TBL1XR1;WDR5,17,MECP2;CAMK4;WDR5;KMT2D;RBBP5;PRKACA;SIN3A;ASH2L;HDAC3;TBL1XR1;HDAC1;CALM1;NCOR1;DPY30;GPS2;NCOR2;BDNF,4,PRKACA;ASH2L;HDAC3;BDNF,275,1
642,Beta-catenin phosphorylation cascade,R3_recurrent_directional,4,Astro;Micro;OPC;Oligo,3,0,0,OPC,-0.9295647793635718,-1.1688068194599603,0.7837259115523254,0.5912391312533775,0.7837259115523254,0.8596749983224925,0.0679166749526076,0.77088396435703,0.9295647793635718,8,APC;CTNNB1;FRAT1;GSK3B;PPP2R1A;PPP2R5A;PPP2R5B;PPP2R5D,13,AMER1;APC;AXIN1;CTNNB1;FRAT1;FRAT2;GSK3B;PPP2CB;PPP2R1A;PPP2R1B;PPP2R5A;PPP2R5B;PPP2R5D,13,CTNNB1;APC;PPP2CB;GSK3B;FRAT1;PPP2R5D;PPP2R5B;PPP2R1A;PPP2R5A;PPP2R1B;FRAT2;AMER1;AXIN1,8,CTNNB1;APC;GSK3B;FRAT1;PPP2R5D;PPP2R5B;PPP2R1A;PPP2R5A,311,2
644,Regulation of pyruvate metabolism,R3_recurrent_directional,4,Astro;Micro;OPC;Oligo,3,0,0,OPC,-0.8970650089238938,-0.8956108857094803,0.8215013774325597,0.8451029002204684,0.8451029002204684,0.1965552001467567,-0.8415588836800494,0.7685296672527973,0.8956108857094803,14,ARMC8;DLD;GID4;GSTZ1;LDHA;MKLN1;PDK3;PDK4;PDP2;PKM;RANBP9;RMND5A;RMND5B;UBA52,31,ARMC8;DLAT;DLD;GID4;GID8;GSTZ1;LDHA;MAEA;ME1;MKLN1;PDHA1;PDHB;PDHX;PDK1;PDK2;PDK3;PDK4;PDP1;PDP2;PDPR;PGAM5;PKM;RANBP9;RMND5A;RMND5B;RPS27A;SIRT4;UBA52;UBB;UBC;WDR26,31,GSTZ1;PKM;GID8;PDHX;PDK2;MAEA;SIRT4;RMND5B;MKLN1;RMND5A;ARMC8;WDR26;PDK4;PDP2;UBA52;RPS27A;GID4;DLAT;PDHA1;PDPR;UBC;PDP1;PDK3;PDK1;DLD;RANBP9;LDHA;UBB;PGAM5;PDHB;ME1,14,GSTZ1;PKM;RMND5B;MKLN1;RMND5A;ARMC8;PDK4;PDP2;UBA52;GID4;PDK3;DLD;RANBP9;LDHA,68,1
651,Olfactory Signaling Pathway,R3_recurrent_directional,4,Astro;Micro;OPC;Oligo,3,0,0,OPC,-1.5250672992000356,-1.9023919817502752,0.2257347330854576,0.0325659156469675,0.2257347330854576,-0.6920519904061782,-1.7581565266184205,0.7557312939457141,1.5250672992000356,6,ADCY3;GNAL;LDB1;OR2M3;OR2T12;REEP1,19,ADCY3;ANO2;CNGA4;CNGB1;EBF1;GNAL;GNB1;LDB1;OR1L8;OR2L13;OR2L2;OR2L3;OR2L5;OR2M3;OR2M4;OR2T12;OR3A2;OR52K1;REEP1,19,REEP1;ADCY3;GNAL;GNB1;ANO2;LDB1;OR3A2;OR2M3;OR2M4;CNGA4;OR2L13;EBF1;OR2L2;OR2L5;OR2T12;OR2L3;OR52K1;CNGB1;OR1L8,6,REEP1;ADCY3;GNAL;LDB1;OR2M3;OR2T12,2859,1
652,Regulation of FZD by ubiquitination,R3_recurrent_directional,4,Astro;Micro;OPC;Oligo,3,0,0,OPC,-1.0868061793868418,-1.5553372491703914,0.6096849081585988,0.2141463303396674,0.6096849081585988,-0.7551210318308603,-0.2109827473779524,0.7551210318308603,1.0868061793868418,8,FZD6;LGR4;LGR5;LGR6;RPS27A;RSPO2;RSPO4;UBA52,17,FZD4;FZD5;FZD6;FZD8;LGR4;LGR5;LGR6;LRP5;LRP6;RPS27A;RSPO2;RSPO4;UBA52;UBB;UBC;USP8;ZNRF3,17,USP8;FZD5;FZD8;LGR5;RSPO4;FZD6;UBA52;RPS27A;LRP6;UBC;LGR4;RSPO2;UBB;ZNRF3;FZD4;LRP5;LGR6,8,LGR5;RSPO4;FZD6;UBA52;RPS27A;LGR4;RSPO2;LGR6,261,1
653,"PTK6 Regulates RHO GTPases, RAS GTPase and MAP kinases",R3_recurrent_directional,4,Astro;Micro;OPC;Oligo,3,0,0,Astro,1.4355690700001396,1.1369375726562294,0.2387451099645956,0.6714193718981929,0.6714193718981929,0.7020717409413093,1.07100439365053,0.7536192746650117,1.1369375726562294,4,ARHGAP35;CRK;ELMO1;RASA1,13,ARHGAP35;BCAR1;CRK;DOCK1;ELMO1;ELMO2;HRAS;KRAS;NRAS;PTK6;RAC1;RASA1;RHOA,13,ELMO1;HRAS;CRK;BCAR1;RASA1;ELMO2;DOCK1;RHOA;ARHGAP35;RAC1;NRAS;KRAS;PTK6,4,ELMO1;CRK;RASA1;ARHGAP35,1018,1
656,RNA Polymerase III Abortive And Retractive Initiation,R3_recurrent_directional,4,Astro;Micro;OPC;Oligo,3,0,0,Oligo,0.8675552767029128,0.7924164061157117,0.9468541606220106,0.9189772317376,0.9468541606220106,0.777005948335938,0.8059090337678667,0.7394365130423375,0.8801874022468109,8,CRCP;GTF3C3;NFIB;NFIX;POLR1D;POLR3D;SNAPC5;ZNF143,33,BRF2;CRCP;GTF3A;GTF3C2;GTF3C3;GTF3C4;GTF3C5;GTF3C6;NFIA;NFIB;NFIC;NFIX;POLR1C;POLR1D;POLR2E;POLR2F;POLR2H;POLR2K;POLR2L;POLR3A;POLR3B;POLR3C;POLR3D;POLR3G;POLR3GL;POLR3H;POLR3K;SNAPC2;SNAPC3;SNAPC4;SNAPC5;SSB;ZNF143,33,POLR2F;NFIA;GTF3C3;POLR1D;POLR2H;POLR3B;GTF3A;POLR3K;NFIB;POLR3GL;POLR3H;POLR2L;GTF3C4;ZNF143;POLR3G;GTF3C2;SSB;POLR1C;POLR3C;SNAPC2;GTF3C6;POLR2E;NFIX;POLR2K;POLR3D;POLR3A;NFIC;CRCP;SNAPC3;SNAPC4;SNAPC5;BRF2;GTF3C5,8,GTF3C3;POLR1D;NFIB;ZNF143;NFIX;POLR3D;CRCP;SNAPC5,424,2
660,Formation of the dystrophin-glycoprotein complex (DGC),R3_recurrent_directional,4,Astro;Micro;OPC;Oligo,3,0,0,Micro,1.1960273463327606,1.5371559981346654,0.7852851822373741,0.136511189411831,0.7852851822373741,0.9915597526328814,0.8086962126593927,0.7374904954308932,1.1960273463327606,12,DTNA;HSPG2;LAMA3;LAMA5;LAMB1;LAMB2;SGCB;SGCD;SGCE;SGCZ;SNTB2;SNTG2,29,ACTA2;ACTB;ACTG1;AGRN;DAG1;DMD;DRP2;DTNA;HSPG2;LAMA1;LAMA2;LAMA3;LAMA4;LAMA5;LAMB1;LAMB2;LAMC1;LAMC3;SGCA;SGCB;SGCD;SGCE;SGCG;SGCZ;SNTA1;SNTB1;SNTB2;SNTG2;UTRN,29,HSPG2;LAMB1;UTRN;DAG1;SGCZ;SGCD;SNTB2;DTNA;LAMA3;LAMA4;LAMA5;LAMC3;SGCB;ACTG1;ACTA2;SGCE;DMD;ACTB;LAMB2;LAMA1;SNTB1;SNTA1;LAMC1;SNTG2;AGRN;LAMA2;SGCG;SGCA;DRP2,12,HSPG2;LAMB1;SGCZ;SGCD;SNTB2;DTNA;LAMA3;LAMA5;SGCB;SGCE;LAMB2;SNTG2,658,1
661,DCC mediated attractive signaling,R3_recurrent_directional,4,Astro;Micro;OPC;Oligo,3,0,0,Micro,1.1540376391000615,1.322773364692734,0.7891384101548198,0.3187511314057068,0.7891384101548198,0.9643862313755568,0.707819231357596,0.7331104260997039,1.1540376391000615,6,ABLIM2;DCC;DOCK1;FYN;TRIO;WASL,12,ABLIM1;ABLIM2;ABLIM3;DCC;DOCK1;FYN;NCK1;NTN1;PTK2;RAC1;TRIO;WASL,12,NCK1;PTK2;NTN1;DCC;ABLIM2;DOCK1;ABLIM1;WASL;TRIO;RAC1;FYN;ABLIM3,6,DCC;ABLIM2;DOCK1;WASL;TRIO;FYN,121,1
668,STING mediated induction of host immune responses,R3_recurrent_directional,4,Astro;Micro;OPC;Oligo,3,0,0,Oligo,-1.5308957194174984,-0.8310701913098952,0.6063159624054045,0.9373574857263308,0.9373574857263308,-0.7127093438264867,-0.9730043492085976,0.7169424762613328,0.8310701913098952,7,CGAS;DDX41;DTX4;IRF3;NLRP4;XRCC5;XRCC6,12,CGAS;DDX41;DTX4;IFI16;IRF3;MRE11;NLRP4;STAT6;TBK1;TRIM21;XRCC5;XRCC6,12,TBK1;IRF3;XRCC5;DDX41;DTX4;STAT6;XRCC6;TRIM21;IFI16;CGAS;MRE11;NLRP4,7,IRF3;XRCC5;DDX41;DTX4;XRCC6;CGAS;NLRP4,960,1
672,tRNA modification in the mitochondrion,R3_recurrent_directional,4,Astro;Micro;OPC;Oligo,3,0,0,Astro,-1.294964727237817,-0.7855366128192958,0.5169179871659736,0.8995414021905284,0.8995414021905284,-1.1205637697692383,-0.895310173061657,0.7008595587265578,1.082439113536685,7,GTPBP3;HSD17B10;PUS1;TRIT1;TRMT10C;TRMT61B;TRMU,10,GTPBP3;HSD17B10;MTO1;OSGEPL1;PUS1;TRIT1;TRMT10C;TRMT61B;TRMU;YRDC,10,HSD17B10;TRMU;TRMT10C;GTPBP3;YRDC;PUS1;MTO1;TRMT61B;OSGEPL1;TRIT1,7,HSD17B10;TRMU;TRMT10C;GTPBP3;PUS1;TRMT61B;TRIT1,28,1
674,Abortive elongation of HIV-1 transcript in the absence of Tat,R3_recurrent_directional,4,Astro;Micro;OPC;Oligo,3,0,0,Astro,-1.4256092964266325,-1.6945801943889336,0.3770877218680577,0.029586911071205,0.3770877218680577,-1.077659595099716,-1.0034248947089757,0.6988653823802544,1.4256092964266325,7,GTF2F1;POLR2A;POLR2F;POLR2G;POLR2H;POLR2L;SUPT5H,19,CTDP1;GTF2F1;NCBP1;NCBP2;NELFB;NELFE;POLR2A;POLR2B;POLR2C;POLR2D;POLR2E;POLR2F;POLR2G;POLR2H;POLR2I;POLR2J;POLR2K;POLR2L;SUPT5H,19,POLR2C;POLR2F;NCBP2;NCBP1;POLR2H;GTF2F1;NELFE;POLR2B;POLR2G;POLR2A;POLR2L;POLR2J;POLR2D;NELFB;SUPT5H;CTDP1;POLR2E;POLR2K;POLR2I,7,POLR2F;POLR2H;GTF2F1;POLR2G;POLR2A;POLR2L;SUPT5H,144,8
686,RAS processing,R3_recurrent_directional,4,Astro;Micro;OPC;Oligo,3,0,0,OPC,-1.006221439643585,-1.2609123603301935,0.6877000318142187,0.4865158349491168,0.6877000318142187,-0.6783816588719509,-1.1954869145153917,0.6467131644919193,1.006221439643585,10,ABHD17A;ABHD17C;CALM1;FNTA;HRAS;PRKCQ;RPS27A;UBA52;UBB;ZDHHC9,19,ABHD17A;ABHD17B;ABHD17C;BCL2L1;CALM1;FNTA;GOLGA7;HRAS;ICMT;KRAS;LYPLA1;PDE6D;PRKCQ;RCE1;RPS27A;UBA52;UBB;UBC;ZDHHC9,19,PDE6D;HRAS;ABHD17C;UBA52;RPS27A;RCE1;PRKCQ;GOLGA7;ABHD17A;UBC;ZDHHC9;FNTA;ABHD17B;CALM1;LYPLA1;UBB;ICMT;BCL2L1;KRAS,10,HRAS;ABHD17C;UBA52;RPS27A;PRKCQ;ABHD17A;ZDHHC9;FNTA;CALM1;UBB,292,1
687,Diseases of branched-chain amino acid catabolism,R3_recurrent_directional,4,Astro;Micro;OPC;Oligo,3,0,0,OPC,-1.113647974375013,-1.0227110660346652,0.5767557885815704,0.7605376111616073,0.7605376111616073,-1.1135852416247911,-0.7586968062615171,0.6368242251711815,1.0227110660346652,5,BCKDK;ECHS1;MCCC1;MCCC2;PPM1K,12,ACAT1;AUH;BCKDHB;BCKDK;DBT;DLD;ECHS1;HIBCH;IVD;MCCC1;MCCC2;PPM1K,12,IVD;ECHS1;ACAT1;HIBCH;BCKDK;BCKDHB;MCCC2;AUH;MCCC1;DLD;PPM1K;DBT,5,ECHS1;BCKDK;MCCC2;MCCC1;PPM1K,60,1
693,Signaling by cytosolic FGFR1 fusion mutants,R3_recurrent_directional,4,Astro;Micro;OPC;Oligo,3,0,0,Astro,0.8645881199530759,1.1007820968562625,0.8729519214174424,0.6894271008678412,0.8729519214174424,1.1058150945945115,0.0045465467804921,0.5843182648383421,0.8645881199530759,4,CPSF6;FGFR1OP2;PIK3CA;STAT5B,16,BCR;CNTRL;CPSF6;CUX1;FGFR1OP2;GAB2;GRB2;LRRFIP1;PIK3CA;PIK3R1;STAT1;STAT3;STAT5A;STAT5B;TRIM24;ZMYM2,16,PIK3R1;STAT3;STAT1;PIK3CA;LRRFIP1;FGFR1OP2;ZMYM2;TRIM24;GRB2;GAB2;STAT5B;BCR;STAT5A;CPSF6;CUX1;CNTRL,4,PIK3CA;FGFR1OP2;STAT5B;CPSF6,279,1
